Date,Close,RSI_40d,short_40_long_80_term_diff,max_drawdown_40d,sharpe_like_40d,volatility_40d,VIX_rolling_mean_30d,VIX_rolling_std_30d,nifty_vix_ratio,macro_regime
2019-06-24,11733.414285714287,58.85441676951185,0.01704169427222298,-0.03884330818255077,1.0957154791564583,0.004058172340390396,18.45266666666667,5.451970299229255,635.8655091792127,Neutral_LowVol
2019-06-25,11729.578571428572,58.66008933259781,0.01605278177826483,-0.03884330818255077,1.0196548329184185,0.004058731711538041,18.04025,5.216032411362022,650.1893583197889,Neutral_LowVol
2019-06-26,11754.635714285714,59.554840546163675,0.015065628197256634,-0.03884330818255077,1.3495781640885178,0.004070084687991629,17.6275,4.955139051251863,666.835099378001,Neutral_LowVol
2019-06-27,11776.07142857143,60.30859693878367,0.014134965643484926,-0.03884330818255077,1.914692120103971,0.0040773198132231184,17.160416666666666,4.520978260561661,686.2345861010424,Neutral_LowVol
2019-06-28,11789.985714285713,60.7950309279576,0.013245914193648766,-0.03884330818255077,2.290575074122504,0.004079215101302033,16.713166666666666,4.0084275408911445,705.4309903939437,Neutral_LowVol
2019-07-01,11794.82142857143,60.96554908740783,0.01235281553959705,-0.03884330818255077,2.0382078304962414,0.004074693258015719,16.264083333333335,3.4001553262779107,725.2066524030821,Neutral_LowVol
2019-07-02,11821.42142857143,61.900450361860315,0.011511194826773496,-0.03884330818255077,2.5208576722387517,0.00408745208218099,15.949916666666667,3.115281888178993,741.1588208029151,Neutral_LowVol
2019-07-03,11852.435714285713,62.96128839011688,0.010792826871598635,-0.03884330818255077,3.875202283087121,0.0040733885634545615,15.551333333333334,2.543571488977702,762.1491649774325,Neutral_LowVol
2019-07-04,11873.907142857144,63.67937542732625,0.010214718568174241,-0.03884330818255077,5.24889873360941,0.004030440191418137,15.08125,1.1615205829666664,787.3291101770174,Neutral_LowVol
2019-07-05,11868.707142857142,63.374184661404065,0.009810224194623171,-0.03884330818255077,6.754267338204194,0.003911414282482375,14.869916666666667,0.8935664408400035,798.169042161667,Neutral_LowVol
2019-07-08,11828.285714285714,61.04178216849864,0.00953398213789747,-0.03884330818255077,7.547318837127443,0.003827563526383325,14.782749999999998,0.8592356642529534,800.1410910883101,Neutral_LowVol
2019-07-09,11795.007142857143,59.20196102525886,0.009429210590379215,-0.03884330818255077,9.135463482439532,0.0036557371037997475,14.699333333333332,0.8391449191899941,802.4178291208543,Neutral_LowVol
2019-07-10,11742.621428571427,56.45474729791704,0.009473842642518932,-0.03884330818255077,9.815091284353194,0.003582066402682107,14.623083333333334,0.8280223331501944,803.0195247403199,Neutral_LowVol
2019-07-11,11695.85,54.15358770815461,0.009681139482980331,-0.03884330818255077,10.460324603582178,0.003517724704842906,14.491833333333334,0.8472640891609352,807.0648986210624,Neutral_LowVol
2019-07-12,11643.814285714287,51.74675628862671,0.00997973077243686,-0.03826093326496238,9.913971378944085,0.0035647639276483044,14.371416666666667,0.935031504939804,810.2064365527142,Neutral_LowVol
2019-07-15,11592.614285714286,49.525438999754,0.01026417035969507,-0.031833443215393276,8.239519346795499,0.0036609168220747513,14.2365,0.9730970820193655,814.2882229279869,Neutral_LowVol
2019-07-16,11571.392857142857,48.63787014590969,0.010423739229837166,-0.03218589257230253,6.037650674206645,0.003553007045544785,14.089583333333334,1.0335805866129266,821.2728924188335,Neutral_LowVol
2019-07-17,11589.807142857142,49.444213911695996,0.01053401535273696,-0.03218589257230253,5.0618891572446705,0.003468469327588262,13.962,1.0726868457129792,830.0964863814025,Neutral_LowVol
2019-07-18,11595.664285714285,49.701819810548386,0.010547841842446368,-0.03218589257230253,3.2304850452494325,0.0032801748625335024,13.836166666666665,1.1039741558486607,838.0691390231606,Neutral_LowVol
2019-07-19,11584.285714285714,49.20228299677208,0.010472033713137029,-0.03218589257230253,1.3113714021690401,0.003177116943877029,13.758083333333333,1.1120570957444418,841.9985134280366,Neutral_LowVol
2019-07-22,11550.471428571427,47.73982339295148,0.010176549181009357,-0.03393572977590864,-2.4830154293623496,0.0029045330569017584,13.692583333333333,1.0956574713569909,843.5567743051721,Neutral_LowVol
2019-07-23,11518.835714285713,46.415973043383296,0.009647502716948638,-0.036581693918882774,-6.931683720898687,0.002594137222121233,13.657166666666665,1.0861234318416901,843.4279228941372,Bearish_VeryLowVol
2019-07-24,11473.542857142858,44.59987542373826,0.008933934965214376,-0.040369921200571035,-11.647823695819852,0.002405402396750963,13.611749999999999,1.0944491903110833,842.914603716852,Bearish_VeryLowVol
2019-07-25,11414.907142857142,42.39726611759685,0.008150934413397695,-0.045274125230752804,-13.366638469527507,0.0024964633417583247,13.577583333333335,1.1087962335992367,840.717148451097,Bearish_VeryLowVol
2019-07-26,11357.307142857142,40.38767225713928,0.007251024923670592,-0.050091703656795494,-16.343042267386142,0.0025083574093475434,13.518833333333333,1.1377141203045735,840.1100052660221,Bearish_VeryLowVol
2019-07-29,11299.064285714285,38.4953533658071,0.006253167310869196,-0.054963049699200184,-18.97229992668028,0.0025318734628155108,13.465916666666667,1.120069364257103,839.0861584405778,Bearish_VeryLowVol
2019-07-30,11251.371428571429,37.037889530753574,0.0051013210978686505,-0.058952009415307094,-24.22585597522537,0.00235085178280152,13.433,1.0999207259836787,837.5918580042752,Bearish_VeryLowVol
2019-07-31,11218.771428571428,36.08021435622188,0.0038872804371882846,-0.061030158174081084,-26.96236384239092,0.002287582251443828,13.395000000000001,1.0729280353153734,837.534261184877,Bearish_VeryLowVol
2019-08-01,11168.621428571429,34.66597118400375,0.00267948918763568,-0.06522752843582336,-27.884736003527905,0.0023298824370049124,13.413583333333333,1.0884833412577295,832.6351841283845,Bearish_VeryLowVol
2019-08-02,11129.485714285713,33.61148617703874,0.0014730672576242206,-0.06850304355675874,-28.8642858545116,0.002341879507058067,13.432833333333333,1.1151516700102384,828.5285343835909,Bearish_VeryLowVol
2019-08-05,11073.835714285715,32.18370905371283,0.000209782995587436,-0.07316074355807378,-30.887670862992223,0.0023615370602871996,13.47825,1.2139235599834703,821.6078284855761,Bearish_VeryLowVol
2019-08-06,11025.828571428572,31.017916178611884,-0.0010987198098885945,-0.07699556680232145,-32.61060199678525,0.002366677087967896,13.51525,1.2774734881519907,815.8064831526292,Bearish_VeryLowVol
2019-08-07,10978.157142857144,29.914315241749634,-0.002470117127199086,-0.07906443316883283,-34.08690737796769,0.002375876489594721,13.581583333333333,1.390467777177159,808.3120261769046,Bearish_VeryLowVol
2019-08-08,10970.592857142856,29.742098175020686,-0.003817619397217755,-0.07906443316883283,-33.39677694073504,0.0023864274703945007,13.629833333333332,1.4523776483179238,804.8955984159398,Bearish_VeryLowVol
2019-08-09,10969.4,29.71443000573973,-0.005108892246885618,-0.07906443316883283,-32.25740602808012,0.002405850573467698,13.659583333333334,1.48908197293722,803.0552420461825,Bearish_VeryLowVol
2019-08-13,10961.664285714285,29.531702187781974,-0.006344731835900681,-0.07906443316883283,-31.61987718881236,0.002414715736349185,13.765416666666665,1.6612802867343344,796.3191054186,Bearish_VeryLowVol
2019-08-14,10966.242857142859,29.793784543081145,-0.00750462711409308,-0.07906443316883283,-30.265585337089256,0.0024440379663966394,13.835666666666667,1.7257855449407926,792.6067547986744,Bearish_VeryLowVol
2019-08-16,10992.699999999999,31.30790046245798,-0.008543802074819999,-0.07906443316883283,-27.293585666724532,0.0025331709963391552,13.934083333333335,1.800074529507529,788.9072956599224,Bearish_VeryLowVol
2019-08-19,11007.792857142858,32.16388989417311,-0.009539251931208682,-0.07906443316883283,-25.697479801789175,0.002581945432926252,14.041333333333334,1.869673898974332,783.9563804821141,Bearish_VeryLowVol
2019-08-20,11030.864285714286,33.463813785637754,-0.010456140957120386,-0.07906443316883283,-23.522526871048456,0.002649532139903346,14.16025,1.918255465305009,779.0020858187028,Bearish_VeryLowVol
2019-08-21,11014.614285714286,33.0068982061393,-0.011306120575063423,-0.07906443316883283,-23.164349798597033,0.0026446216495729633,14.265916666666667,1.9868031725021182,772.0929922050308,Bearish_VeryLowVol
2019-08-22,10962.0,31.575197292492533,-0.012208226195588381,-0.07906443316883283,-24.381006050636984,0.0026840389319549764,14.404750000000002,2.0879373741681952,760.9989760322115,Bearish_VeryLowVol
2019-08-23,10948.214285714286,31.211381489655935,-0.013172912999000494,-0.07906443316883283,-26.25732301018026,0.002612777564638837,14.528500000000001,2.149842275690223,753.5681099710421,Bearish_VeryLowVol
2019-08-26,10952.278571428571,31.45021317094809,-0.01418871639129902,-0.07906443316883283,-27.206081014731417,0.002571293214725445,14.668000000000001,2.1474411797974198,746.6783863804588,Bearish_VeryLowVol
2019-08-27,10960.5,31.940468973254553,-0.015232969944758808,-0.07906443316883283,-27.489757329130622,0.0025593207979852004,14.80175,2.0998056303727,740.486766767443,Bearish_VeryLowVol
2019-08-28,10959.385714285714,31.90874620805687,-0.016273603536030218,-0.07906443316883283,-27.78601874204053,0.0025491497134805734,14.962250000000001,2.0635547825336,732.4690948410642,Bearish_VeryLowVol
2019-08-29,10949.57142857143,31.625007944402483,-0.017383369694203173,-0.07906443316883283,-29.895558184241146,0.002466978731083241,15.124416666666667,1.9762807592464826,723.9665284217967,Bearish_VeryLowVol
2019-08-30,10964.507142857143,32.56102085337113,-0.01858348659268591,-0.07906443316883283,-31.01933560268225,0.0024151156424771503,15.273833333333334,1.8835452098294025,717.862170129119,Bearish_VeryLowVol
2019-09-03,10972.585714285713,33.06931345163494,-0.019869283859771793,-0.07906443316883283,-31.921129174331185,0.002377977835932723,15.484,1.8277263056256172,708.6402553788241,Bearish_VeryLowVol
2019-09-04,10974.77142857143,33.209006535982866,-0.021214957207648714,-0.07906443316883283,-31.50625070456612,0.0023905957885028382,15.641333333333334,1.7654280194768672,701.6519112972954,Bearish_VeryLowVol
2019-09-05,10944.778571428571,32.26134780663078,-0.022581284795007962,-0.07906443316883283,-31.351745441160023,0.0023824650274697256,15.78341666666667,1.717220147773581,693.4353190170212,Bearish_VeryLowVol
2019-09-06,10922.042857142858,31.561127436077186,-0.023992577367187507,-0.07906443316883283,-31.118726817937684,0.002378353734790682,15.878333333333334,1.6602611101941038,687.8582674803941,Bearish_VeryLowVol
2019-09-09,10915.892857142857,31.37221553374657,-0.025373610744066483,-0.07906443316883283,-29.93702842910387,0.002351739411496132,15.981416666666668,1.55247767535357,683.0366221481944,Bearish_VeryLowVol
2019-09-11,10928.378571428571,32.21702947162626,-0.02670744565911748,-0.07906443316883283,-27.681487358041625,0.002370505706806489,16.072666666666667,1.4241500691781686,679.9356197744767,Bearish_VeryLowVol
2019-09-12,10922.6,32.029867028383705,-0.027971503659124892,-0.07906443316883283,-26.533629308190022,0.002334384511890661,16.164916666666667,1.2375285582447013,675.6978848225839,Bearish_VeryLowVol
2019-09-13,10962.314285714285,34.703754197632605,-0.02906962480589163,-0.07906443316883283,-22.368778099017064,0.0024306568974498803,16.200166666666668,1.1586592901170967,676.6791053002099,Bearish_VeryLowVol
2019-09-16,10985.007142857141,36.17522635336376,-0.03001348299709453,-0.07906443316883283,-20.349964535841774,0.00249019918233659,16.244833333333336,1.0785214842338378,676.2154413930874,Bearish_VeryLowVol
2019-09-17,10980.67857142857,36.016439184869824,-0.030938328594485205,-0.07906443316883283,-21.446346427088464,0.0024506395859522695,16.32575,0.9566494038551854,672.5987211263538,Bearish_VeryLowVol
2019-09-18,10965.6,35.460332717193836,-0.031803548413634815,-0.07906443316883283,-22.34050019577461,0.0024321834954587557,16.35225,0.9161313784529675,670.5866165206622,Bearish_VeryLowVol
2019-09-19,10922.992857142857,33.94151386113158,-0.032626492783595196,-0.07906443316883283,-23.179606790273912,0.002462739674407191,16.364333333333335,0.9025287590539519,667.487800122799,Bearish_VeryLowVol
2019-09-20,10957.064285714285,36.18333317429982,-0.03322743474516414,-0.07906443316883283,-20.1100387631158,0.00255470143376119,16.324833333333334,0.9183310230064222,671.1899632899336,Bearish_VeryLowVol
2019-09-23,11045.264285714287,41.458202092388085,-0.03355024111137305,-0.07906443316883283,-13.980197456936748,0.0029407872244372347,16.34725,0.9213615183052312,675.6649764158674,Neutral_LowVol
2019-09-24,11118.45,45.30565320107795,-0.0336035130962209,-0.07906443316883283,-9.85025137462447,0.003141934163139802,16.347,0.9212522867607965,680.1523215268857,Neutral_LowVol
2019-09-25,11180.835714285715,48.277592957530935,-0.0334455772024191,-0.07906443316883283,-6.369304055838453,0.0032194674689962634,16.34958333333333,0.9206224663642748,683.8605905931781,Neutral_LowVol
2019-09-26,11288.492857142857,52.81544667633365,-0.03299346676430686,-0.07906443316883283,-1.7250244496411624,0.0035124324479824122,16.36616666666667,0.9156874498141014,689.7456861498532,Neutral_LowVol
2019-09-27,11384.457142857145,56.319132744270775,-0.03226752096116418,-0.07906443316883283,2.0569866240541215,0.0036740714481362812,16.31075,0.876810724965043,697.9726341742193,Neutral_LowVol
2019-09-30,11494.407142857144,59.82475305133835,-0.03123693504356643,-0.07906443316883283,5.545622062312514,0.0038950619338295853,16.294583333333335,0.8803829699911893,705.4127686311183,Neutral_LowVol
2019-10-01,11506.65,60.189635280060195,-0.030090391912923998,-0.07906443316883283,6.655473674167872,0.0038555387217523818,16.29825,0.8821308327195093,706.0052459619898,Neutral_LowVol
2019-10-03,11465.764285714284,58.37371944445995,-0.028890812407961118,-0.07906443316883283,6.95197639899775,0.0038269909527611098,16.33008333333333,0.9155021430070518,702.125277114178,Neutral_LowVol
2019-10-04,11406.699999999999,55.875975726833644,-0.027680636453949956,-0.07906443316883283,6.4171867202774395,0.0038814664319037663,16.361666666666665,0.9422477100669246,697.1600285219517,Neutral_LowVol
2019-10-07,11361.871428571429,54.07482138341806,-0.02638698879119631,-0.07906443316883283,6.764341845418967,0.003845233497391803,16.388583333333333,0.9728142350518233,693.27965678779,Neutral_LowVol
2019-10-09,11325.028571428573,52.64437504193336,-0.02502442382330047,-0.07906443316883283,7.117410000906464,0.003812662554963821,16.365333333333332,0.944544848731014,692.0133150212995,Neutral_LowVol
2019-10-10,11285.335714285713,51.14927449942975,-0.02360267130049391,-0.0779602573951167,7.388193935043476,0.0037872431297582506,16.361333333333334,0.9404874775361048,689.7564816000557,Neutral_LowVol
2019-10-11,11261.135714285714,50.25676803579205,-0.0222192154855394,-0.0779602573951167,6.955075999030838,0.003807835911041739,16.3775,0.9498316547755808,687.5979675949145,Neutral_LowVol
2019-10-14,11258.457142857142,50.15741291137972,-0.020867345204263737,-0.0779602573951167,6.91894806806288,0.0038085596451092607,16.424833333333332,0.9661282785296337,685.4533567782814,Neutral_LowVol
2019-10-15,11274.785714285714,50.76597016131519,-0.019506310603987685,-0.0779602573951167,7.509175896039595,0.003804030717096728,16.425333333333334,0.9663517273329939,686.4266000255122,Neutral_LowVol
2019-10-16,11316.107142857143,52.27827560091752,-0.0181365906307057,-0.0779602573951167,8.32529296631064,0.0038321475906723927,16.423166666666667,0.9664253662366629,689.0332036771517,Neutral_LowVol
2019-10-17,11381.814285714285,54.55491221597962,-0.016788078176211474,-0.0779602573951167,9.062806325322823,0.0039058008946543767,16.409666666666666,0.9712746542677363,693.6042344378893,Neutral_LowVol
2019-10-18,11431.607142857141,56.17972214083829,-0.015438376102151635,-0.0779602573951167,9.761459188041407,0.003944215180241166,16.33875,0.923493122558973,699.6622840093116,Neutral_LowVol
2019-10-22,11482.15,57.75228134435207,-0.01411248880833316,-0.0779602573951167,10.28309448984604,0.003978489516059688,16.324583333333333,0.9124642372144416,703.3655784986855,Neutral_LowVol
2019-10-23,11524.871428571429,59.02699049808573,-0.012736475201561898,-0.0779602573951167,11.639260585854512,0.003980103886700271,16.3,0.8958282143665186,707.0473269062226,Neutral_LowVol
2019-10-24,11559.364285714286,60.02576352835859,-0.011209034294272242,-0.0779602573951167,14.07372399738339,0.003872045273823908,16.29883333333333,0.8958846844410417,709.2142148649261,Neutral_LowVol
2019-10-25,11581.592857142858,60.659611857428196,-0.009599656652351352,-0.07784596116214004,15.026391505880289,0.003850041200366385,16.280916666666666,0.9103761261653827,711.3599985960777,Neutral_LowVol
2019-10-29,11627.714285714286,61.943767163519716,-0.007925664355164818,-0.07784596116214004,15.946911848378956,0.0038672562102003024,16.338666666666665,0.8651528999141217,711.6684930868056,Neutral_LowVol
2019-10-30,11664.535714285714,62.93446774632876,-0.006215526273190499,-0.07784596116214004,16.580590245396092,0.0038740421128259316,16.42325,0.7581906632875882,710.245275099978,Neutral_LowVol
2019-10-31,11695.335714285715,63.744196614328004,-0.004465555462304573,-0.07784596116214004,17.36079979188345,0.00386805257782242,16.467499999999998,0.706360572668525,710.207117916242,Neutral_LowVol
2019-11-01,11738.514285714287,64.84834661357729,-0.002618856285802735,-0.07658810104027625,18.6705581372204,0.003859145266031579,16.458000000000002,0.7144911379484103,713.2406298283075,Neutral_LowVol
2019-11-04,11786.685714285713,66.03203322723346,-0.0007205103351531708,-0.07550286798598238,19.343963649031828,0.0038764266558951863,16.477083333333333,0.6912124166166096,715.338113902787,Neutral_LowVol
2019-11-05,11834.485714285716,67.15757082267788,0.0012332804894210473,-0.0721587477958403,20.202132707653988,0.0038882186491786645,16.489333333333335,0.6773327931257965,717.7055296930773,Neutral_LowVol
2019-11-06,11889.07857142857,68.38470214986963,0.003232961073261222,-0.07208376910084835,21.354208379470176,0.0039013341769374584,16.501833333333334,0.6597687464941702,720.4701642097486,Neutral_LowVol
2019-11-07,11921.25,69.08290930893807,0.005285176490716674,-0.06988035647917479,23.31982068093417,0.003825844851784369,16.448999999999998,0.698042089433444,724.7401057815066,Neutral_LowVol
2019-11-08,11930.4,69.28080800811414,0.0073559004126179965,-0.0666866574774081,24.479943213730902,0.003771378289496704,16.41975,0.704111493791698,726.58840725346,Neutral_LowVol
2019-11-11,11935.542857142858,69.3937442346683,0.009382779495652313,-0.0614434150812142,24.870574344636704,0.003755831020551535,16.422416666666667,0.7032840094786933,726.7835848647646,Neutral_LowVol
2019-11-13,11928.378571428571,69.03114043032096,0.01131779089710077,-0.05804447844730132,24.214318639514094,0.0037789575716816984,16.426416666666668,0.7031550459735616,726.1704614880647,Neutral_LowVol
2019-11-14,11918.492857142859,68.52439737991719,0.013192425629008445,-0.054619552997949405,24.090369993309046,0.003784801592635578,16.410916666666665,0.7152770994676892,726.2539381088519,Neutral_LowVol
2019-11-15,11915.385714285714,68.36262289624409,0.014915800620181125,-0.054324931697283696,22.898543521050886,0.0037967792008302857,16.38283333333333,0.7527053887802155,727.3092188542305,Neutral_LowVol
2019-11-18,11903.735714285713,67.74756138367205,0.016549648127403276,-0.054324931697283696,21.849792798916678,0.00382771466525966,16.349416666666666,0.757734737537611,728.0832066966128,Neutral_LowVol
2019-11-19,11893.457142857145,67.20045189670276,0.01819844292244511,-0.054324931697283696,21.669894278219804,0.003836007648741044,16.273083333333332,0.731622454022442,730.8668492156565,Neutral_LowVol
2019-11-20,11906.449999999999,67.54030582212681,0.01989638365086741,-0.054324931697283696,22.57919000597275,0.003799965304008237,16.192416666666666,0.7157966635195292,735.3102532564111,Neutral_LowVol
2019-11-21,11914.300000000001,67.74739130499557,0.021678180548497447,-0.04876980994482949,24.637491441305414,0.003683579941623193,16.09725,0.6794344599332446,740.1450558325181,Neutral_LowVol
2019-11-22,11924.864285714286,68.02892368679159,0.02335574043469412,-0.03732749132164925,23.963319250916907,0.0036859075192446607,16.021166666666666,0.6846801837522009,744.3193453898043,Neutral_LowVol
2019-11-25,11953.671428571428,68.79082929189556,0.02483441328496294,-0.02597105163861535,23.107658485913415,0.003559168000689685,15.947,0.6698492496385626,749.5874727893289,Neutral_LowVol
2019-11-26,11973.992857142857,69.31982383646877,0.02612339458637518,-0.021569514771272114,22.11946337626566,0.0034787477281048415,15.87025,0.6602838176326598,754.4930204088063,Neutral_LowVol
2019-11-27,12004.878571428571,70.10959197134984,0.027242938350906243,-0.021569514771272114,21.502333769491052,0.0034275984212993544,15.776499999999999,0.6301657554249732,760.9342104667431,Neutral_LowVol
2019-11-28,12035.028571428571,70.86060477846127,0.02809696347265886,-0.021569514771272114,20.755779934375344,0.003186218605571748,15.681083333333333,0.6769899413928673,767.4870616780455,Neutral_LowVol
2019-11-29,12043.164285714287,71.06183363708594,0.028687938063464473,-0.021569514771272114,19.376992458156476,0.0029860266270171493,15.599,0.7383405788285151,772.047200827892,Neutral_LowVol
2019-12-02,12054.564285714285,71.34621185162325,0.02900194099249383,-0.021569514771272114,18.2511757837328,0.002670130294032628,15.543166666666668,0.7787785898148635,775.5539488337394,Bullish_LowVol
2019-12-03,12065.964285714286,71.63213371766365,0.02926512475317733,-0.021569514771272114,18.20286326357245,0.0026703445542968426,15.497666666666667,0.7952504304471929,778.5665123167543,Bullish_LowVol
2019-12-04,12061.6,71.35257138078723,0.029555347733346643,-0.021569514771272114,20.21423919389102,0.0025707871566154664,15.381416666666667,0.8498272348089397,784.1670413973573,Bullish_LowVol
2019-12-05,12058.842857142858,71.17259105633599,0.029924914637012072,-0.021569514771272114,24.17340950845377,0.00236507443139239,15.307083333333335,0.8429451354843975,787.7949439840721,Bullish_LowVol
2019-12-06,12033.242857142859,69.50305660486634,0.0303015481774608,-0.021569514771272114,25.95792043978848,0.0022763712274736195,15.220416666666667,0.876703042982485,790.5987806165748,Bullish_LowVol
2019-12-09,12002.721428571429,67.56500777191968,0.030671529614815,-0.021569514771272114,26.695310325032573,0.0022416026331719867,15.196500000000002,0.8837919379894857,789.8345953720545,Bullish_LowVol
2019-12-10,11974.257142857141,65.80974620158729,0.031043387514690383,-0.021569514771272114,27.955221173456252,0.0021836964996066765,15.153333333333332,0.8957075158906681,790.2061466909685,Bullish_LowVol
2019-12-11,11954.535714285714,64.61685915389174,0.031437059348851375,-0.021569514771272114,28.456350080781323,0.0021638265727720414,15.051916666666665,0.9192771906019273,794.2201633868808,Bullish_LowVol
2019-12-12,11951.335714285715,64.42252289925867,0.03183081928259412,-0.020150459578963997,28.43359316954721,0.00216444475800282,14.941583333333334,0.9185629901939695,799.8707665487736,Bullish_LowVol
2019-12-13,11957.550000000001,64.63437168675345,0.0321870265580894,-0.016559368464571067,27.90703625366925,0.0021699452820588107,14.84225,0.9298944021436003,805.6426754703634,Bullish_LowVol
2019-12-16,11962.628571428571,64.8100085725381,0.03246539264995989,-0.010849005947492496,26.618223433006314,0.0021463809587244503,14.764999999999999,0.949444029691757,810.2017318949253,Bullish_LowVol
2019-12-17,11997.414285714285,65.99636303113314,0.03266892348638473,-0.00950015835570539,26.515348715071994,0.002039810265226927,14.651416666666668,1.00790831619283,818.8569445990513,Bullish_LowVol
2019-12-18,12038.007142857141,67.31518279051235,0.032824921711861,-0.00950015835570539,26.42376336942479,0.002007507747424847,14.532083333333333,1.0632501577656164,828.3744915806159,Bullish_LowVol
2019-12-19,12095.564285714287,69.06028692602666,0.03295785410110936,-0.00950015835570539,26.412769462452648,0.002022631325786138,14.410333333333334,1.123435067360293,839.3674182217126,Bullish_LowVol
2019-12-20,12147.228571428572,70.50985552848385,0.03303560875474784,-0.00950015835570539,26.45446277975942,0.0020412896928204533,14.31425,1.1749873715389392,848.6108997277938,Bullish_LowVol
2019-12-23,12188.792857142855,71.6074749568235,0.033026036974732026,-0.00950015835570539,26.5435676675406,0.0020514134907538826,14.184333333333335,1.2135907701821893,859.3137633405062,Bullish_LowVol
2019-12-24,12207.057142857142,72.07589121602862,0.032973555607302085,-0.00950015835570539,26.352198542620936,0.0020493558173365132,14.030166666666668,1.2356969507217934,870.0578854746658,Bullish_LowVol
2019-12-26,12217.42857142857,72.34164870064998,0.03283972440093971,-0.00950015835570539,25.30393299198422,0.0020042840387114427,13.852166666666667,1.2576554770090025,881.986830322229,Bullish_LowVol
2019-12-27,12228.971428571429,72.63889058823149,0.032649914804575034,-0.00950015835570539,24.437081800813765,0.0019801481569195257,13.681333333333333,1.3497322105625498,893.8435407298092,Bullish_LowVol
2019-12-30,12233.857142857141,72.76594977878199,0.032400117904685506,-0.00950015835570539,23.378785507829487,0.001969556074649084,13.54725,1.4096058005453966,903.050961845182,Bullish_LowVol
2019-12-31,12220.82142857143,71.85284938369203,0.03203736481403306,-0.00950015835570539,21.023759017210686,0.001954340315699131,13.411000000000001,1.3862010228903583,911.2535551839109,Bullish_LowVol
2020-01-01,12208.064285714287,70.95910682532352,0.03157845485893691,-0.00950015835570539,18.674390954459895,0.0019144071001823348,13.283833333333332,1.371164671901768,919.0166708189871,Bullish_LowVol
2020-01-02,12210.842857142858,71.03957735613788,0.031032658030432172,-0.00950015835570539,17.22667431381059,0.0018460749535825262,13.161499999999998,1.361687055799263,927.7698482044493,Bullish_LowVol
2020-01-03,12212.57142857143,71.09068969732206,0.03037869042693649,-0.00950015835570539,15.631386762768038,0.0017406802015018908,13.0855,1.3199675740532275,933.2903923099178,Bullish_LowVol
2020-01-06,12193.5,69.69869741834972,0.02960796707391384,-0.00950015835570539,13.097430178158287,0.0017436527571873452,13.082333333333334,1.315639501858626,932.0585012867225,Bullish_LowVol
2020-01-07,12165.949999999999,67.73369702660122,0.028767693171832524,-0.00950015835570539,10.971889240739955,0.001799478610977791,13.06925,1.2977155242566807,930.8835625609731,Bullish_LowVol
2020-01-08,12133.02142857143,65.47096364704552,0.02787853465825236,-0.00950015835570539,8.85173044924037,0.001869173519969767,13.096,1.3429057853312345,926.4677327864562,Bullish_LowVol
2020-01-09,12139.8,65.71279983889625,0.027025881135443828,-0.00950015835570539,9.518676385638072,0.0018620486648856095,13.075333333333335,1.3233110141724524,928.4505175138937,Bullish_LowVol
2020-01-10,12150.414285714285,66.0941808452242,0.02619974785492401,-0.00950015835570539,10.508626662430364,0.0018517125657980815,13.078333333333335,1.325550362818424,929.049136157585,Bullish_LowVol
2020-01-13,12157.17857142857,66.33890779342661,0.025430540464756166,-0.00950015835570539,10.982007124024328,0.001847794374186522,13.090916666666665,1.3353503484708265,928.6728256688344,Bullish_LowVol
2020-01-14,12176.557142857142,67.03797138692815,0.024730446745501563,-0.00950015835570539,12.45841164619152,0.0018396386527093484,13.08125,1.328055804485574,930.8404887038427,Bullish_LowVol
2020-01-15,12226.592857142856,68.75629418412147,0.02409880904946381,-0.00950015835570539,14.68660463359669,0.0019071799774813209,13.0665,1.3134136557211225,935.7205722376195,Bullish_LowVol
2020-01-16,12269.814285714285,70.13559527605636,0.023469237978672758,-0.00950015835570539,15.580745575848912,0.0019587170819516803,13.095166666666668,1.328492458632685,936.9727471240751,Bullish_LowVol
2020-01-17,12316.528571428571,71.5289020092437,0.022826903670274557,-0.00950015835570539,16.73618988128019,0.0020171945709391383,13.08925,1.3233035903531802,940.9651868081495,Bullish_LowVol
2020-01-20,12317.764285714287,71.56489446241528,0.02220143823914941,-0.00950015835570539,16.30699017186055,0.0020204810158486737,13.148249999999999,1.3866477112086664,936.836787079215,Bullish_LowVol
2020-01-21,12305.342857142856,70.64416424572941,0.0215983698613846,-0.00950015835570539,14.539945380852256,0.00202335923697638,13.190416666666666,1.450023198883066,932.9002387194888,Bullish_LowVol
2020-01-22,12273.535714285714,68.33515823944609,0.0209995922407581,-0.00950015835570539,12.009226222420232,0.0020830751944524426,13.259416666666668,1.5499587985811345,925.6467326455321,Bullish_LowVol
2020-01-23,12247.542857142858,66.51302465237114,0.02037764771443661,-0.00950015835570539,9.616018437833146,0.002102097252155857,13.342000000000002,1.6208480645255057,917.9690344133455,Bullish_LowVol
2020-01-24,12233.964285714286,65.57615875996292,0.019793979737240324,-0.00950015835570539,7.904073907673366,0.002091291823527646,13.415750000000001,1.6706763742311084,911.910574191848,Bullish_LowVol
2020-01-27,12200.17857142857,63.30077746946562,0.019260971234207228,-0.009546027311310712,6.064072953211721,0.0021499786125305335,13.544916666666666,1.8057539121076696,900.7200909144443,Bullish_LowVol
2020-01-28,12157.814285714285,60.596698682610004,0.01877764096146604,-0.012985310993936405,3.8420275977268714,0.00222934900587816,13.674333333333333,1.930911984517733,889.0974052883225,Bullish_LowVol
2020-01-29,12144.235714285713,59.75752381704805,0.01827040784505999,-0.014087667810775306,2.9013082800122425,0.002235874111804212,13.806999999999999,1.9846671309541637,879.5709215822202,Bullish_LowVol
2020-01-30,12125.085714285715,58.583998152093834,0.01771041463657775,-0.015642333053250135,2.3378564421225714,0.002251403044176149,13.955666666666668,2.0371448213096364,868.8288423545308,Bullish_LowVol
2020-01-31,12104.399999999998,57.33653262655242,0.017073839760227992,-0.017321673054073727,1.664607885646883,0.0022695455098250034,14.130500000000001,2.0985374011768485,856.6151233148153,Bullish_LowVol
2020-02-03,12036.907142857144,53.52262946263884,0.016375306354832583,-0.022800983712837564,0.12598738973687637,0.0024170162458880427,14.408333333333333,2.09644889956943,835.4128728414444,Bullish_LowVol
2020-02-04,11998.535714285714,51.5241724955061,0.015662718816663684,-0.025916113023757403,-0.14311411062306084,0.0024367299297757537,14.500166666666667,2.029597371033444,827.4757104598141,Bullish_LowVol
2020-02-05,11994.271428571428,51.30582022757761,0.014963419905282452,-0.026262302934148107,0.6943470833361913,0.0024072151028043877,14.601833333333332,1.928438256516271,821.4222936780607,Bullish_LowVol
2020-02-06,12006.007142857143,51.88141670724284,0.014291883565910673,-0.026262302934148107,1.7972380093236877,0.002395675069856186,14.710333333333333,1.7767562624322049,816.1614608454698,Bullish_LowVol
2020-02-07,12001.557142857142,51.644002427916185,0.013620215662152931,-0.026262302934148107,1.753715716623074,0.002396146803390026,14.801666666666668,1.6454204123364429,810.8247140766,Bullish_LowVol
2020-02-10,12000.942857142856,51.61056449565492,0.012952742920562582,-0.026262302934148107,1.5149942673280057,0.0023953283331383675,14.886416666666666,1.5405600587255008,806.1673353544578,Bullish_LowVol
2020-02-11,12021.77142857143,52.67613975711791,0.012339553257915905,-0.026262302934148107,2.0523701531307488,0.002408906771062167,14.9625,1.4245226060587792,803.4600787683495,Bullish_LowVol
2020-02-12,12092.242857142857,56.03570200484823,0.011795302349224,-0.026262302934148107,3.114061325561149,0.0025381915344542725,15.033583333333333,1.2923439483153094,804.3486764949268,Bullish_LowVol
2020-02-13,12120.1,57.26568238186062,0.011248180638664543,-0.026262302934148107,2.7179594737409576,0.0025090412272138186,15.056083333333333,1.2555776736388333,804.996872803352,Bullish_LowVol
2020-02-14,12123.57142857143,57.417944443956166,0.01063927090931717,-0.026262302934148107,0.9666226208549861,0.0023954423224516854,15.017333333333333,1.2821298170685254,807.3052092185538,Bullish_LowVol
2020-02-17,12110.407142857142,56.633124717910015,0.00995556106916207,-0.026262302934148107,-1.3168414955713574,0.0023019184139955987,15.010833333333332,1.2847576809852719,806.7778033325138,Bullish_LowVol
2020-02-18,12095.285714285714,55.73560114020922,0.009207149736199726,-0.026262302934148107,-3.4284106665651497,0.0022376453389487327,14.973166666666666,1.282237896409472,807.7974408187345,Bullish_LowVol
2020-02-19,12108.77142857143,56.36809459604431,0.008458249714243835,-0.026262302934148107,-3.608881602201607,0.0022310370700132504,14.973999999999998,1.281589900246516,808.6530939342481,Bullish_LowVol
2020-02-20,12104.907142857142,56.13236967253898,0.00773213210671817,-0.026262302934148107,-4.140054761358008,0.002224586733992436,14.961416666666667,1.2925025317345855,809.0749300382969,Bullish_LowVol
2020-02-24,12051.792857142858,53.00739766354752,0.0069663433164493275,-0.026262302934148107,-6.2704912676431865,0.0023105730205512393,15.052166666666666,1.3374412222556105,800.6683106845875,Bullish_LowVol
2020-02-25,11997.971428571429,50.10818112531779,0.006167370481339602,-0.026262302934148107,-8.047551010812834,0.002395932048964902,15.151666666666667,1.360566935162522,791.8581957037572,Bullish_LowVol
2020-02-26,11935.835714285713,47.06041669239645,0.005376171138051783,-0.031006322459954938,-9.300992428476555,0.0025072255293828354,15.289666666666667,1.4587336166579121,780.6472158289289,Bullish_LowVol
2020-02-27,11876.907142857144,44.43168910105259,0.004600385428440462,-0.03579035388495244,-10.435895923373385,0.002599307022717607,15.409083333333333,1.5106844308831313,770.7731138791823,Bullish_LowVol
2020-02-28,11763.942857142858,40.03486751772663,0.0037518257401863327,-0.04496119715602387,-12.427926597232196,0.002944869356085418,15.712666666666667,2.0596324301016575,748.691683385561,Bullish_VeryLowVol
2020-03-02,11622.064285714285,35.5085040386424,0.0028092927426812604,-0.05647940517962757,-14.120541311923356,0.0034242596844400583,16.039083333333334,2.6896313107271177,724.6090093914937,Bearish_HighVol
2020-03-03,11510.985714285716,32.55312880217501,0.001823463488805987,-0.06549715944509871,-15.257342129094587,0.0036686347756960344,16.328416666666666,3.1048065131655744,704.9664366897617,Bearish_HighVol
2020-03-04,11428.357142857143,30.609422121153372,0.000816863388411157,-0.07220524132684103,-16.048068034148223,0.00377787790644574,16.59058333333333,3.4232872437411483,688.8460106098627,Bearish_HighVol
2020-03-05,11352.800000000001,28.986228351207473,-0.00019654526575097785,-0.07833923943758347,-16.66817646014517,0.0038579875318252685,16.837,3.6284308021797558,674.2768901823366,Bearish_HighVol
2020-03-06,11254.364285714286,27.068232394307955,-0.0013361765794216193,-0.08633060150641914,-18.25310778689362,0.003995845475019397,17.173083333333334,3.9580443339751192,655.3490754842676,Bearish_HighVol
2020-03-09,11085.528571428571,24.24593996740724,-0.0026873968186641793,-0.10003728645098531,-19.586285994744966,0.004474657747829186,17.62725,4.6750333462760425,628.8858767776353,Bearish_HighVol
2020-03-11,10979.335714285715,22.717893557468585,-0.00417149086691074,-0.10865840102012958,-21.083677029452172,0.004595240033701449,18.102500000000003,5.320486674006025,606.5093613747114,Bearish_HighVol
2020-03-12,10758.964285714286,20.03097243078885,-0.0059455057067812995,-0.12654893890183005,-21.898060587005173,0.005316445326817028,18.924666666666667,6.771717576566626,568.5153918544203,Bearish_HighVol
2020-03-13,10566.378571428573,18.11100614902695,-0.008046755192660989,-0.1421837334813193,-23.905102753502103,0.005680258250766896,20.080500000000004,8.991541437028069,526.2009696685128,Bearish_HighVol
2020-03-16,10273.007142857143,15.752059856380626,-0.010548650355703773,-0.1660006715040474,-24.189493083661755,0.006727773545342736,21.464083333333335,11.424128248703079,478.6138305241924,Bearish_HighVol
2020-03-17,9944.157142857144,13.700487203316811,-0.013509581602709278,-0.19269788638592233,-24.413994959249965,0.007889609639253989,23.000416666666663,13.660388337037773,432.3468260150568,Bearish_HighVol
2020-03-18,9584.064285714285,11.952211709300258,-0.016873584219611243,-0.22114609913928207,-24.051163873784475,0.00922747476636026,24.60616666666667,15.491273026167464,389.49847066985717,Bearish_HighVol
2020-03-19,9271.492857142857,10.732883984536883,-0.020550979404305135,-0.24459478727459483,-24.449577592711943,0.010083911499012508,26.533416666666668,17.62476549713562,349.4270253099528,Bearish_HighVol
2020-03-20,9026.785714285714,9.920262865771122,-0.024443609030937723,-0.26297169811320764,-25.169199798860745,0.010510170230103965,28.297666666666668,18.9443982136715,318.9939941203296,Bearish_HighVol
2020-03-23,8743.942857142856,9.103192688835932,-0.028603348415828813,-0.2852731418095409,-25.731633421070683,0.011117271045131516,30.237833333333334,20.335724921298272,289.1722684212225,Bearish_HighVol
2020-03-24,8436.207142857143,8.336941756084897,-0.033096607775620825,-0.308517732468787,-26.233924158732673,0.011833050615879769,32.5665,22.288406687612564,259.0455573321402,Bearish_HighVol
2020-03-25,8310.557142857144,8.053072180581822,-0.037705726432899205,-0.31644315766344266,-26.973083872127383,0.01181981131861547,34.68033333333333,23.463601817067296,239.63313913333621,Bearish_HighVol
2020-03-26,8264.042857142858,7.950290824329528,-0.042320532844811756,-0.3195090204465021,-27.148665069512166,0.011796861190047777,36.60208333333333,24.05475960218012,225.7806688729337,Bearish_HighVol
2020-03-27,8291.392857142857,8.653381898062804,-0.0469194900278792,-0.3195090204465021,-26.664309558041115,0.011898186318832635,38.49416666666666,24.414620516634347,215.3934888093744,Bearish_HighVol
2020-03-30,8293.914285714287,8.719307304185307,-0.05153560033252956,-0.3195090204465021,-26.477253658046035,0.011933664712369953,40.444833333333335,24.67446123100215,205.0673374608447,Bearish_HighVol
2020-03-31,8272.814285714287,8.665629882515319,-0.056192168115421715,-0.3195090204465021,-26.55448840782359,0.011920578709730947,42.13791666666667,24.512076950255114,196.3270835422797,Bearish_HighVol
2020-04-01,8364.75,11.1110562554571,-0.06066814501050093,-0.3195090204465021,-24.717584415114594,0.012342420015077306,43.65916666666667,24.145651223118914,191.59206733981026,Bearish_HighVol
2020-04-03,8405.142857142857,12.170737608604256,-0.06509409331438315,-0.3195090204465021,-23.95319519128774,0.012502964501673307,45.01891666666667,23.589731407558357,186.70246819524806,Bearish_HighVol
2020-04-07,8472.907142857144,13.9361253904043,-0.06951102021885387,-0.3195090204465021,-23.085425920832186,0.012717425173023504,46.27816666666667,22.875541325169515,183.0864909555725,Bearish_HighVol
2020-04-08,8488.235714285716,14.335607579741819,-0.07401194776885807,-0.3195090204465021,-23.00918439109595,0.012734086493026445,47.562916666666666,22.0502093105568,178.4633136309425,Bearish_HighVol
2020-04-09,8552.757142857143,16.018505611121796,-0.07847784289345396,-0.3195090204465021,-22.230820770216376,0.012926320365652942,48.6545,21.282103826357485,175.7855315100791,Bearish_HighVol
2020-04-13,8654.578571428572,18.606583472154114,-0.08285673959555488,-0.3195090204465021,-21.033278514328703,0.013257171547893309,49.8065,20.421799538221602,173.7640382566246,Bearish_HighVol
2020-04-15,8701.371428571429,19.77193200935946,-0.08727068107788115,-0.3195090204465021,-20.705926002323856,0.013339123121427399,50.85566666666667,19.53445049152253,171.09934838932588,Bearish_HighVol
2020-04-16,8806.942857142858,22.344695720971032,-0.09172971241030978,-0.3195090204465021,-20.063911799771407,0.0135410568942581,51.8,18.53902378814049,170.01820187534474,Bearish_HighVol
2020-04-17,8975.935714285715,26.228688437565253,-0.0960362574187766,-0.3195090204465021,-18.378550000211934,0.014115224275623957,52.44525,17.83399996894244,171.1486877131049,Bearish_HighVol
2020-04-20,9043.028571428573,27.70114344134015,-0.10024368779681225,-0.3195090204465021,-17.81829097387771,0.014260364714337363,53.053666666666665,17.17159556598066,170.45058597448948,Bearish_HighVol
2020-04-21,9076.271428571428,28.42711646452298,-0.10436089823427985,-0.3195090204465021,-17.480609310915014,0.014332425466060353,53.74216666666667,16.385084572158274,168.88547655450117,Bearish_HighVol
2020-04-22,9087.042857142858,28.66516256781884,-0.10842363626982955,-0.3195090204465021,-17.31617869647046,0.014362984888549663,54.36208333333333,15.560899261025344,167.15773752495122,Bearish_HighVol
2020-04-23,9132.764285714284,29.683315040367063,-0.11248095395064585,-0.3195090204465021,-17.028469458714426,0.014433055219169362,54.89483333333333,14.709197171728274,166.36837624149723,Bearish_HighVol
2020-04-24,9165.492857142857,30.41251216047047,-0.11651510218085025,-0.3195090204465021,-16.756116719804307,0.014491921114578983,55.34400000000001,13.972419486012466,165.60951245198856,Bearish_HighVol
2020-04-27,9206.85,31.335377754650935,-0.12038396923902676,-0.3195090204465021,-16.170406247668428,0.014598255430111692,55.58541666666667,13.591087582450786,165.6342715790263,Bearish_HighVol
2020-04-28,9223.157142857142,31.701680393424738,-0.12412548301866552,-0.3195090204465021,-15.781341422470344,0.014654877166211241,55.71208333333333,13.375401622770049,165.55039034662695,Bearish_HighVol
2020-04-29,9264.8,32.642809070009505,-0.12769820948325927,-0.3195090204465021,-15.165340339299796,0.01475620572402799,55.46791666666666,13.712765495548917,167.02988965092433,Bearish_HighVol
2020-04-30,9390.292857142858,35.39439486844948,-0.1309816555700258,-0.3195090204465021,-13.881170407466724,0.015082695996721553,54.885083333333334,14.249515773432313,171.09007196204539,Bearish_HighVol
2020-05-04,9405.464285714286,35.71998998446149,-0.133971673008821,-0.3195090204465021,-13.264765660447226,0.015114000993473443,54.37825,14.37258471688245,172.96371776793637,Bearish_HighVol
2020-05-05,9389.992857142857,35.53269113545093,-0.13663262031312987,-0.3195090204465021,-12.72967291131689,0.015087162582013716,53.73433333333333,14.409153953083978,174.7484759677461,Bearish_HighVol
2020-05-06,9406.635714285714,35.90350071336779,-0.13901695474132586,-0.3195090204465021,-12.099012019310816,0.015109689896007424,52.97741666666666,14.450103335797547,177.5593508734517,Bearish_HighVol
2020-05-07,9394.742857142857,35.75277931601045,-0.1412499482733587,-0.3195090204465021,-11.771954412624755,0.015115976517048069,51.901833333333336,14.168294131332521,181.00984596837344,Bearish_HighVol
2020-05-08,9376.257142857143,35.51509718000807,-0.1433645780873744,-0.3195090204465021,-11.515175944222527,0.015119334323983111,50.94541666666667,14.075102714198128,184.0451557046933,Bearish_HighVol
2020-05-11,9331.378571428571,34.936777790846065,-0.145290360836361,-0.3195090204465021,-11.311593432595199,0.015105367730623648,49.813833333333335,13.684477484470724,187.3250450128359,Bearish_HighVol
2020-05-12,9236.614285714286,33.746668873047824,-0.14690473695716855,-0.3195090204465021,-11.090427193883778,0.015038762379414348,48.30041666666667,12.2540957277509,191.23260052720633,Bearish_HighVol
2020-05-13,9249.478571428572,34.059415777819225,-0.1482119981733405,-0.3195090204465021,-10.47391799734717,0.015042672663039873,47.00741666666667,11.039475337423088,196.76636640165444,Bearish_HighVol
2020-05-14,9240.5,33.944712879793485,-0.14891101663509904,-0.3195090204465021,-9.519149486752529,0.014826408746778333,45.89575,10.126026238966563,201.3367250780301,Bearish_HighVol
2020-05-15,9221.35,33.696469022218594,-0.14905074118158373,-0.3195090204465021,-8.690436745268313,0.014647507885824683,44.816833333333335,9.099028816434028,205.7563936169817,Bearish_HighVol
2020-05-18,9167.664285714285,33.00250239682504,-0.14840699594118487,-0.3195090204465021,-7.62640979931382,0.01410844927295608,43.78433333333333,7.545868244110103,209.382296994685,Bearish_HighVol
2020-05-19,9114.464285714286,32.32587014453554,-0.14686821340053427,-0.3195090204465021,-6.2734283928116685,0.013299779092254434,42.9525,6.496564277661783,212.19869124531252,Bearish_HighVol
2020-05-20,9089.800000000001,32.01376931024588,-0.1443499679179976,-0.3195090204465021,-4.2634451129855755,0.012096196581452444,42.144416666666665,5.762454042128385,215.68218803202484,Bearish_HighVol
2020-05-21,9076.9,31.84881845072387,-0.14097884703745242,-0.3195090204465021,-1.9121929363063386,0.010976035855817154,41.400499999999994,5.436555125990092,219.2461443702371,Bearish_HighVol
2020-05-22,9027.714285714286,31.219758598101805,-0.13702414336883528,-0.3195090204465021,0.010107089840592077,0.01017785027191049,40.75308333333333,5.3104266210905,221.52223947998095,Bearish_HighVol
2020-05-26,9011.471428571427,31.01229050575938,-0.13231994232284244,-0.3195090204465021,3.4674838064701827,0.008823652949132179,40.06066666666666,5.111191276440945,224.9456181933591,Neutral_LowVol
2020-05-27,9036.914285714285,31.741043341214535,-0.12671805274548964,-0.3195090204465021,10.755360022850825,0.006620497238223377,39.44491666666667,5.016095235861068,229.10212644335542,Neutral_LowVol
2020-05-28,9132.17857142857,34.40212335894243,-0.12064734704663624,-0.3195090204465021,15.97405523990689,0.006189084832827829,38.73025,4.766719049376405,235.78930090636055,Neutral_LowVol
2020-05-29,9232.35,37.048861718281465,-0.11433659508190798,-0.31762564072350197,18.91080497945754,0.00619598786935169,38.07975,4.539299768933493,242.4477576664763,Neutral_LowVol
2020-06-01,9340.864285714286,39.74982080544283,-0.10794691080521633,-0.31762564072350197,19.9145173676378,0.006355845634119874,37.568,4.469383944664621,248.63884917254808,Neutral_LowVol
2020-06-02,9465.557142857144,42.64982871329427,-0.10139562196545425,-0.31762564072350197,21.581638936323774,0.006545627458047221,37.15208333333333,4.565229914675589,254.77863671684122,Neutral_LowVol
2020-06-03,9611.6,45.784543871916675,-0.09459258155995817,-0.3100424203146174,23.98932785633643,0.006745897135001188,36.705,4.583408280473776,261.8607819098216,Neutral_LowVol
2020-06-04,9754.464285714286,48.60317592385152,-0.08791778929696452,-0.30671065810404763,24.164738478144123,0.006875281063577752,36.18808333333333,4.4655497249793035,269.5490721590474,Neutral_LowVol
2020-06-05,9872.635714285714,50.77433219164005,-0.08123397138037262,-0.3011211924821775,24.95386986924193,0.006996695777130189,35.71666666666667,4.487460370266353,276.41537230851276,Neutral_LowVol
2020-06-08,9969.4,52.46089978023019,-0.07460764844702031,-0.2998568314381663,25.132579299233342,0.007027569347198828,35.39725,4.569057019496715,281.64334800019776,Neutral_LowVol
2020-06-09,10036.021428571428,53.58388780455282,-0.06792191079457417,-0.2945348494668003,25.941386882005908,0.007029107932745971,35.100166666666674,4.6084017132378055,285.92517875712156,Neutral_LowVol
2020-06-10,10077.449999999999,54.27282548043196,-0.061367913700804834,-0.28613621634360453,25.439073693790878,0.007007690812142222,34.81333333333334,4.686090539055805,289.47098812715427,Neutral_LowVol
2020-06-11,10066.435714285715,54.05405374671492,-0.05511458617504821,-0.2822765568844636,23.509405684501626,0.006939100539294549,34.6235,4.777844819653325,290.73998048394054,Neutral_LowVol
2020-06-12,10053.771428571428,53.79831461098662,-0.048985992118088045,-0.27356860896718316,22.268172596978697,0.006979637636882713,34.523,4.826410924671828,291.21951825077275,Neutral_LowVol
2020-06-15,10023.0,53.17139861488339,-0.043098446651679286,-0.25962941141813467,19.95694634622022,0.006918862738202504,34.476,4.838655306220135,290.7239819004525,Neutral_LowVol
2020-06-16,9990.407142857144,52.506698806484366,-0.03767302037645108,-0.25328451267121477,17.412259230133497,0.006490900658339657,34.119166666666665,4.521590177126135,292.8092365344155,Neutral_LowVol
2020-06-17,9949.507142857143,51.67526733259971,-0.03247694263131413,-0.2504382891268905,15.349944625756343,0.006530355528885788,33.77741666666667,4.152067385098755,294.5609263444898,Neutral_LowVol
2020-06-18,9955.935714285715,51.79831136311152,-0.027375062064884603,-0.2495487332677374,14.835574056499466,0.006532886742124825,33.451,3.9231641105018245,297.6274465422772,Neutral_LowVol
2020-06-19,9974.257142857143,52.15441238995964,-0.022294153120327426,-0.2455320658033019,14.950045182077321,0.006530755797073635,33.118833333333335,3.7747345038705977,301.16571566602516,Neutral_LowVol
2020-06-22,10032.714285714286,53.28382310314626,-0.01723590819671281,-0.23949133827747038,15.065587649075619,0.006540787745061086,32.85391666666666,3.6681479449802663,305.37346239431486,Neutral_LowVol
2020-06-23,10103.871428571429,54.62115663322989,-0.012172454038878252,-0.23263277839825303,15.557525390455169,0.0065808461842626065,32.564,3.587144167141972,310.277343955639,Neutral_LowVol
2020-06-24,10174.1,55.899097141598496,-0.007193168004766582,-0.22727177521234065,15.889997418720354,0.0066115584871933196,32.27641666666667,3.4629948721004524,315.2177673585203,Neutral_LowVol
2020-06-25,10227.657142857144,56.849573368624036,-0.002257010284212373,-0.21993159594819978,16.4407214672639,0.006624444428199297,31.97283333333333,3.261556359325425,319.8858554770085,Neutral_LowVol
2020-06-26,10299.35,58.089706618141314,0.002580995461514265,-0.20177333644210638,16.780252674941114,0.006654523151617004,31.657916666666665,3.093057721802323,325.3325260927362,Neutral_LowVol
2020-06-29,10330.885714285714,58.626159108308435,0.00705344377873312,-0.19072343307587958,15.60831324874847,0.006417510190861936,31.354333333333333,2.887458234757685,329.48829128198275,Neutral_LowVol
2020-06-30,10339.128571428571,58.767646965367405,0.01134696685525931,-0.18425814346295288,15.4589661404335,0.006421405001704353,30.96108333333333,2.2799179207974665,333.9394962416336,Neutral_LowVol
2020-07-01,10356.107142857143,59.06339638040067,0.015513288293643348,-0.17690394194891157,16.102836519890854,0.006389411486720537,30.583250000000003,1.6860667796216093,338.62022979432015,Bullish_LowVol
2020-07-02,10367.635714285714,59.26686775291054,0.019501511641204852,-0.1724734993003615,15.982505587437036,0.0063921093678774325,30.273166666666665,1.5408247530264456,342.4694822461822,Bullish_LowVol
2020-07-03,10410.785714285714,60.029528626924474,0.023461789986514405,-0.16687811902811034,16.981519022329824,0.00636869709370694,30.032583333333335,1.6615392587393558,346.64969039578835,Bullish_LowVol
2020-07-06,10478.607142857143,61.2006178571092,0.027449441600636244,-0.15872740154068654,18.50233150683907,0.006354238903141688,29.79325,1.8215345167436345,351.71077820839093,Bullish_LowVol
2020-07-07,10538.128571428571,62.19756534974002,0.03148903435784558,-0.15872740154068654,20.696947672229435,0.006248347818697394,29.581,1.983220952094449,356.2465289012735,Bullish_LowVol
2020-07-08,10594.32142857143,63.115258257366406,0.03560767409918074,-0.14030028116089244,25.011373075535474,0.005877000942117482,29.408583333333336,2.0546512292477797,360.24589516908935,Bullish_LowVol
2020-07-09,10667.371428571429,64.27170177200318,0.03963069183782314,-0.12548088850552275,26.017540789260483,0.005891961766518443,29.23841666666667,2.208146699443499,364.8409402665361,Bullish_LowVol
2020-07-10,10715.657142857142,65.01531896235136,0.043430583859864286,-0.1023709151792388,27.303785759375437,0.005846823011713657,29.0625,2.3338915075393674,368.7107834101382,Bullish_LowVol
2020-07-13,10751.514285714287,65.56124887323601,0.04705323338380736,-0.07808533654364169,28.752050017324176,0.00577131448104081,28.8795,2.411563146663115,372.2887960565206,Bullish_LowVol
2020-07-14,10751.514285714287,65.56124887294337,0.05040825596330468,-0.04899800189153258,30.898034384444067,0.005591450641008472,28.763583333333333,2.4336043301897754,373.78911247315455,Bullish_LowVol
2020-07-15,10730.735714285713,64.94348101671486,0.053422284575123345,-0.042009098440386805,32.543617573706115,0.005449006431335369,28.6385,2.4618753890141103,374.6961507860297,Bullish_LowVol
2020-07-16,10722.207142857142,64.68688476019341,0.05599782275659819,-0.042009098440386805,33.28219228298334,0.00539587938691559,28.494250000000005,2.5241342959447346,376.29371339330356,Bullish_LowVol
2020-07-17,10750.199999999999,65.1504156443827,0.05821250725551254,-0.042009098440386805,34.610264752866335,0.005326370086008614,28.3435,2.6448224958362845,379.28272796231937,Bullish_LowVol
2020-07-20,10780.02142857143,65.64317207915828,0.06024865822829679,-0.042009098440386805,38.07777721426206,0.005097542283365515,28.179,2.713500300222808,382.5551449154133,Bullish_LowVol
2020-07-21,10836.335714285715,66.55897043937101,0.06200591004324313,-0.039304320885939936,40.52955292759456,0.004996467288623077,27.986416666666667,2.7692016684860756,387.1998278076227,Bullish_LowVol
2020-07-22,10883.464285714286,67.30697288261146,0.06334058273802205,-0.02917697157553678,40.964190381279124,0.004988115865487528,27.83466666666667,2.811357256990959,391.0039382202392,Bullish_LowVol
2020-07-23,10970.335714285715,68.63338682133389,0.06436822162600674,-0.018527954050673867,40.85387664492784,0.004926913842785985,27.667333333333335,2.848122183345252,396.5086039234855,Bullish_LowVol
2020-07-24,11052.614285714286,69.82273492256033,0.06517746676559204,-0.012695955538638892,40.72025584569584,0.004841854001446321,27.457749999999997,2.8392621635945594,402.5316817916358,Bullish_LowVol
2020-07-27,11108.592857142858,70.60061047179751,0.06581633196500528,-0.012695955538638892,40.27358063614212,0.0046990306272754485,27.205750000000002,2.7013326173356993,408.31783197092,Bullish_LowVol
2020-07-28,11165.57142857143,71.37101931291055,0.06621717238865511,-0.012695955538638892,40.181979807587325,0.004469665865246743,26.894999999999996,2.5478155789100843,415.1541709823919,Bullish_LowVol
2020-07-29,11191.378571428571,71.7153357275372,0.06626655766694806,-0.012695955538638892,40.23107914865174,0.004085440103962527,26.58691666666667,2.284979502976341,420.93555682821074,Bullish_LowVol
2020-07-30,11182.792857142855,71.42223481650275,0.06608203401984834,-0.012695955538638892,39.209996898151466,0.0037344606937875723,26.362666666666666,2.1145094944922525,424.1905038871708,Bullish_LowVol
2020-07-31,11174.342857142858,71.12879015332179,0.06565933247318656,-0.012695955538638892,37.51161855796664,0.003514911316049629,26.17025,2.0366085261512943,426.986477284048,Bullish_LowVol
2020-08-03,11128.07857142857,69.52474452396612,0.0650442340168161,-0.012695955538638892,32.968345732708535,0.003525305819053615,25.994416666666666,1.8747569593438638,428.09495262489975,Bullish_LowVol
2020-08-04,11113.949999999999,69.03710194056599,0.06427878090757959,-0.012695955538638892,30.49079371836034,0.0035225703372457674,25.81025,1.804841232629359,430.60218324115414,Bullish_LowVol
2020-08-05,11109.642857142857,68.8860313952618,0.06349638270674353,-0.012695955538638892,28.90678982590825,0.003543319648748423,25.609916666666667,1.7029371790875365,433.8023821687376,Bullish_LowVol
2020-08-06,11095.300000000001,68.37501310195366,0.062856385704762,-0.012695955538638892,28.802762945202794,0.0035485278464830565,25.390666666666664,1.5729878955476164,436.98340597594927,Bullish_LowVol
2020-08-07,11096.9,68.4018323667758,0.06231001480601925,-0.012695955538638892,29.49401350449169,0.0035178308956940246,25.185416666666665,1.5224747440478184,440.60815617503516,Bullish_LowVol
2020-08-10,11120.899999999998,68.80877722338818,0.06199693343802881,-0.012695955538638892,32.19777453487094,0.003402038309750817,24.97208333333333,1.4280436466047912,445.33328883920376,Bullish_LowVol
2020-08-11,11156.47857142857,69.40781851727353,0.06201112960324507,-0.012695955538638892,35.72242928589685,0.0032673900449953115,24.7135,1.351839838248227,451.43255999468187,Bullish_LowVol
2020-08-12,11216.02142857143,70.38412348563895,0.062268969299086624,-0.012058039058917003,41.12624658580369,0.003095205222684481,24.471083333333333,1.3722842590523376,458.33775627307455,Bullish_LowVol
2020-08-13,11245.335714285715,70.85380338354196,0.06258345034061895,-0.010239977091710317,42.154141323922836,0.0030723121261923138,24.273083333333332,1.4916619814667058,463.2841884921521,Bullish_LowVol
2020-08-14,11256.3,71.0300503029922,0.06287884987669198,-0.008585052396838488,41.67673298312956,0.0030840990349052726,24.13658333333333,1.5368731527497128,466.3584669191649,Bullish_LowVol
2020-08-17,11263.007142857143,71.13954558478487,0.06310097139799022,-0.008585052396838488,39.91005129453129,0.0030726123523378166,24.006916666666665,1.6067868830815273,469.156755915086,Bullish_LowVol
2020-08-18,11287.478571428572,71.54204797087567,0.06322436956378819,-0.008585052396838488,39.073064355173855,0.002998073623082862,23.851166666666664,1.719437023609792,473.2463920602866,Bullish_LowVol
2020-08-19,11307.228571428572,71.86682640352144,0.06325748575132048,-0.008585052396838488,38.08532824566444,0.00292432397836272,23.646416666666664,1.8059590874584912,478.179367758832,Bullish_LowVol
2020-08-20,11305.757142857143,71.80420815607904,0.06318590887573118,-0.008585052396838488,36.03834810656756,0.0029249470542678465,23.503249999999998,1.8711938552605176,481.0295232726174,Bullish_LowVol
2020-08-21,11314.785714285714,71.95797300930124,0.0630110149156452,-0.008585052396838488,34.66877077607223,0.0028438335513466862,23.336416666666665,1.9594840853516364,484.85531758813505,Bullish_LowVol
2020-08-24,11338.5,72.3639810724377,0.06294286174272397,-0.008585052396838488,34.3212772763138,0.002841798738566512,23.13566666666667,2.0622219701143263,490.08745515581995,Bullish_LowVol
2020-08-25,11380.478571428572,73.07183716100023,0.06291936888934081,-0.008585052396838488,35.48122208352603,0.0028386654735082766,22.891583333333333,2.0667931268083484,497.1468511248416,Bullish_LowVol
2020-08-26,11423.692857142858,73.78089620622217,0.06288459661427569,-0.008585052396838488,36.244269302300644,0.002844244127933908,22.658666666666665,2.064328889583022,504.1643899527565,Bullish_LowVol
2020-08-27,11448.535714285714,74.18173733693044,0.06287028209626114,-0.008585052396838488,36.75815718927745,0.00283629929597679,22.44308333333333,2.10943975273094,510.11420954276406,Bullish_LowVol
2020-08-28,11482.707142857142,74.72683097754597,0.06278026117279781,-0.008585052396838488,36.45274847817457,0.0028245493461012154,22.24941666666667,2.2108800014352674,516.0902559778185,Bullish_LowVol
2020-08-31,11493.464285714286,74.89794381077161,0.06252679912806022,-0.008585052396838488,35.14239458639653,0.0027559415569013176,22.18683333333333,2.1648472843060085,518.0308569969105,Bullish_LowVol
2020-09-01,11507.557142857142,75.12425006726872,0.06210162826937338,-0.008585052396838488,33.99428338579409,0.0027061161421638317,22.09925,2.1238325545642427,520.7216146637167,Bullish_LowVol
2020-09-02,11517.35,75.28306365460027,0.06144931427694758,-0.008585052396838488,32.68201473154259,0.0026658344613575413,21.97325,2.0641532193445165,524.1532317704482,Bullish_LowVol
2020-09-03,11525.235714285713,75.41270669216868,0.06065992508258545,-0.008585052396838488,31.44210783707782,0.0025576994956442193,21.83533333333333,2.0175270511936527,527.8250411085571,Bullish_LowVol
2020-09-04,11494.414285714285,73.85971441569802,0.05972305679630424,-0.008585052396838488,27.70186154580616,0.0026234589873511457,21.755916666666668,1.9534693367729001,528.3350943941358,Bullish_LowVol
2020-09-07,11465.242857142857,72.41215448150362,0.05865685921150362,-0.008585052396838488,24.62200645408557,0.002696124887435169,21.65558333333333,1.8549895068171185,529.4358817614946,Bullish_LowVol
2020-09-08,11418.064285714287,70.13218632819871,0.0574822076263235,-0.009298849171352375,21.874479553374297,0.0028341665469883213,21.624916666666667,1.8284236289638522,528.0050074511711,Bullish_LowVol
2020-09-09,11402.42142857143,69.38920838360627,0.05627959108203036,-0.010656119211692405,22.21240902015647,0.002817999753677338,21.562166666666666,1.7715255861257475,528.8161252458285,Bullish_LowVol
2020-09-10,11399.42142857143,69.24491480972311,0.05506884152132478,-0.010916417575593251,22.492675756350945,0.002808023868720361,21.446666666666665,1.6679642936995986,531.524157378214,Bullish_LowVol
2020-09-11,11389.342857142858,68.7522910676674,0.053775294823106695,-0.011790896126698147,21.0231238547574,0.002828030876413731,21.330666666666666,1.589586388044641,533.9421892022217,Bullish_LowVol
2020-09-14,11376.857142857143,68.13638238873578,0.05235029558366012,-0.012874233126933143,19.442227183268926,0.002847666757143135,21.1975,1.413099582843979,536.7074958300338,Bullish_LowVol
2020-09-15,11403.707142857142,68.75376323148865,0.05081554485480977,-0.012874233126933143,18.812978635023455,0.002783091266791932,21.09025,1.3270693583592013,540.7099082683771,Bullish_LowVol
2020-09-16,11439.35,69.55686583466962,0.04924970952857124,-0.012874233126933143,18.53889977435732,0.002755081180800815,20.959999999999997,1.2658944636512182,545.7705152671757,Bullish_LowVol
2020-09-17,11467.742857142859,70.18300258310222,0.04763840243149596,-0.012874233126933143,17.855920660863912,0.0025392756723078974,20.858333333333334,1.2049551668100982,549.7919068546316,Bullish_LowVol
2020-09-18,11500.164285714287,70.88433668187014,0.046001441876883944,-0.012874233126933143,17.324377927777128,0.0023373238896268033,20.77391666666667,1.168520779353528,553.5867150255385,Bullish_LowVol
2020-09-21,11471.778571428571,69.41812395662754,0.044342111892991365,-0.012874233126933143,14.188352865618528,0.002304293139949602,20.76316666666667,1.1533840638962993,552.5062123517721,Bullish_LowVol
2020-09-22,11427.378571428571,67.1885568677272,0.04265918698358495,-0.012874233126933143,10.146928190872826,0.002310819108317139,20.764833333333335,1.1543119934230464,550.3236355422342,Bullish_LowVol
2020-09-23,11383.350000000002,65.06320835163673,0.04104535922518075,-0.012874233126933143,7.157725518493518,0.0023965029593299774,20.76966666666667,1.154962630633687,548.0757193984817,Bullish_LowVol
2020-09-24,11281.028571428571,60.501491654478905,0.039509981081378584,-0.02118890657953687,3.1181056667060356,0.0028172688826099183,20.86775,1.2575861782355182,540.5963063305134,Bullish_LowVol
2020-09-25,11201.842857142856,57.31205177966369,0.038047636872619674,-0.02805954387050036,0.8099552886250099,0.0030384329413673844,20.8345,1.248730803932144,537.6583482753537,Bullish_LowVol
2020-09-28,11160.621428571427,55.74309493069192,0.03675647200740477,-0.03163616734209962,0.967404552576688,0.0030229249805916133,20.776666666666664,1.266125016525079,537.1709335105774,Bullish_LowVol
2020-09-29,11120.257142857141,54.25151500197926,0.03553149384891443,-0.03513841985258437,0.1847250918393797,0.0030721211492622516,20.754833333333337,1.2779018588760676,535.7912041142451,Bullish_LowVol
2020-09-30,11119.82857142857,54.23571117997035,0.0343643367421489,-0.03517560533314157,0.29850412615540556,0.0030714330511172586,20.740583333333333,1.2894311234516584,536.1386607462135,Bullish_LowVol
2020-10-01,11157.442857142858,55.40510392145139,0.03325770410683079,-0.03517560533314157,1.8016863406298311,0.003108658257291739,20.665000000000003,1.3613469496203947,539.9198092012028,Bullish_LowVol
2020-10-05,11210.514285714284,56.995307992703275,0.03219121961214262,-0.03517560533314157,3.2064572145209147,0.0031930507466966297,20.657249999999998,1.3662841865613649,542.6915143939433,Bullish_LowVol
2020-10-06,11332.92142857143,60.3407504491517,0.031169119720836372,-0.03517560533314157,5.294460006306741,0.0036009587695929727,20.670749999999998,1.3536378428080873,548.2588405631838,Bullish_LowVol
2020-10-07,11431.292857142858,62.73048191079423,0.030138686182470287,-0.03517560533314157,6.472747749742627,0.0038056030542128988,20.695583333333335,1.334608085849724,552.3542232670992,Bullish_LowVol
2020-10-08,11518.014285714287,64.65610736384491,0.029025846592289083,-0.03517560533314157,6.9166936221451385,0.0038927749935046777,20.7315,1.3100986406661264,555.5803625263144,Bullish_LowVol
2020-10-09,11616.842857142858,66.66898798761524,0.027964081343574396,-0.03517560533314157,8.099261338077666,0.004078958910461434,20.781000000000002,1.2656156672705765,559.0126970378161,Bullish_LowVol
2020-10-12,11714.471428571429,68.4873421507487,0.027006009654546092,-0.03517560533314157,9.57363767345311,0.004251628963178354,20.873666666666665,1.1801845876467387,561.2081296324602,Bullish_LowVol
2020-10-13,11788.407142857144,69.76838610196704,0.026180789868076558,-0.03517560533314157,10.766465184927101,0.004332739400979091,20.803,1.1206643272997159,566.6686123567343,Bullish_LowVol
2020-10-14,11855.221428571429,70.86609731997991,0.025455766609131163,-0.03517560533314157,11.46069261522879,0.004388780651220576,20.75,1.1094288294368304,571.3359724612737,Bullish_LowVol
2020-10-15,11857.785714285714,70.9076785766662,0.02477133544967982,-0.03517560533314157,11.08904865235859,0.004390883770643424,20.78175,1.1333110915242033,570.5864864261054,Bullish_LowVol
2020-10-16,11861.157142857144,70.96356228475518,0.024155761017598677,-0.03517560533314157,11.195001881613392,0.004388155937755214,20.819833333333335,1.1427603704920735,569.7047115102015,Bullish_LowVol
2020-10-19,11866.65,71.05646707477405,0.02360829436411217,-0.03517560533314157,11.112008690493969,0.004389280983504164,20.808666666666667,1.130863785916861,570.2744048953961,Bullish_LowVol
2020-10-20,11864.164285714285,70.95110066055176,0.02304327847634794,-0.03517560533314157,10.554923014405391,0.004392358677424536,20.83141666666667,1.162242497126052,569.5322826842926,Bullish_LowVol
2020-10-21,11865.121428571429,70.96810246193311,0.022398669035137004,-0.03517560533314157,9.73260611245982,0.004375544887505123,20.837833333333332,1.1735197450206736,569.402837558516,Bullish_LowVol
2020-10-22,11859.685714285715,70.72698666386924,0.0216749209455665,-0.03517560533314157,8.75600723115484,0.004358798018495219,20.851333333333333,1.1922670619981917,568.7734939869097,Bullish_LowVol
2020-10-23,11853.871428571429,70.46434294908848,0.020905682178635098,-0.03517560533314157,8.120598122358816,0.004359903828543146,20.870166666666666,1.2033964028108994,567.9816370371469,Bullish_LowVol
2020-10-26,11866.357142857143,70.70395204530573,0.020125267159327567,-0.03517560533314157,7.68660905291158,0.004346664506390541,20.940833333333334,1.2549598725092974,566.6611712136803,Bullish_LowVol
2020-10-27,11884.492857142857,71.0537884915737,0.01941772726697104,-0.03517560533314157,7.824635099225676,0.004348039163833652,20.974333333333334,1.2750927845434452,566.6207677864783,Bullish_LowVol
2020-10-28,11864.0,70.0838654106291,0.018725278575127763,-0.03517560533314157,7.093851514508626,0.004366411702484588,21.063750000000002,1.3401520998981487,563.2425375348644,Bullish_LowVol
2020-10-29,11831.714285714286,68.57136288858209,0.018040803095681738,-0.03517560533314157,6.201748572451475,0.004401153144395436,21.20916666666667,1.4170577722465643,557.8585180486874,Bullish_LowVol
2020-10-30,11789.535714285714,66.64420497190133,0.01737625981436175,-0.03517560533314157,5.150888079258221,0.0044521033085552315,21.364250000000002,1.5406779114154476,551.8347573299186,Bullish_LowVol
2020-11-02,11757.064285714285,65.19740091193637,0.016798208135576517,-0.03517560533314157,5.1307104670633725,0.004453618902135284,21.637166666666666,1.7981205146087347,543.3735602650202,Bullish_LowVol
2020-11-03,11740.371428571427,64.45956571590074,0.016305898197888743,-0.03517560533314157,5.408253230315798,0.004437061173939491,21.731499999999997,1.858995441555315,540.2467123103066,Bullish_LowVol
2020-11-04,11760.47857142857,64.94961187195852,0.015937770541782355,-0.03517560533314157,6.857082543752052,0.004373408192323133,21.805166666666665,1.8723387934534077,539.3436680035421,Bullish_LowVol
2020-11-05,11793.464285714286,65.74433807825503,0.015616372676669385,-0.03517560533314157,7.84529475713753,0.004371374393089472,21.720333333333333,1.8499529040291107,542.9688442034785,Bullish_LowVol
2020-11-06,11869.742857142857,67.49249488172086,0.015373761724352921,-0.03517560533314157,9.258942110400003,0.004456055466328111,21.71441666666667,1.8536915270071648,546.6295981767653,Bullish_LowVol
2020-11-09,11982.635714285714,69.82965064706755,0.01530380409312282,-0.03517560533314157,11.223389954259739,0.004641372238148714,21.73241666666667,1.8347000698380296,551.3715247630404,Bullish_LowVol
2020-11-10,12123.878571428571,72.37797629865192,0.015443051242249666,-0.03517560533314157,13.36930545605769,0.004911361586643709,21.7925,1.7975253583169284,556.3326177092381,Bullish_LowVol
2020-11-11,12278.164285714285,74.76588275129149,0.015748664411013847,-0.03517560533314157,14.700323308801908,0.0052163363551641345,21.87591666666667,1.7462449224041516,561.263990570191,Bullish_LowVol
2020-11-12,12403.492857142857,76.46125430011537,0.0161602576876429,-0.03517560533314157,15.671817225271818,0.005377998567372874,21.951583333333335,1.6337522238767654,565.038642944185,Bullish_LowVol
2020-11-13,12519.414285714285,77.87163122538553,0.01672587807471364,-0.03517560533314157,16.672170176097328,0.005500599115026988,21.951500000000003,1.6338708269963182,570.3215855733906,Bullish_LowVol
2020-11-17,12627.114285714286,79.06681464298372,0.017422247082244244,-0.03517560533314157,17.52327407257446,0.005592234182389099,21.926083333333334,1.6715904159444832,575.8946590574066,Bullish_LowVol
2020-11-18,12723.5,80.05559231882904,0.01833740522497413,-0.03517560533314157,19.495217458581017,0.005596916755771268,21.884083333333333,1.7266973762134117,581.4042930744948,Bullish_LowVol
2020-11-19,12767.878571428573,80.49076302170374,0.019450464756274575,-0.03517560533314157,21.33378010467615,0.005498603306002586,21.857083333333332,1.7570927795420574,584.1528980198749,Bullish_LowVol
2020-11-20,12800.442857142858,80.80595034591319,0.020713119590944948,-0.03517560533314157,23.085924918552998,0.005392385608213691,21.806750000000005,1.7998210100181475,586.9945249586873,Bullish_LowVol
2020-11-23,12825.77142857143,81.05017982069458,0.02220234525683204,-0.03517560533314157,27.186493714740728,0.005036795252701938,21.78975,1.8194591549080203,588.6148959291148,Bullish_LowVol
2020-11-24,12877.82142857143,81.54511489319631,0.023894696091567833,-0.03517560533314157,31.460183792370188,0.004755735912815607,21.756416666666667,1.8235403566882098,591.9091193129121,Bullish_LowVol
2020-11-25,12897.600000000002,81.73107750634311,0.025634772434097747,-0.03517560533314157,33.66226615489516,0.004623413473220107,21.805833333333332,1.8404261047718633,591.4747582833342,Bullish_LowVol
2020-11-26,12913.714285714286,81.88362222853061,0.027450593956370367,-0.03517560533314157,35.92063875808103,0.004489853000401059,21.746,1.8689903230315308,593.843202690807,Bullish_LowVol
2020-11-27,12918.1,81.92575006862454,0.029256857695339124,-0.03191195965623239,36.081139291459955,0.004482052196195173,21.650250000000003,1.8923945274210385,596.672093855729,Bullish_LowVol
2020-12-01,12966.292857142858,82.3873443260144,0.03100806123637896,-0.027307157647225133,36.17444447718619,0.004481630142449374,21.559166666666666,1.8951786983949248,601.4282953334401,Bullish_LowVol
2020-12-02,13002.67857142857,82.72890171427352,0.03267779648292339,-0.016686364642061635,35.67399438332534,0.00448126413000479,21.46825,1.9071731823337656,605.6701674066852,Bullish_LowVol
2020-12-03,13032.314285714285,83.00423544768795,0.034141443629944354,-0.012126847169991795,34.62055707678735,0.004331295945659058,21.374000000000002,1.9579958305402763,609.7274392118594,Bullish_LowVol
2020-12-04,13061.371428571429,83.2724028119859,0.0354620361856394,-0.012126847169991795,33.52740190542716,0.004253175336186314,21.213833333333337,2.0297861418406904,615.7006715070241,Bullish_LowVol
2020-12-07,13132.421428571428,83.90912704900173,0.03673140976053259,-0.012126847169991795,33.27996909020285,0.0042116526221800754,21.074833333333334,2.101783000599377,623.1328723155467,Bullish_LowVol
2020-12-08,13190.414285714285,84.40603969785592,0.037880682844006634,-0.012126847169991795,32.81194569459218,0.004128253547251429,20.919416666666667,2.1054801937476637,630.5345170896711,Bullish_LowVol
2020-12-09,13270.435714285715,85.05902954949254,0.03891543010172391,-0.012126847169991795,32.64568894334998,0.004068657089594265,20.749333333333333,2.0515683585697055,639.5596186681845,Bullish_LowVol
2020-12-10,13323.185714285713,85.47038353161571,0.039853472336722096,-0.012126847169991795,32.23832667596313,0.004038481598044582,20.548000000000002,1.9384169020637023,648.3933090464138,Bullish_LowVol
2020-12-11,13380.342857142856,85.9017491859957,0.040732817081754906,-0.012126847169991795,31.988506772131853,0.004021617716942758,20.334,1.751342170037333,658.0280740209922,Bullish_LowVol
2020-12-14,13440.949999999999,86.34271455446374,0.04168136182881549,-0.012126847169991795,33.36314972719307,0.004001799649392658,20.140416666666667,1.4961659453145217,667.3620621883856,Bullish_LowVol
2020-12-15,13485.135714285714,86.6548310907657,0.0426588080764791,-0.012126847169991795,34.44575748232527,0.003974820262762189,19.977250000000005,1.2857879225968463,675.0246262266184,Bullish_LowVol
2020-12-16,13531.842857142856,86.97749017143636,0.04367384310912397,-0.012126847169991795,35.52834284453483,0.003949675853748413,19.843916666666665,1.1391002732291091,681.9139126840479,Bullish_LowVol
2020-12-17,13581.521428571428,87.312139076115,0.04475992704501287,-0.012126847169991795,37.0320834501847,0.003908816856340752,19.783666666666665,1.1254787742395396,686.5017318278426,Bullish_LowVol
2020-12-18,13614.585714285713,87.53087302418493,0.045912672770993534,-0.012126847169991795,38.048126391739956,0.0038752490479579895,19.721166666666665,1.1364787445354974,690.3539706551699,Bullish_LowVol
2020-12-21,13593.17142857143,86.53984997941907,0.04709411099779229,-0.012126847169991795,37.402203696726616,0.003907958072496291,19.82375,1.3001312516631127,685.701314260492,Bullish_LowVol
2020-12-22,13586.378571428571,86.22224588134857,0.04829962045478183,-0.012126847169991795,37.39709523833028,0.003908201535668106,19.837333333333333,1.3210461393525277,684.8893620494306,Bullish_LowVol
2020-12-23,13592.514285714287,86.2689314144162,0.0495148139675645,-0.012126847169991795,37.121083910802284,0.003918702244724282,19.786083333333334,1.26142634157895,686.9734680039061,Bullish_LowVol
2020-12-24,13618.42857142857,86.46756349530895,0.05072288866641926,-0.012126847169991795,37.27139426793329,0.003914503616408868,19.764333333333333,1.2521429791478507,689.040623923325,Bullish_LowVol
2020-12-28,13645.642857142857,86.67517887653678,0.05200373652027869,-0.012126847169991795,39.18381931479241,0.003832505156546085,19.7885,1.2578915719949477,689.5743920531045,Bullish_LowVol
2020-12-29,13673.057142857142,86.88309599439856,0.05337521350659232,-0.012126847169991795,41.99160534563108,0.003706162945691809,19.843833333333333,1.2644198842463406,689.0330569290447,Bullish_LowVol
2020-12-30,13704.685714285715,87.12089636268948,0.05485729492147,-0.012126847169991795,46.07401658195409,0.003525737851378217,19.887416666666663,1.285307638495189,689.1134200077462,Bullish_LowVol
2020-12-31,13798.021428571428,87.79082883464095,0.056446467903853895,-0.012126847169991795,51.157373488919575,0.0033933351319621096,19.95325,1.295186904033034,691.5174935697908,Bullish_LowVol
2021-01-01,13876.907142857144,88.31760157813238,0.058099223692264945,-0.010434966574089155,55.378258706566406,0.003286162415260328,19.952916666666667,1.2952902223273504,695.4826391892819,Bullish_LowVol
2021-01-04,13952.878571428571,88.795121589456,0.05972303315337102,-0.007659440964185582,57.05989865208771,0.0032671103429631637,19.966666666666665,1.293795427876744,698.8086095874077,Bullish_LowVol
2021-01-05,14017.199999999999,89.17919983747774,0.06131464118935363,-0.0020718326248843066,57.86509064406545,0.003258555611032514,19.99475,1.2950980774334344,701.0440240563147,Bullish_LowVol
2021-01-06,14056.207142857145,89.40508814678442,0.06278235296479737,-0.0020718326248843066,56.700619357001266,0.0032487274230211366,20.00133333333333,1.2998127738739151,702.7635062424412,Bullish_LowVol
2021-01-07,14085.457142857142,89.57250208146615,0.06404268308609226,-0.0020718326248843066,55.70013924351845,0.0031506035401917447,19.986583333333332,1.2898871380947843,704.7456239989564,Bullish_LowVol
2021-01-08,14137.642857142857,89.86553488127272,0.0650623235336175,-0.0020718326248843066,57.46519374605035,0.0028904281692368377,19.903666666666666,1.1537913016726455,710.3034377489671,Bullish_LowVol
2021-01-11,14209.5,90.25238967207243,0.06587587940256921,-0.0020718326248843066,62.4844954014219,0.0025173990529222833,19.982333333333333,1.239446993854145,711.1031411079787,Bullish_LowVol
2021-01-12,14287.35,90.649022113661,0.06655349855064702,-0.0020718326248843066,65.91670545647047,0.0023041379250201004,20.083333333333332,1.3445498755403067,711.4033195020747,Bullish_LowVol
2021-01-13,14349.057142857142,90.94844532143814,0.06709283588519584,-0.0020718326248843066,69.31753790001815,0.0021083328952160156,20.187,1.4667948872895182,710.806813437219,Bullish_LowVol
2021-01-14,14405.642857142857,91.21307118313035,0.0675100656851389,-0.0020718326248843066,72.74423247364493,0.0019362354586255266,20.291,1.5542929426988648,709.9523363630603,Bullish_LowVol
2021-01-15,14446.707142857142,91.40020406526597,0.06775380024159755,-0.0020718326248843066,75.02827890514725,0.0018051192925764938,20.458000000000002,1.6752414133798166,706.1641970308506,Bullish_LowVol
2021-01-18,14467.27142857143,91.49325508731242,0.06788811664553779,-0.0020718326248843066,72.90915972832362,0.0018255467188511274,20.67025,1.7580133465714907,699.9079076726905,Bullish_LowVol
2021-01-19,14492.114285714286,91.60579226308177,0.0679397319707766,-0.0020718326248843066,71.93981991430014,0.0018370529438278811,20.832666666666668,1.7300551781777311,695.6437463141677,Bullish_LowVol
2021-01-20,14514.964285714286,91.70926023388857,0.06786383896415718,-0.0020718326248843066,71.40376412204715,0.0018444829017043311,20.930416666666666,1.6827787829868233,693.4866379812929,Bullish_LowVol
2021-01-21,14518.807142857144,91.72685001868622,0.06761932511514604,-0.0020718326248843066,67.39094074392565,0.0018908665657266202,21.03908333333333,1.6534813695252706,690.0874393065515,Bullish_LowVol
2021-01-22,14491.242857142857,90.31715427717276,0.06727686259210404,-0.0020718326248843066,60.80825080030591,0.002031980734242422,21.16275,1.6116822104289483,684.7523529381984,Bullish_LowVol
2021-01-25,14440.285714285714,87.75987239445823,0.06682503304540607,-0.0054082561879100766,52.321168218475385,0.002259376067073062,21.311249999999998,1.590622539968084,677.5898041778739,Bullish_LowVol
2021-01-27,14373.685714285715,84.55072092729716,0.06631139986690793,-0.00999540989445713,44.741460561975444,0.0025184247870668236,21.47758333333333,1.6441441914034733,669.2412964347657,Bullish_LowVol
2021-01-28,14307.435714285713,81.50975969857727,0.06569421468579113,-0.014558456937381337,37.44487656941485,0.0027622743534365885,21.64241666666667,1.6706365557583505,661.0830913500439,Bullish_LowVol
2021-01-29,14180.785714285714,76.14038938476062,0.06495940938174669,-0.023281625359816704,27.53775537120762,0.003290208535457588,21.847166666666666,1.7361005569025951,649.0903800318446,Bullish_LowVol
2021-02-01,14128.857142857143,74.08800725903909,0.06424873369707396,-0.02685826708510597,24.623457030518768,0.0034170791572840017,21.985999999999997,1.679196955033102,642.6297254096764,Bullish_LowVol
2021-02-02,14137.07142857143,74.200832853036,0.06359017581045492,-0.02685826708510597,24.049396570345724,0.0034245081571531266,22.143416666666667,1.5708741091995118,638.4322546688337,Bullish_LowVol
2021-02-03,14196.792857142858,75.01215148271328,0.06294004940462027,-0.02685826708510597,23.84937899443447,0.0033983751696273347,22.161916666666666,1.586811849673333,640.5940907852972,Bullish_LowVol
2021-02-04,14290.614285714284,76.21723024228588,0.062361655767310016,-0.02685826708510597,24.13270958704771,0.003456265671681404,22.199833333333334,1.5960022704011962,643.7261970006209,Bullish_LowVol
2021-02-05,14427.292857142855,77.81577431946415,0.06184991191128612,-0.02685826708510597,24.197602958525867,0.0036026510896714327,22.297166666666666,1.577377069549182,647.0460158828636,Bullish_LowVol
2021-02-08,14612.757142857143,79.71346451540556,0.061471271240545175,-0.02685826708510597,24.34652475953354,0.003975578583024929,22.430166666666665,1.5419884628425609,651.4778672854479,Bullish_LowVol
2021-02-09,14823.42857142857,81.55199632765827,0.06123135790043121,-0.02685826708510597,24.49131358076141,0.004403650126128982,22.558249999999997,1.529438446360699,657.1178425378109,Bullish_LowVol
2021-02-10,14941.328571428572,82.46420115864396,0.06098564031485571,-0.02685826708510597,24.942727765920093,0.00447534933190585,22.663666666666664,1.5122502263599655,659.2635159695507,Bullish_LowVol
2021-02-11,15016.392857142857,83.01270803702825,0.06072854472953033,-0.02685826708510597,25.289853684273446,0.004490001533198423,22.728166666666667,1.484713477137839,660.6952983658833,Bullish_LowVol
2021-02-12,15069.728571428572,83.39130078158313,0.060439812081940346,-0.02685826708510597,25.30937562722784,0.0044904067861161415,22.793166666666664,1.4530971579953085,661.1511595476088,Bullish_LowVol
2021-02-15,15129.592857142858,83.80675865891885,0.060112453215870866,-0.02685826708510597,25.37299262938621,0.004492322008459863,22.857000000000003,1.3441470183338875,661.9238245239032,Bullish_LowVol
2021-02-16,15185.192857142856,84.1836363158803,0.059775642895901746,-0.02685826708510597,25.666605047147744,0.004494637903670392,22.915333333333333,1.2520482758491382,662.6651524660135,Bullish_LowVol
2021-02-17,15198.492857142857,84.27343556263025,0.05948407410942104,-0.02685826708510597,26.53397167810229,0.004450808898560271,22.950166666666668,1.1946013498472199,662.2388881914957,Bullish_LowVol
2021-02-18,15199.871428571429,84.28292216847042,0.059201808814716046,-0.02685826708510597,26.744086303151253,0.004440537791081258,22.968416666666666,1.1675786326860713,661.7727137731056,Bullish_LowVol
2021-02-19,15182.050000000001,83.61416951135318,0.0589075079967679,-0.02685826708510597,26.161134659620846,0.00447006579812129,23.022916666666667,1.0894858173761124,659.4320875938829,Bullish_LowVol
2021-02-22,15110.964285714286,80.98530994833375,0.058528801403237754,-0.02685826708510597,23.712818140494456,0.004621836351907741,23.18391666666667,1.0820589575633135,651.7865166173799,Bullish_LowVol
2021-02-23,15045.892857142859,78.66330527120573,0.05803350512851725,-0.02685826708510597,21.60725866388816,0.0047491065115823645,23.27875,1.132876402775185,646.3359440323411,Bullish_LowVol
2021-02-24,14998.364285714286,77.00921449844026,0.057425519706504,-0.02685826708510597,20.063136757471412,0.004831167292079677,23.32275,1.1411530674169823,643.0787229513795,Bullish_LowVol
2021-02-25,14967.492857142857,75.94535152176218,0.056702822859479446,-0.02685826708510597,18.879390999969907,0.004880675887905981,23.309416666666667,1.1438523241079428,642.1221548005072,Bullish_LowVol
2021-02-26,14870.385714285716,72.70496437149073,0.055715386159552224,-0.02685826708510597,15.509673472675843,0.005010982337649726,23.479916666666664,1.4425869488125778,633.3236154707697,Bullish_LowVol
2021-03-01,14819.32857142857,71.06972602739864,0.0545408395140924,-0.02685826708510597,13.47386984611299,0.005040343357003833,23.533749999999998,1.4923264570159138,629.7053623595292,Bullish_LowVol
2021-03-02,14810.378571428571,70.78349880641895,0.05325227849248208,-0.02685826708510597,12.257453975538025,0.005013835059066427,23.507416666666664,1.483549227960075,630.0300361132226,Bullish_LowVol
2021-03-03,14891.792857142858,71.84155310337752,0.05195476157229113,-0.02685826708510597,12.404765690081359,0.00502986224148915,23.4805,1.5022049024566666,634.2195803812891,Bullish_LowVol
2021-03-04,14945.07142857143,72.509751987437,0.0507078154823441,-0.02685826708510597,12.55558219844319,0.005036518719950827,23.567166666666665,1.461435691916863,634.1479924147902,Bullish_LowVol
2021-03-05,14938.8,72.30261371973666,0.04951236640455994,-0.02685826708510597,12.008036899531017,0.005045225675992766,23.67983333333333,1.4809639703951338,630.8659267027499,Bullish_LowVol
2021-03-08,14918.635714285716,71.62784098315431,0.048342837386059934,-0.02685826708510597,10.935845723537799,0.005051468866633808,23.754916666666666,1.472093495691355,628.0230709131393,Bullish_LowVol
2021-03-09,14999.957142857142,72.68238298630925,0.04725889781513889,-0.02685826708510597,10.996517000931869,0.005058763564329106,23.729916666666668,1.487341339456681,632.111665353108,Bullish_LowVol
2021-03-10,15058.992857142859,73.41802075622047,0.04620603442165344,-0.02685826708510597,10.732178579263476,0.005032418682906008,23.608416666666663,1.5774954892732616,637.8654303575149,Bullish_LowVol
2021-03-12,15074.971428571429,73.61525964261565,0.04516814024842384,-0.02685826708510597,10.099591402919003,0.005009082379372511,23.522333333333336,1.6091643437066332,640.8790835052401,Bullish_LowVol
2021-03-15,15029.814285714285,72.06531771870675,0.04409682682984393,-0.02685826708510597,8.608165733768018,0.0050333904577969865,23.38516666666667,1.6239765919691393,642.7071698889303,Bullish_LowVol
2021-03-16,15005.485714285713,71.23654402845543,0.043024888018266726,-0.02685826708510597,7.670488682351314,0.005042522450746328,23.28075,1.725666057067988,644.5447725818847,Bullish_LowVol
2021-03-17,14974.514285714287,70.18269187827266,0.04193540944488884,-0.02685826708510597,6.9230661044830475,0.005064433024281302,23.174500000000002,1.8172702861992729,646.1634247001784,Bullish_LowVol
2021-03-18,14917.607142857143,68.279135322281,0.04078958385024019,-0.02685826708510597,5.739179896104044,0.005115766169231703,23.052333333333333,1.898950587385748,647.1191842990793,Bullish_LowVol
2021-03-19,14866.978571428572,66.63009797831246,0.039589352856454714,-0.02685826708510597,4.704477944068533,0.005155049980882034,22.94783333333333,1.9795075943504996,647.8597937973188,Bullish_LowVol
2021-03-22,14804.35,64.64913033572378,0.03838035690423466,-0.02685826708510597,3.774085043896151,0.005211091299162941,22.850416666666668,2.027064941559151,647.880964971463,Bullish_LowVol
2021-03-23,14773.464285714286,63.691345662395946,0.03721274184113755,-0.02805333879703864,3.7356315800024844,0.005213391180626462,22.740666666666666,2.0540106828000746,649.6495684257696,Bullish_LowVol
2021-03-24,14719.164285714285,62.03415071292955,0.03610351819318254,-0.031625737435749035,3.7021382726139254,0.005216590227889379,22.680166666666665,2.0340445030109953,648.9883651228732,Bullish_LowVol
2021-03-25,14635.514285714287,59.58458770485511,0.035044669963180605,-0.03712907346020777,3.4722466496784117,0.005246121251036299,22.638333333333335,2.019830495334799,646.4925694933794,Bullish_LowVol
2021-03-26,14604.942857142856,58.71551557020293,0.034116647487195936,-0.03914036866853199,3.9999473239552086,0.005198539184882988,22.5585,2.0503038673024125,647.4252657376535,Bullish_LowVol
2021-03-30,14645.978571428572,59.52818920566797,0.03346872058501457,-0.03914036866853199,6.585270611619783,0.0049814883260283745,22.478666666666665,2.0771592144797717,651.5501470177015,Bullish_LowVol
2021-03-31,14638.364285714286,59.30601654480206,0.0329291506758338,-0.03914036866853199,7.309423926292152,0.004933556342750671,22.451,2.0964267218291637,652.0139096572218,Bullish_LowVol
2021-04-01,14657.07142857143,59.68516259342574,0.032417414416768424,-0.03914036866853199,7.455494293316292,0.004933639916906949,22.391250000000003,2.1412744704399755,654.5892448421338,Bullish_LowVol
2021-04-05,14631.792857142858,58.924291390284296,0.03184759343542331,-0.03914036866853199,6.226550379771207,0.004920978922934346,22.38158333333333,2.146062601857488,653.7425274713001,Bullish_LowVol
2021-04-06,14650.95,59.32730646880832,0.031187240437733296,-0.03914036866853199,5.220291532549997,0.004830161524271291,22.358166666666666,2.1593255984749646,655.2840498251944,Bullish_LowVol
2021-04-07,14721.542857142855,60.781598181103774,0.030425414047281732,-0.03914036866853199,4.376232284729301,0.004660486542326048,22.291416666666667,2.193465774723745,660.413067382865,Bullish_LowVol
2021-04-08,14773.9,61.82006900055725,0.029442041657062584,-0.03914036866853199,2.599394756831111,0.0042423515519243865,22.1195,2.1371389995617194,667.912927507403,Neutral_VeryLowVol
2021-04-09,14772.435714285715,61.77314992713306,0.028154980088607947,-0.03914036866853199,-0.9636275206088479,0.003569862482106426,21.938083333333335,2.094791537992045,673.3694776261545,Neutral_VeryLowVol
2021-04-12,14718.164285714285,60.04091010722113,0.026679484056407344,-0.03914036866853199,-4.436610729187944,0.0033665428891787724,21.899,2.062450375578414,672.0929853287495,Neutral_VeryLowVol
2021-04-13,14666.371428571427,58.4369634842267,0.025074711921906814,-0.03914036866853199,-7.094499039719784,0.0032855439196165285,21.817916666666665,2.0698474751540763,672.2168597783058,Neutral_VeryLowVol
2021-04-15,14658.32142857143,58.18916072730283,0.02341458780402239,-0.03914036866853199,-8.487746258554441,0.0032164293004960367,21.57616666666667,1.695340182185497,679.3756117585651,Neutral_VeryLowVol
2021-04-16,14648.942857142856,57.89580015267474,0.021689241704770112,-0.03914036866853199,-10.16104731780549,0.0031265345461080874,21.402083333333334,1.5248116168738528,684.4634061548302,Neutral_VeryLowVol
2021-04-19,14583.285714285714,55.873227697961944,0.0198447546979365,-0.04056519275069059,-12.815823226200543,0.003092877198037595,21.36475,1.4821293730466678,682.5863028720539,Neutral_VeryLowVol
2021-04-20,14500.800000000001,53.46647894190327,0.01789091987991814,-0.04599193038286975,-14.514950931975275,0.003162628505587269,21.375916666666665,1.4890279002231994,678.3709080702193,Neutral_VeryLowVol
2021-04-22,14439.557142857142,51.768377474310974,0.015877325150205013,-0.048905968373365805,-15.670849083569733,0.003191984016678531,21.338416666666667,1.4297415795152761,676.6929978180422,Neutral_VeryLowVol
2021-04-23,14443.92142857143,51.880079248346206,0.013901617466505665,-0.048905968373365805,-15.185096109288368,0.0032017251976258396,21.242749999999997,1.2178431595268486,679.9459311328068,Neutral_VeryLowVol
2021-04-26,14441.092857142858,51.80033302713925,0.012064936952087766,-0.048905968373365805,-14.044902876113191,0.0031563164238820078,21.203416666666666,1.118141832062748,681.0738610747258,Neutral_VeryLowVol
2021-04-27,14451.32142857143,52.07356268785495,0.010369487292785244,-0.048905968373365805,-12.64028384819636,0.003126289878024161,21.223,1.1463323072391058,680.9273631706842,Neutral_VeryLowVol
2021-04-28,14486.564285714285,53.01479418241378,0.008807070783958178,-0.048905968373365805,-10.824437108287498,0.0031524707261141633,21.284083333333335,1.1687256328516527,680.6289967408017,Neutral_VeryLowVol
2021-04-29,14563.057142857144,54.98288059818415,0.007388132383587401,-0.048905968373365805,-8.209104994545026,0.003291581628653835,21.337333333333333,1.2237791124591846,682.5153319466887,Neutral_VeryLowVol
2021-04-30,14610.871428571427,56.16017219322971,0.006253983822922317,-0.048905968373365805,-5.434914716511105,0.003211044340243654,21.397333333333332,1.261745153877266,682.8360899444523,Neutral_VeryLowVol
2021-05-03,14643.442857142858,56.94683024538865,0.0053015430804081,-0.048905968373365805,-3.7086461430958937,0.003200270159795825,21.514083333333335,1.307395984412105,680.6445169083596,Neutral_VeryLowVol
2021-05-04,14665.607142857143,57.47934229987427,0.004448117958149257,-0.048905968373365805,-3.042807593965129,0.003212493138361294,21.609166666666667,1.309059502699788,678.6752755940215,Neutral_VeryLowVol
2021-05-05,14684.585714285713,57.93625935170448,0.0035276270852058404,-0.048905968373365805,-4.508414620871655,0.0030862697789536334,21.671916666666664,1.2779810794245872,677.5859256081357,Neutral_VeryLowVol
2021-05-06,14694.835714285713,58.18515859545857,0.002558735428770231,-0.048905968373365805,-5.5343887357956,0.0030253918846878526,21.740166666666667,1.23900212444016,675.9302235164885,Neutral_VeryLowVol
2021-05-07,14688.921428571428,57.98211767183927,0.0016204916327384315,-0.048905968373365805,-5.528808299770574,0.0030253928033601666,21.751166666666666,1.2289674901938763,675.3164854868212,Neutral_VeryLowVol
2021-05-10,14695.699999999999,58.15377364336957,0.0007667589962558382,-0.048905968373365805,-4.940582932579409,0.0030246306227245793,21.7365,1.244899178856125,676.0840061647459,Neutral_VeryLowVol
2021-05-11,14727.078571428572,58.94998515084852,-0.0001374124706770924,-0.048905968373365805,-6.26447981352503,0.0029039852119321133,21.649,1.2842850889325903,680.2659971097312,Neutral_VeryLowVol
2021-05-12,14735.985714285713,59.17613013262858,-0.0010683101481220032,-0.048905968373365805,-7.602299795560757,0.0028214425200969095,21.56175,1.299420154172002,683.4318046673259,Neutral_VeryLowVol
2021-05-14,14761.885714285714,59.836013497086256,-0.001952049245637361,-0.048905968373365805,-7.329169170944849,0.002833687849066496,21.549,1.3105040817469007,685.0380859569221,Neutral_VeryLowVol
2021-05-17,14805.5,60.926840606761196,-0.0026737200354730382,-0.048905968373365805,-5.22475889889833,0.0028565186531290406,21.51425,1.3484371780974036,688.1717931138663,Neutral_VeryLowVol
2021-05-18,14860.257142857143,62.24715158312215,-0.003272301704702342,-0.048905968373365805,-3.314484998941438,0.002920020832365534,21.46741666666667,1.402965068772146,692.2238187108591,Neutral_VeryLowVol
2021-05-19,14889.828571428572,62.94077061254155,-0.003775300298963568,-0.048905968373365805,-1.9331791773648912,0.002925400301700977,21.445083333333333,1.4323605250948541,694.3236517194806,Neutral_VeryLowVol
2021-05-20,14884.642857142857,62.73346920774037,-0.0041645747519619206,-0.048905968373365805,-0.7713284612492636,0.0028648715012526606,21.393000000000004,1.468955528539588,695.7716476016853,Neutral_VeryLowVol
2021-05-21,14931.007142857143,63.826008324777774,-0.004408412204728022,-0.048905968373365805,1.5085107067111045,0.002854977564770814,21.334333333333333,1.5258461379775643,699.8581539704612,Neutral_VeryLowVol
2021-05-24,15002.607142857143,65.43120094781278,-0.004480932376007348,-0.048905968373365805,4.6817603979909155,0.0028604233555367575,21.297083333333333,1.5663953627582996,704.4442146392727,Neutral_VeryLowVol
2021-05-25,15078.414285714285,67.02036613010812,-0.004459351323659206,-0.048905968373365805,7.051422442935778,0.0029273156698760646,21.248083333333334,1.6203212063603476,709.6364433990965,Neutral_VeryLowVol
2021-05-26,15132.457142857142,68.09286326270174,-0.0043423934704100746,-0.048905968373365805,9.730618905243238,0.00288558773197567,21.284333333333333,1.598477849950086,710.9669307404731,Neutral_VeryLowVol
2021-05-27,15165.278571428571,68.72635845996781,-0.00411175388195878,-0.048905968373365805,13.39801142002494,0.0027016827210338454,21.181499999999996,1.5837970796963285,715.9681123352252,Neutral_VeryLowVol
2021-05-28,15223.207142857142,69.81135857705318,-0.0038362250016963943,-0.048905968373365805,15.701991715767353,0.0026959979276315136,21.079583333333336,1.7239954700481606,722.1778012464101,Neutral_VeryLowVol
2021-05-31,15319.885714285714,71.50364339508427,-0.0036555286511156717,-0.048905968373365805,16.367491221560655,0.0028112505182581334,20.94608333333333,1.886582122486195,731.396198061804,Neutral_VeryLowVol
2021-06-01,15376.964285714286,72.43917894565598,-0.0034576332699976773,-0.048905968373365805,17.84492272464643,0.002827496532550936,20.845583333333334,1.9937972438821627,737.660541315992,Neutral_VeryLowVol
2021-06-02,15431.035714285714,73.2911337282541,-0.0032390308799571305,-0.048905968373365805,18.52527559080698,0.0028504211973186377,20.66975,2.0751722352696307,746.5516377452902,Neutral_VeryLowVol
2021-06-03,15499.878571428573,74.327421357139,-0.002869640550138176,-0.048905968373365805,20.81411686065614,0.0028504083168544763,20.447083333333335,2.232739936070908,758.0483885523316,Neutral_VeryLowVol
2021-06-04,15552.564285714287,75.08616457408648,-0.0024100429865829636,-0.048905968373365805,21.465236886946403,0.0028669446765806125,20.210916666666666,2.323519966757127,769.5130578300153,Neutral_VeryLowVol
2021-06-07,15611.67857142857,75.905639538717,-0.0019057775537035958,-0.048905968373365805,21.281963102339034,0.0028411306988060368,19.9735,2.423221494992279,781.6195745076511,Neutral_VeryLowVol
2021-06-08,15655.17142857143,76.48919675271863,-0.001298472371990094,-0.048905968373365805,21.083698949486024,0.0028292265749639478,19.697833333333335,2.478567416226788,794.7661635495323,Neutral_VeryLowVol
2021-06-09,15662.67857142857,76.58957266490704,-0.0005070786801146387,-0.048905968373365805,21.35078232859107,0.0028225561883886705,19.420166666666667,2.5518281929699587,806.5161767284131,Neutral_VeryLowVol
2021-06-10,15685.949999999999,76.90308865430836,0.0004919158366710591,-0.048905968373365805,24.383837486837187,0.002696643312069593,19.167583333333333,2.6027854346214787,818.3582524314054,Neutral_VeryLowVol
2021-06-11,15717.828571428572,77.32964833418043,0.0016648791455107787,-0.048905968373365805,27.935785213604795,0.0025663034826747737,18.860833333333336,2.640364748618399,833.3581180450796,Bullish_VeryLowVol
2021-06-14,15735.185714285713,77.56106936362133,0.0029076660641578827,-0.048905968373365805,28.902918079026588,0.0025417629279240847,18.583750000000002,2.624144010680949,846.7174662963994,Bullish_VeryLowVol
2021-06-15,15763.614285714284,77.93936793275412,0.004236878684233983,-0.048905968373365805,30.29911872584464,0.0025113693383142493,18.28083333333333,2.537146045751185,862.3028282288893,Bullish_VeryLowVol
2021-06-16,15765.885714285714,77.96980412559543,0.005720575229657423,-0.048905968373365805,35.08371550635918,0.002311409582796535,18.009333333333334,2.44785426210495,875.4286137346772,Bullish_VeryLowVol
2021-06-17,15758.92857142857,77.6333329728455,0.007342997187672326,-0.048905968373365805,43.450131903926845,0.0019968340019989365,17.786833333333334,2.3785201619744947,885.9884317854164,Bullish_VeryLowVol
2021-06-18,15765.785714285714,77.73048231444554,0.009069529645796891,-0.04414297092697583,52.8256029422586,0.0017386815409655585,17.545583333333337,2.298474258117661,898.5615020467094,Bullish_VeryLowVol
2021-06-21,15767.035714285714,77.74855235178748,0.01077037418741229,-0.04204840947341293,52.48678586010891,0.0017452685496440804,17.3535,2.255564727818505,908.5795784300408,Bullish_VeryLowVol
2021-06-22,15763.235714285713,77.55234640676755,0.012408879717712675,-0.04136989598653584,52.410450204375614,0.0017468693795051524,17.170583333333333,2.2370992882691594,918.0372855291683,Bullish_VeryLowVol
2021-06-23,15745.392857142857,76.62114277494045,0.013957301340139401,-0.039032056919321434,49.47106216416007,0.001810087015086875,17.02175,2.2023253923115824,925.0161033467684,Bullish_VeryLowVol
2021-06-24,15734.135714285714,76.0304030517211,0.015394890265286882,-0.033957894258032195,46.177820016455186,0.0018649474353351482,16.855666666666664,2.1510158920416598,933.462676110055,Bullish_VeryLowVol
2021-06-25,15747.392857142857,76.25155959130454,0.01668820254413672,-0.03078612800024272,45.18329838501513,0.0017998832732324722,16.625666666666667,2.1425002447725117,947.1736185301555,Bullish_VeryLowVol
2021-06-28,15765.007142857143,76.54644831032826,0.017833190279480233,-0.028625498461025245,44.09134858387248,0.0017915435873090194,16.418833333333332,2.1442222620789835,960.1782795889159,Bullish_VeryLowVol
2021-06-29,15774.307142857144,76.70309978937227,0.018886921780788775,-0.02715522796536929,42.84111494348299,0.0018026297199024558,16.210916666666666,2.163557543218071,973.0669441594694,Bullish_VeryLowVol
2021-06-30,15770.735714285716,76.50184223965609,0.019891440681543665,-0.025896282200961407,41.13195316199318,0.0018320335701362792,16.00183333333333,2.1560592177800793,985.5580536158807,Bullish_VeryLowVol
2021-07-01,15757.485714285716,75.74559131465952,0.020919560014619764,-0.02560867208466644,38.89999912261159,0.0018782264629372337,15.774750000000001,2.1166985262105267,998.9055746864905,Bullish_VeryLowVol
2021-07-02,15762.52142857143,75.83869246410927,0.021976737271012296,-0.02560867208466644,38.55133776841726,0.0018846870379844983,15.54175,2.1250233416567372,1014.2050559667624,Bullish_VeryLowVol
2021-07-05,15768.792857142858,75.95657824107701,0.023040721580520427,-0.025159014752930253,39.41192082686373,0.0018653251302507068,15.306333333333333,2.1049059825564824,1030.2136059458737,Bullish_VeryLowVol
2021-07-06,15762.778571428573,75.5938009259244,0.024069665330878193,-0.02307751353236398,38.51627567768639,0.0018852191148975253,15.087416666666666,2.06560518427376,1044.7632566716352,Bullish_VeryLowVol
2021-07-07,15772.057142857142,75.77686265648371,0.02512009643717758,-0.022486657164950907,37.48194615599475,0.0018930786103825861,14.79875,1.8197491478790961,1065.7695509997225,Bullish_VeryLowVol
2021-07-08,15769.121428571429,75.59286754162454,0.026200300815352278,-0.01782647252556102,36.72478575548667,0.0019090570726442019,14.587083333333334,1.5547331907887094,1081.033203706802,Bullish_VeryLowVol
2021-07-09,15764.592857142856,75.30358107205917,0.027246025466498323,-0.013327506892717222,35.11073438828547,0.0019346052257169187,14.438416666666665,1.4880407570157645,1091.8505277339636,Bullish_VeryLowVol
2021-07-12,15766.392857142857,75.34205007466296,0.02818335873276487,-0.007630106771886802,33.49777654951944,0.0019374740980713729,14.308666666666666,1.4361532271849857,1101.8771507111908,Bullish_VeryLowVol
2021-07-13,15779.271428571428,75.62071891738836,0.029020648614211806,-0.0020866319196696237,32.38105050311357,0.0019098752635650976,14.149833333333333,1.3444733511505012,1115.1559920779816,Bullish_VeryLowVol
2021-07-14,15782.07142857143,75.68200261710746,0.029785327975032617,-0.0020866319196696237,31.21794183411391,0.0019195044138724156,13.995833333333334,1.2426005706423782,1127.6264194275507,Bullish_VeryLowVol
2021-07-15,15797.207142857142,76.01626019598737,0.0305214705749998,-0.0020866319196696237,32.285200353720136,0.0018989851284082673,13.88,1.235872231427523,1138.1273157678056,Bullish_VeryLowVol
2021-07-16,15803.457142857142,76.15507058655906,0.0311449260563135,-0.0020866319196696237,30.94950779262806,0.0018879813381353727,13.738833333333334,1.2343252961766074,1150.276501609099,Bullish_VeryLowVol
2021-07-19,15806.957142857142,76.23407352250337,0.03160375189217875,-0.0020866319196696237,29.529936424930593,0.0018155817857333394,13.642583333333333,1.1988844461539032,1158.648384740706,Bullish_VeryLowVol
2021-07-20,15798.714285714286,75.62881681152238,0.031908872941301986,-0.0020866319196696237,27.56793378663345,0.0017328202965511744,13.57525,1.1631380988811413,1163.7880912479907,Bullish_VeryLowVol
2021-07-22,15817.492857142857,76.07269562995387,0.03209705275969421,-0.0020866319196696237,26.818005014620365,0.0016880188565410142,13.479666666666667,1.180747267282579,1173.4335312799171,Bullish_VeryLowVol
2021-07-23,15823.735714285716,76.22037135259416,0.032168645867336074,-0.0020866319196696237,25.802219787275064,0.001682751748959577,13.371666666666668,1.1848247239303642,1183.3779669165435,Bullish_VeryLowVol
2021-07-26,15819.521428571428,75.89605377133401,0.03211961384553561,-0.0020866319196696237,23.964859838644365,0.0016345347705933903,13.316583333333334,1.1880846080643523,1187.9564774676758,Bullish_VeryLowVol
2021-07-27,15794.128571428571,73.95145881708044,0.031931184114811086,-0.0020866319196696237,21.59074455967257,0.0014337639407493322,13.267166666666668,1.1583735129060002,1190.4673370170901,Bullish_VeryLowVol
2021-07-28,15763.557142857144,71.68353267361786,0.03162268185290636,-0.003803057161416268,17.79111139527722,0.001413123572388904,13.23675,1.133751810628472,1190.893319195206,Bullish_VeryLowVol
2021-07-29,15767.278571428571,71.79153941994686,0.031246997963565004,-0.003803057161416268,16.336830630027073,0.0013337983761152832,13.17275,1.09209450574694,1196.9618015546162,Bullish_VeryLowVol
2021-07-30,15785.985714285716,72.33557416239374,0.03075631586163662,-0.003803057161416268,15.664514179098285,0.0011783748759565038,13.089916666666669,1.0178835131115287,1205.9653331853945,Bullish_VeryLowVol
2021-08-02,15794.714285714286,72.58856806997497,0.030205122515843886,-0.003803057161416268,14.444886713012773,0.001077874823715269,13.023500000000002,0.9663211431631008,1212.7856786358723,Bullish_VeryLowVol
2021-08-03,15833.957142857142,73.69772880693978,0.02964874990892247,-0.003803057161416268,14.4218308361671,0.00098725103750186,12.97975,0.8982538976564918,1219.8969273566242,Bullish_VeryLowVol
2021-08-04,15896.007142857143,75.31741176848384,0.029114583483955465,-0.003803057161416268,14.357713123345823,0.001071464511258693,12.928916666666668,0.8363695879475701,1229.4925826105932,Bullish_VeryLowVol
2021-08-05,15974.314285714287,77.13953132383519,0.028628253897525845,-0.003803057161416268,15.421794449238543,0.001290168034199913,12.845833333333333,0.6984589975541035,1243.5405217552477,Bullish_VeryLowVol
2021-08-06,16049.857142857143,78.69564718346167,0.028119701026428565,-0.003803057161416268,16.03772839792869,0.0014465614906561753,12.762833333333335,0.5548418279319873,1257.5465591123034,Bullish_VeryLowVol
2021-08-09,16118.4,79.96480204660159,0.0275721373277779,-0.003803057161416268,16.501832633505035,0.0015443838215427452,12.737416666666666,0.5435370602999048,1265.4371307630406,Bullish_VeryLowVol
2021-08-10,16192.264285714284,81.2024983323013,0.027048379776421685,-0.003803057161416268,17.4467499476365,0.0016649624820755985,12.714166666666667,0.528825688857232,1273.5608011310965,Bullish_VeryLowVol
2021-08-11,16248.992857142857,82.07476262459113,0.026516738143205747,-0.003803057161416268,17.961229035870044,0.0017143075921605205,12.7045,0.5260164216657055,1278.9950692386838,Bullish_VeryLowVol
2021-08-12,16282.371428571429,82.56305467109644,0.025955071217526746,-0.003803057161416268,19.00992683733976,0.0017232944692296803,12.682083333333335,0.5253344925120701,1283.8877494027474,Bullish_VeryLowVol
2021-08-13,16320.985714285713,83.10899584382194,0.0253685527862946,-0.003803057161416268,20.63515702590371,0.0017284069592359468,12.687083333333334,0.5275982844101836,1286.4253576237547,Bullish_VeryLowVol
2021-08-16,16359.335714285713,83.63104237423589,0.024752605068624818,-0.003803057161416268,21.6084019222219,0.0017422843702518715,12.732666666666667,0.5332766852098715,1284.8318535749813,Bullish_VeryLowVol
2021-08-17,16413.10714285714,84.32762117993227,0.024181027956531466,-0.003803057161416268,23.07450152278572,0.0017758167841247351,12.777500000000002,0.531963263574679,1284.5319618749472,Bullish_VeryLowVol
2021-08-18,16457.47857142857,84.87245602690219,0.023648689744800992,-0.003803057161416268,24.689820469393318,0.0017838080452619982,12.798499999999999,0.5238150009042625,1285.891203768299,Bullish_VeryLowVol
2021-08-20,16481.821428571428,85.16269026389588,0.023172711891431285,-0.003803057161416268,26.753476713906842,0.0017482232848647617,12.858583333333334,0.5566295908741259,1281.7758380774005,Bullish_VeryLowVol
2021-08-23,16512.42142857143,85.5208433882378,0.022767449981502354,-0.003803057161416268,28.671794832953914,0.0017252072984083233,12.86275,0.5624980268163868,1283.7395913448859,Bullish_VeryLowVol
2021-08-24,16549.592857142856,85.94358156328491,0.022432310714885086,-0.003803057161416268,29.413895742861015,0.0017318945547328548,12.870916666666666,0.5654665007811351,1285.813068777245,Bullish_VeryLowVol
2021-08-25,16564.67142857143,86.11227786040789,0.02212034179314398,-0.003803057161416268,29.27637850525107,0.0017325914819849427,12.88775,0.5766174215734227,1285.3035967155965,Bullish_VeryLowVol
2021-08-26,16575.22142857143,86.23086163840615,0.021828790752930163,-0.003803057161416268,29.312224229961885,0.0017321558829062524,12.91825,0.5862226208590112,1283.0856678397947,Bullish_VeryLowVol
2021-08-27,16588.164285714287,86.37722518495457,0.02157118350518479,-0.003803057161416268,30.177944669495442,0.001717545305085419,12.945416666666665,0.5893622661377604,1281.392844498191,Bullish_VeryLowVol
2021-08-30,16639.907142857144,86.94618205522636,0.021389521238157704,-0.003803057161416268,32.803497883020135,0.0017071393309664878,12.980333333333332,0.5789041867797919,1281.932190456625,Bullish_VeryLowVol
2021-08-31,16737.292857142857,87.92008956569263,0.021282861722207332,-0.003803057161416268,33.621388614661285,0.0018393376245728064,13.074166666666667,0.5930264042113609,1280.1804722143813,Bullish_VeryLowVol
2021-09-01,16820.12142857143,88.65823367768576,0.02122507229078459,-0.003803057161416268,34.93076425039942,0.0019086747634779026,13.124333333333334,0.621505726293806,1281.598158273799,Bullish_VeryLowVol
2021-09-02,16907.2,89.35932279088632,0.021248262060753625,-0.003803057161416268,37.02148834349706,0.0019610981587805374,13.158833333333336,0.6540143720519236,1284.8555469709825,Bullish_VeryLowVol
2021-09-03,17005.62142857143,90.07082988215969,0.021356364297231638,-0.003803057161416268,38.085323693241264,0.0020535997093326856,13.247416666666668,0.6555014148611343,1283.6934065311925,Bullish_VeryLowVol
2021-09-06,17111.464285714286,90.75283238488869,0.0215556176611376,-0.003803057161416268,39.84928911300774,0.0021361678794627323,13.358833333333333,0.6780806880748883,1280.9100808988524,Bullish_VeryLowVol
2021-09-07,17205.307142857142,91.29646293106518,0.02185220736504926,-0.003803057161416268,42.13147441507876,0.002169144309222541,13.440333333333333,0.7112051856474563,1280.1250323298386,Bullish_VeryLowVol
2021-09-08,17265.65714285714,91.62135589183359,0.02222445898009947,-0.003803057161416268,44.18523893113596,0.002152130706723914,13.479583333333332,0.7315409702072947,1280.8746914425255,Bullish_VeryLowVol
2021-09-09,17299.52142857143,91.79757254374792,0.022643729198991103,-0.003803057161416268,45.02492854403665,0.002139809114397684,13.487916666666667,0.7354634603001411,1282.5940325776598,Bullish_VeryLowVol
2021-09-13,17339.385714285712,92.00069726688402,0.02310989473571779,-0.003803057161416268,46.725128636595116,0.0021118436260566553,13.523916666666667,0.7344035473785323,1282.1275183559285,Bullish_VeryLowVol
2021-09-14,17360.221428571425,92.10549814202672,0.023562421859217243,-0.003803057161416268,46.935102336130335,0.0021080692113469666,13.549666666666667,0.721669142041271,1281.2286719406204,Bullish_VeryLowVol
2021-09-15,17388.2,92.24541937369068,0.024060441417396435,-0.003803057161416268,48.03449099029631,0.0020876298932889577,13.5805,0.7083943719474104,1280.3799565553552,Bullish_VeryLowVol
2021-09-16,17424.15714285714,92.4224477364632,0.024633385821072044,-0.003803057161416268,49.6992386008574,0.002058570389223981,13.602666666666668,0.7240320331707287,1280.936861119668,Bullish_VeryLowVol
2021-09-17,17456.02142857143,92.57647899879572,0.02529879650375846,-0.003803057161416268,52.32756845199858,0.002004706056977213,13.67,0.7783838805609381,1276.9584073570907,Bullish_VeryLowVol
2021-09-20,17462.22142857143,92.60647162928302,0.02597941368788426,-0.003803057161416268,51.40167579402247,0.0020229228115666545,13.824,1.0311457052798574,1263.1815269510582,Bullish_VeryLowVol
2021-09-21,17489.757142857143,92.74008085513162,0.02669332170470282,-0.003803057161416268,52.63754525416961,0.002000211567159966,13.954416666666667,1.1159172976657945,1253.3492127001948,Bullish_VeryLowVol
2021-09-22,17517.09285714286,92.87124877377722,0.027475271011218754,-0.003803057161416268,54.87318643772501,0.00195557526727356,14.084000000000001,1.1778129571662903,1243.7583681583967,Bullish_VeryLowVol
2021-09-23,17580.37142857143,93.16446628158847,0.028412661813971545,-0.003803057161416268,61.40552358945022,0.0018417784929070466,14.213916666666666,1.2340696417734915,1236.8421625687101,Bullish_VeryLowVol
2021-09-24,17628.05,93.3750482170197,0.02947023298252703,-0.0035678770093572343,70.29506370277082,0.001682603041726083,14.35425,1.295300216498819,1228.0718254175592,Bullish_VeryLowVol
2021-09-27,17660.278571428575,93.51358547484266,0.030582359998144525,-0.002385656628852817,73.26678989510758,0.0016386519135760855,14.543583333333334,1.4060286888432896,1214.3003664682758,Bullish_VeryLowVol
2021-09-28,17683.62857142857,93.61283607480593,0.03173128732221392,-0.0018340440649061707,73.5108249430308,0.0016352775636347264,14.728416666666666,1.5516783854205753,1200.6469515117763,Bullish_VeryLowVol
2021-09-29,17728.542857142857,93.79999622836648,0.032934692551640235,0.0,76.8308189090902,0.0015935684982329092,14.90775,1.7032220163762413,1189.2165388568267,Bullish_VeryLowVol
2021-09-30,17736.56428571429,93.83309676730656,0.034125568323118236,0.0,73.32754466221053,0.001638673817420305,15.074083333333332,1.7934314397329945,1176.626392033631,Bullish_VeryLowVol
2021-10-01,17734.47857142857,93.6996894188528,0.035251383197698015,-0.0001175940420093946,68.27328630286092,0.0016940180277275703,15.217583333333334,1.786104830897052,1165.3938856757964,Bullish_VeryLowVol
2021-10-04,17715.664285714283,92.48318198217501,0.03624954910786013,-0.0011783567360246217,61.96347754858806,0.0017592520350665252,15.30825,1.7919809581326758,1157.2625405068695,Bullish_VeryLowVol
2021-10-05,17711.25,92.19514202081231,0.037147333053274965,-0.001427237276989346,58.15013265644742,0.0017801248300265804,15.398666666666667,1.7756101104599422,1150.1807515802234,Bullish_VeryLowVol
2021-10-06,17681.37857142857,90.24439410927911,0.037944397670224464,-0.0031114094813823323,51.79437709480492,0.0018721837883611794,15.536833333333334,1.7588073855712492,1138.0297511137128,Bullish_VeryLowVol
2021-10-07,17687.342857142856,90.28648299634844,0.038647889167453896,-0.0031114094813823323,49.61950880223803,0.0018608183174524642,15.625416666666666,1.7190267749981838,1131.9597572636158,Bullish_VeryLowVol
2021-10-08,17713.614285714288,90.47218942914299,0.039306030856792885,-0.0031114094813823323,48.663184567650426,0.0018522449097974011,15.695916666666667,1.6732043235460115,1128.5492056244536,Bullish_VeryLowVol
2021-10-11,17760.442857142854,90.79395970256115,0.03994763076264127,-0.0031114094813823323,48.970581157328404,0.0018537130465133102,15.78525,1.617282116380826,1125.1290196317989,Bullish_VeryLowVol
2021-10-12,17826.14285714286,91.22060525887898,0.04057128236451021,-0.0031114094813823323,49.3398655679778,0.0018691213464342646,15.869583333333335,1.548671995521442,1123.2899114433496,Bullish_VeryLowVol
2021-10-13,17893.35714285714,91.62773150871892,0.041188858551336326,-0.0031114094813823323,49.738041309749065,0.0018852853067185807,15.922249999999998,1.5279202325608114,1123.7957664813166,Bullish_VeryLowVol
2021-10-14,17967.10714285714,92.04298248641325,0.04177832060194328,-0.0031114094813823323,49.78823306872574,0.0019016627345489776,15.975,1.4927884114565686,1124.7015425888665,Bullish_VeryLowVol
2021-10-18,18085.82857142857,92.6452608531887,0.04238053762038604,-0.0031114094813823323,48.95395231276739,0.0020211414080407468,16.073166666666665,1.4714392926497961,1125.2187541199248,Bullish_VeryLowVol
2021-10-19,18175.600000000002,93.05305875103477,0.04299361140372293,-0.0031114094813823323,49.96364151071355,0.002056825017375983,16.167833333333334,1.460885822046739,1124.1827909326132,Bullish_VeryLowVol
2021-10-20,18228.65714285714,93.2789583209358,0.04358810329957014,-0.0031114094813823323,50.557027816533086,0.002055817869670286,16.27475,1.4973364786086367,1120.0575826268998,Bullish_VeryLowVol
2021-10-21,18261.821428571428,93.41621069780531,0.044159398656939526,-0.0031114094813823323,50.26824715964182,0.0020581673477299404,16.379416666666668,1.5072765579435412,1114.925018406522,Bullish_VeryLowVol
2021-10-22,18279.385714285712,93.48844166804665,0.04473181135247147,-0.0031114094813823323,50.319034610704286,0.002057200588505238,16.483916666666666,1.4743434662957213,1108.9224778265104,Bullish_VeryLowVol
2021-10-25,18274.192857142858,93.17846120019954,0.04529012910399674,-0.0031114094813823323,49.20334690915324,0.0020832053932403685,16.606166666666667,1.4068537184288747,1100.4461911022727,Bullish_VeryLowVol
2021-10-26,18264.17142857143,92.57092848064539,0.045818225622182907,-0.0031114094813823323,47.64311750091533,0.002120690865574022,16.697083333333335,1.3197296097366944,1093.854002160343,Bullish_VeryLowVol
2021-10-27,18226.157142857144,90.28078831223782,0.046235222202424396,-0.0031114094813823323,42.69737981089065,0.0022326441675173912,16.8055,1.1806760190961088,1084.5352499394332,Bullish_VeryLowVol
2021-10-28,18145.942857142858,85.69270227726423,0.046462425345492074,-0.007300182797639998,35.14310992299915,0.002394846562789634,16.944916666666668,1.044022699939119,1070.8782588962977,Neutral_VeryLowVol
2021-10-29,18060.95,81.20773087089017,0.04651927332909338,-0.011949838889553033,28.691864206637973,0.00257112914626788,17.045333333333335,0.930783117940659,1059.5832681476845,Neutral_VeryLowVol
2021-11-01,18025.457142857143,79.42724209631841,0.046424850704312605,-0.013891526520506514,25.661263463219367,0.0025774601253684476,17.11208333333333,0.8658322892804201,1053.3759561434938,Neutral_VeryLowVol
2021-11-02,17993.178571428572,77.83544393000757,0.046177325455667155,-0.01565737204360551,22.87261697236471,0.002538948375633248,17.09775,0.862871696519724,1052.3711348819916,Neutral_VeryLowVol
2021-11-03,17950.864285714288,75.79315769224587,0.045751152034902105,-0.0179722357034503,19.748603154617093,0.0024839646265821954,17.084583333333335,0.8749211992429446,1050.705418767268,Neutral_VeryLowVol
2021-11-04,17900.635714285716,73.44692009694934,0.04515731348251015,-0.020720061708856874,16.409110898346007,0.0024628762746840005,17.059749999999998,0.9024459937034349,1049.290623501852,Neutral_VeryLowVol
2021-11-08,17880.292857142857,72.51447514157007,0.0444679431774699,-0.021832946871456205,14.525527008666641,0.002450771273695587,17.051000000000002,0.9082859947590949,1048.636024699012,Neutral_VeryLowVol
2021-11-09,17907.007142857143,72.97655530345438,0.043760065365505633,-0.021832946871456205,14.352973525595354,0.0024465838051000257,17.020333333333333,0.9280893734210779,1052.0949732392908,Neutral_VeryLowVol
2021-11-10,17956.37142857143,73.81099873613115,0.043033138698627064,-0.021832946871456205,14.497391994342856,0.0024544349076055824,16.962083333333332,0.9158317971913769,1058.6182767587372,Neutral_VeryLowVol
2021-11-11,17948.364285714288,73.43376364486168,0.042284506267269935,-0.021832946871456205,13.756951522338044,0.0024626651230045117,16.889333333333333,0.8722234106928018,1062.7041299665048,Neutral_VeryLowVol
2021-11-12,17978.90714285714,73.9545391122961,0.041523534912059686,-0.021832946871456205,13.79039783701047,0.00246343325759362,16.768666666666668,0.8433368997242162,1072.1727314549241,Neutral_VeryLowVol
2021-11-15,18018.942857142858,74.62332711161741,0.0407434955649656,-0.021832946871456205,13.844816138991316,0.0024655939581789653,16.67075,0.8172241045567868,1080.8717578478986,Neutral_VeryLowVol
2021-11-16,18030.714285714286,74.8183197001269,0.03992273730452121,-0.021832946871456205,13.38013804844054,0.0024605372188696286,16.603583333333333,0.8533808734847328,1085.9531899668818,Neutral_VeryLowVol
2021-11-17,18006.442857142858,73.62198554571128,0.039092676317322536,-0.021832946871456205,12.55032302443797,0.002483254568166754,16.545083333333334,0.9027848397894743,1088.3259089342469,Neutral_VeryLowVol
2021-11-18,17966.52142857143,71.68824319747921,0.03820391262740717,-0.021832946871456205,10.801063162532508,0.0025237912496910374,16.49375,0.9538071965041653,1089.292697450333,Neutral_VeryLowVol
2021-11-22,17880.714285714286,67.76445305896917,0.03721840617559921,-0.021832946871456205,7.79826258151226,0.0026618867960822917,16.5,0.9600864275030393,1083.6796536796537,Neutral_VeryLowVol
2021-11-23,17827.821428571428,65.49795907128458,0.03609281771540719,-0.024703471592121273,5.27421728336203,0.0026687100688941668,16.562,0.996408940075184,1076.4292614763572,Neutral_VeryLowVol
2021-11-24,17729.57857142857,61.57463806901674,0.034814743782667676,-0.030077987928634586,2.059910421139106,0.002795990342804779,16.610083333333332,0.9857542367291984,1067.3985323028826,Neutral_VeryLowVol
2021-11-25,17647.692857142858,58.57518358674221,0.03344131278823345,-0.03455766331628818,-0.24735326241547523,0.0028811288138640943,16.62933333333333,0.9807729036354059,1061.2387462201045,Neutral_VeryLowVol
2021-11-26,17508.72857142857,53.99692927720167,0.031956929347495125,-0.04215990377919843,-3.161785606868206,0.003128138741686263,16.7945,1.2300995894640678,1042.5275281448435,Neutral_VeryLowVol
2021-11-29,17388.057142857142,50.4827349856074,0.030336115463285063,-0.0487614072682967,-5.881498137424925,0.003265411287222154,16.952166666666667,1.4256078155221443,1025.712965472878,Neutral_VeryLowVol
2021-11-30,17276.4,47.54610587231977,0.028657730129880002,-0.05486977133492277,-7.645376001506255,0.0033934742873134444,17.132166666666667,1.6009907672379808,1008.4188612065025,Neutral_VeryLowVol
2021-12-01,17240.735714285714,46.65697597142099,0.02700320969163218,-0.05682083721162856,-8.1895011096439,0.003399577575619564,17.207583333333332,1.6559122763460836,1001.9266145809192,Neutral_VeryLowVol
2021-12-02,17226.207142857143,46.295256800325994,0.02542167381505103,-0.057615643539130956,-8.128039186342535,0.003399158690933809,17.231083333333334,1.6634655199069155,999.7170119613572,Neutral_VeryLowVol
2021-12-03,17195.014285714286,45.518173819581484,0.023879463708091467,-0.0593220935057992,-8.565494915781526,0.0034028779426114523,17.235833333333336,1.6668599600555607,997.6317334456868,Neutral_VeryLowVol
2021-12-06,17105.87142857143,43.383730759567975,0.022367292250576737,-0.06419878129696432,-9.374036771606074,0.00347222566293084,17.30391666666667,1.740705203325565,988.5548895137283,Neutral_VeryLowVol
2021-12-07,17127.335714285717,44.03186631117048,0.020914159608226693,-0.06419878129696432,-9.09005790775526,0.003483086998571027,17.334416666666666,1.7530474307730146,988.0537686174836,Neutral_VeryLowVol
2021-12-08,17186.735714285714,45.793208300884025,0.01950539114842964,-0.06419878129696432,-8.425643009055888,0.0035302080248594326,17.322916666666668,1.752308709041089,992.1386822437935,Neutral_VeryLowVol
2021-12-09,17262.97142857143,47.949441222776436,0.018107169877850392,-0.06419878129696432,-7.812470392330731,0.003585303851355516,17.31791666666667,1.754205425213995,996.8272605098628,Neutral_VeryLowVol
2021-12-10,17312.17142857143,49.284752543942986,0.016678234179469672,-0.06419878129696432,-8.096739560459755,0.0035609954998986654,17.292333333333332,1.7671531183453801,1001.1472191089364,Neutral_VeryLowVol
2021-12-13,17307.399999999998,49.159310930592376,0.01517890047189974,-0.06419878129696432,-9.391989841919976,0.0034867146635051472,17.247583333333335,1.7679050142378856,1003.4681187219463,Neutral_VeryLowVol
2021-12-14,17325.714285714286,49.663678860049664,0.013626665675637872,-0.06419878129696432,-10.474797022039295,0.0034080059584863072,17.23183333333333,1.7683745864947737,1005.4481116759266,Neutral_VeryLowVol
2021-12-15,17369.87857142857,50.869177380341554,0.011969242544157972,-0.06419878129696432,-12.238081583181716,0.0032346771405220858,17.23125,1.7683763922465192,1008.0451836882739,Neutral_VeryLowVol
2021-12-16,17380.12142857143,51.147480111866,0.01020919483747942,-0.06419878129696432,-14.123437789088932,0.003098841100386476,17.192333333333334,1.784986710726696,1010.9227811953834,Neutral_VeryLowVol
2021-12-17,17310.9,49.2151681881286,0.0083467865216548,-0.06419878129696432,-16.450792921402805,0.0030604568535281184,17.199416666666668,1.7810224063108397,1006.4818089760796,Neutral_VeryLowVol
2021-12-20,17181.95,45.90187697213639,0.0063720737982681215,-0.06419878129696432,-18.66400867274414,0.003168276173641242,17.30666666666667,1.78744017663728,992.793721109399,Neutral_VeryLowVol
2021-12-21,17076.17142857143,43.44130949723796,0.004306552238464117,-0.0655581036019961,-20.41145524323161,0.00322483436820934,17.346583333333335,1.7784569885316623,984.4112296026458,Neutral_VeryLowVol
2021-12-22,17017.2,42.14938996802555,0.0022114023996356105,-0.06827418552482145,-21.307616613057004,0.0032281947875355435,17.365833333333335,1.7664921568547998,979.9241806228706,Neutral_VeryLowVol
2021-12-23,16981.157142857144,41.37799823875416,0.00011100580219184883,-0.06830842015909633,-21.79952323622239,0.003222437639919755,17.349833333333333,1.7785645283792302,978.7504477194101,Neutral_VeryLowVol
2021-12-24,16950.06428571429,40.71865147850799,-0.0019239486706997362,-0.06830842015909633,-21.729093494976542,0.0032221485504124437,17.343,1.7829169483818432,977.3432673536463,Neutral_VeryLowVol
2021-12-27,16926.9,40.22883262671383,-0.0037951991772989767,-0.06830842015909633,-21.025659059664985,0.003195139449237808,17.406333333333333,1.7379909047682347,972.4563856067716,Neutral_VeryLowVol
2021-12-28,16962.335714285717,41.336045450696545,-0.005463809074291732,-0.06830842015909633,-18.924608913714586,0.0032142358326276354,17.44,1.70862278175859,972.6109927916121,Neutral_VeryLowVol
2021-12-29,17047.964285714283,43.911115590932795,-0.006960619688433585,-0.06830842015909633,-16.049678281898146,0.003378788237089623,17.47491666666667,1.6714619714866592,975.5677014605285,Neutral_VeryLowVol
2021-12-30,17109.835714285717,45.6782055718173,-0.008298608664426733,-0.06830842015909633,-14.149316472688605,0.003469652264592397,17.52775,1.6139410628365507,976.1569918720724,Neutral_VeryLowVol
2021-12-31,17166.77857142857,47.24702624538361,-0.009461186145235143,-0.06830842015909633,-12.342294673110151,0.0035390138863883665,17.573249999999998,1.5542012237690284,976.869877309466,Neutral_VeryLowVol
2022-01-03,17245.792857142857,49.329668566873025,-0.010429045271365478,-0.06830842015909633,-10.048671909389222,0.003640491098282391,17.537666666666667,1.5676246215285783,983.3573179903934,Neutral_VeryLowVol
2022-01-04,17360.292857142857,52.13803345419622,-0.011242594834913033,-0.06830842015909633,-7.5903313912825805,0.0038314924882792965,17.4745,1.5858011409443244,993.464354181399,Neutral_VeryLowVol
2022-01-05,17480.149999999998,54.82610688241276,-0.01198390729427946,-0.06830842015909633,-5.953929205404023,0.004003647930701088,17.478916666666667,1.5848919906814056,1000.0705611999217,Neutral_VeryLowVol
2022-01-06,17553.385714285712,56.36203012433851,-0.012714946116153694,-0.06830842015909633,-5.554180731706836,0.004040648413683661,17.52275,1.579709754822825,1001.7483394036732,Neutral_VeryLowVol
2022-01-07,17638.97142857143,58.070757400128336,-0.013357627746517354,-0.06830842015909633,-4.172748442414747,0.0041310761807273715,17.416083333333333,1.4536193952558567,1012.7978312328985,Neutral_VeryLowVol
2022-01-10,17753.164285714287,60.20325620759235,-0.013941276353854419,-0.06830842015909633,-2.946739012844458,0.004260975677386943,17.310999999999996,1.3046271431938932,1025.5423884070412,Neutral_VeryLowVol
2022-01-11,17853.407142857144,61.945802133448595,-0.014483910623602282,-0.06830842015909633,-2.113568875414035,0.004346563155061528,17.197333333333333,1.0875260467218673,1038.149740823605,Neutral_VeryLowVol
2022-01-12,17937.214285714286,63.32286901277866,-0.014959653101283086,-0.06830842015909633,-1.1748453494674442,0.004413854137622803,17.12183333333333,1.0011138050063828,1047.6222923390771,Neutral_VeryLowVol
2022-01-13,18001.864285714284,64.34374060744398,-0.015348733081901314,-0.06830842015909633,-0.05716751223837001,0.0044478770448153114,17.075750000000003,0.9868473727322844,1054.2356432785841,Neutral_VeryLowVol
2022-01-14,18049.07857142857,65.07194031952383,-0.01562620627195705,-0.06830842015909633,1.032189423358292,0.00445175494823849,17.012416666666667,0.9557571658413657,1060.9356051567377,Neutral_VeryLowVol
2022-01-17,18129.39285714286,66.27364804198376,-0.01570204956799405,-0.06830842015909633,3.1392064928771446,0.004430304901646888,16.902,0.7609296718599513,1072.6182024105346,Neutral_VeryLowVol
2022-01-18,18172.3,66.8976915252469,-0.01562566207245743,-0.06830842015909633,4.383366946613329,0.004408147395743866,16.87933333333333,0.7220543409356531,1076.6005766420476,Neutral_VeryLowVol
2022-01-19,18163.02857142857,66.62448454443785,-0.0153811997890489,-0.06830842015909633,5.681151963964457,0.0043033254144785125,16.89775,0.7390757129566703,1074.878523556602,Neutral_VeryLowVol
2022-01-20,18120.35,65.36416981744915,-0.015027703192455198,-0.06830842015909633,6.306043466208789,0.00424718647002039,16.937333333333335,0.7543594374826835,1069.8466897583246,Neutral_VeryLowVol
2022-01-21,18035.321428571428,62.931605384007995,-0.014520537385533373,-0.06830842015909633,7.316593970677041,0.004110658504061509,17.031583333333334,0.8151503149230745,1058.9339273744226,Neutral_VeryLowVol
2022-01-24,17876.935714285715,58.75416940033796,-0.013924230115091602,-0.06830842015909633,6.677708715621537,0.004210391418662966,17.240083333333335,1.330233075787541,1036.9402147680482,Neutral_VeryLowVol
2022-01-25,17737.25,55.426141138771435,-0.013264139063568013,-0.06830842015909633,6.238285633015879,0.004276033364063055,17.386916666666664,1.5260914244956554,1020.1492501545704,Neutral_VeryLowVol
2022-01-27,17566.114285714288,51.74327233105176,-0.012678965393500241,-0.06830842015909633,4.139617902300299,0.00455903469300101,17.51516666666667,1.666566252722129,1002.9087715816361,Neutral_VeryLowVol
2022-01-28,17421.67142857143,48.92886134618547,-0.012191147918259692,-0.06830842015909633,2.384406994230654,0.004758799030884862,17.675166666666666,1.7346792326621991,985.6581132797294,Neutral_VeryLowVol
2022-01-31,17336.164285714283,47.364670095886154,-0.011723750126108812,-0.06830842015909633,1.7035131685808746,0.004818732812908675,17.862333333333332,1.8820342686851832,970.5430954735823,Neutral_VeryLowVol
2022-02-01,17310.428571428572,46.901816521183285,-0.011168500944376292,-0.06830842015909633,2.518913042277766,0.004747404865356651,17.89608333333333,1.9113402144122615,967.274696312242,Neutral_VeryLowVol
2022-02-02,17333.692857142858,47.37857735557572,-0.01062293824795505,-0.06830842015909633,2.537638870622138,0.004747881571977861,17.93316666666666,1.9149320161395824,966.5717817345624,Neutral_VeryLowVol
2022-02-03,17392.42142857143,48.57410026919386,-0.010101338971840386,-0.06830842015909633,2.521356012567349,0.004746533589723357,18.019166666666667,1.9099932674249973,965.2178566473531,Neutral_VeryLowVol
2022-02-04,17426.47142857143,49.25960775696548,-0.009631047706529611,-0.06830842015909633,2.012013574346096,0.004707293731824912,18.12158333333333,1.870244138974224,961.641767610709,Neutral_VeryLowVol
2022-02-07,17441.25,49.558920631887425,-0.009173898102582545,-0.06830842015909633,1.5899189224034453,0.0046895117480408545,18.264583333333334,1.8780912544541302,954.9218660887418,Neutral_VeryLowVol
2022-02-08,17464.792857142857,50.04043837409293,-0.008645293545262472,-0.06830842015909633,1.93803699258855,0.004692357857728847,18.350166666666667,1.8825113835499154,951.7511843022056,Neutral_VeryLowVol
2022-02-09,17482.499999999996,50.40565019962809,-0.00807779391318205,-0.06830842015909633,1.9285998468607735,0.004692164319411488,18.419499999999996,1.8490735564711838,949.1299980998399,Neutral_VeryLowVol
2022-02-10,17486.64285714286,50.492495056217564,-0.007486166120297779,-0.06830842015909633,1.4372467947568204,0.004677156434139377,18.468416666666666,1.8084608958396697,946.840390963466,Neutral_VeryLowVol
2022-02-11,17428.75,49.2562802965784,-0.00688697180428923,-0.06830842015909633,0.5941807302766742,0.004708907309226829,18.538916666666662,1.7725693269031173,940.1169611672744,Neutral_VeryLowVol
2022-02-14,17326.264285714286,47.15988321284646,-0.00622460941686986,-0.06830842015909633,0.18645337495670297,0.00476017016778871,18.764083333333335,1.8931117745900683,923.3738721963122,Neutral_VeryLowVol
2022-02-15,17302.85714285714,46.69434357198585,-0.005370877428970994,-0.06830842015909633,1.5265472466136583,0.004609663859009694,18.90275,1.8701711785471846,915.3618993457111,Neutral_VeryLowVol
2022-02-16,17318.371428571427,47.049673145776524,-0.004342039709284837,-0.06830842015909633,3.155887140261236,0.0044943011412869344,19.05183333333333,1.8182356848733126,909.0133807895004,Neutral_VeryLowVol
2022-02-17,17323.778571428575,47.17554381359207,-0.0032285024486877196,-0.06830842015909633,4.047071219206523,0.004451566300941879,19.21108333333333,1.8616421518209068,901.7595869447885,Neutral_VeryLowVol
2022-02-18,17296.992857142857,46.612568054793385,-0.0020895590120695827,-0.06590335816900417,4.1852363129721795,0.004443999200743655,19.350666666666665,1.9219693937662754,893.8706430687758,Neutral_VeryLowVol
2022-02-21,17239.964285714286,45.42874135963241,-0.0009737857312968346,-0.06279016330813159,3.8266953095492933,0.0044694386638003385,19.52733333333333,1.99782747664466,882.8632149319392,Neutral_VeryLowVol
2022-02-22,17199.6,44.60634365801082,8.938471763723628e-05,-0.0592532583290416,3.594361676417675,0.004482145332607325,19.826833333333333,2.352884045874959,867.4910264708601,Neutral_VeryLowVol
2022-02-23,17231.092857142856,45.3973412281346,0.0010641536589607568,-0.054504218991403786,3.5368358503218285,0.004479808578169222,20.053,2.4702831577189537,859.2775573302176,Neutral_VeryLowVol
2022-02-24,17073.307142857142,42.293897820808546,0.0017796184081656737,-0.06047626646835336,0.31890328569140963,0.004661482463531008,20.546333333333337,3.236316201713121,830.9661322956475,Neutral_LowVol
2022-02-25,16978.47857142857,40.58375435773883,0.0023169154007994905,-0.06569456967865528,-1.6312106020171777,0.004706497350643698,20.88083333333333,3.3424515660311283,813.1130736207162,Neutral_LowVol
2022-02-28,16905.52142857143,39.32890755026062,0.002691420273247093,-0.06970931425458371,-3.2276635218483447,0.004715102234409355,21.281333333333336,3.521294502205679,794.3826246117768,Neutral_LowVol
2022-03-02,16809.757142857146,37.75720809343143,0.0028496068801405925,-0.07497910870626467,-5.360345043230639,0.004716785763689377,21.696916666666663,3.7010177236932447,774.7532702968002,Neutral_LowVol
2022-03-03,16708.52857142857,36.18925806233587,0.002757922428033205,-0.08054959628508385,-8.089971345172978,0.004640732424010093,22.04275,3.8056447044329924,758.0056286728548,Neutral_LowVol
2022-03-04,16587.55,34.43638438405098,0.0024276301053063197,-0.08720690281362298,-11.184565713758795,0.004565544728718461,22.38075,3.867232936079247,741.1525529752131,Neutral_LowVol
2022-03-07,16416.10714285714,32.17148761863757,0.0019046587448961038,-0.09664119881043443,-13.803754006944057,0.004693628896748947,22.765416666666667,3.9674853650802535,721.0984706857466,Neutral_LowVol
2022-03-08,16382.607142857143,31.75294881960194,0.001227730142048278,-0.09848466386439014,-15.577430450293825,0.004572424095194162,23.08875,4.035229971974793,709.5493321577453,Neutral_LowVol
2022-03-09,16337.885714285714,31.197240364140754,0.00037450740683739184,-0.10094563075198437,-18.23963483313485,0.004370690155616864,23.2435,4.1130356584383945,702.9012719377768,Neutral_LowVol
2022-03-10,16309.457142857145,30.845285887122444,-0.0006175445524484763,-0.10251002113892316,-20.64556006358161,0.0041887597721469855,23.384333333333334,4.118560644400995,697.452303231101,Neutral_LowVol
2022-03-11,16312.957142857142,30.943660324463437,-0.0017230385900598277,-0.10251002113892316,-22.32486578585122,0.004056121280728383,23.527,4.109568334576183,693.371749175719,Neutral_LowVol
2022-03-14,16366.278571428573,32.4452304012154,-0.0029049008944409932,-0.10251002113892316,-22.46813147089686,0.004043792560138088,23.693083333333334,4.091812350509386,690.7618709297822,Neutral_LowVol
2022-03-15,16425.942857142858,34.08998649630179,-0.00414485604241894,-0.10251002113892316,-22.045451233035127,0.004079254541442634,23.85233333333333,4.114638864895106,688.6514047742161,Neutral_LowVol
2022-03-16,16584.82857142857,38.19961404510488,-0.005451821187301135,-0.10251002113892316,-19.47268349897366,0.004375190057896498,23.990333333333336,4.049103760632389,691.3129693110518,Neutral_LowVol
2022-03-17,16766.77142857143,42.41652542209109,-0.006730297280413069,-0.10251002113892316,-16.12250688782655,0.004797303660314455,24.122333333333337,3.93185678987568,695.0725370087786,Neutral_LowVol
2022-03-21,16877.092857142856,44.76060551581523,-0.00798881021978958,-0.10251002113892316,-14.213409999231361,0.004981185419311775,24.304416666666665,3.8189916571391436,694.4043582123767,Neutral_LowVol
2022-03-22,16980.035714285714,46.831971601091695,-0.009171408570024464,-0.10251002113892316,-12.255101400226186,0.005135007404655316,24.476833333333335,3.680726123857914,693.7186474674303,Neutral_LowVol
2022-03-23,17067.92142857143,48.52219995871393,-0.01026771743225001,-0.10251002113892316,-10.276661565670729,0.005219514901562845,24.6205,3.6008736607508443,693.2402440474982,Neutral_LowVol
2022-03-24,17118.12857142857,49.46353088747327,-0.011183942244111386,-0.10251002113892316,-8.28943114826027,0.005120514535339751,24.762,3.481673225372449,691.3063795908477,Neutral_LowVol
2022-03-25,17188.12857142857,50.751320323684396,-0.011925349609126435,-0.10251002113892316,-6.113271530745711,0.005064171657270094,24.924500000000002,3.2905014422392886,689.60775828717,Neutral_LowVol
2022-03-28,17223.364285714288,51.39081760606546,-0.012415797324402601,-0.10251002113892316,-4.004378159564594,0.004872666360003157,25.087833333333332,3.0314566839122588,686.5225887334879,Neutral_LowVol
2022-03-29,17228.82857142857,51.49100477250829,-0.012700837192399388,-0.10251002113892316,-2.350584425217275,0.004709099689784421,25.175250000000002,2.8740295476067685,684.3558086385863,Neutral_LowVol
2022-03-30,17283.207142857143,52.49046234141626,-0.012842538985800282,-0.10251002113892316,-0.6530180718163715,0.004677850433686156,25.096333333333334,2.967443440861539,688.6745929494539,Neutral_LowVol
2022-03-31,17304.528571428575,52.88087437444762,-0.01299520189630283,-0.10251002113892316,-0.07288318802746269,0.004676455760540068,25.094583333333333,2.970193094510471,689.5722611358457,Neutral_LowVol
2022-04-01,17365.214285714286,53.98472414891478,-0.013121312496813939,-0.10251002113892316,0.38652240512143266,0.004704788682187697,25.02266666666667,3.105975881773786,693.9793634723565,Neutral_LowVol
2022-04-04,17483.87857142857,56.04964805981481,-0.013202326924341333,-0.10251002113892316,1.0959741916577683,0.004797966952991387,24.886083333333335,3.3255807558237516,702.5564584528261,Neutral_LowVol
2022-04-05,17598.792857142857,57.92496999934403,-0.013192619470168743,-0.10251002113892316,2.0192137218414423,0.004897196595181119,24.7635,3.4929086165326173,710.6746969185639,Neutral_LowVol
2022-04-06,17682.457142857143,59.224175059565795,-0.013106785396768949,-0.10251002113892316,2.7950362864191014,0.004947947770940128,24.63416666666667,3.633208205954569,717.802123454165,Neutral_LowVol
2022-04-07,17727.35,59.90552515572621,-0.013025641266794022,-0.10251002113892316,3.032394160106566,0.004957637259733882,24.378666666666668,3.7531840352290717,727.1665117042222,Neutral_LowVol
2022-04-08,17768.221428571433,60.52150445208969,-0.012926912909067056,-0.10251002113892316,3.2910105675565413,0.004966037550496988,24.150166666666667,3.9465560025937454,735.7390809685826,Neutral_LowVol
2022-04-11,17798.250000000004,60.973312039565386,-0.012780092656292957,-0.10251002113892316,3.5854597233855428,0.004969996876428959,23.69308333333333,3.7994871865485553,751.2002447971809,Neutral_LowVol
2022-04-12,17778.22857142857,60.49983070789277,-0.012556019586961053,-0.10251002113892316,4.0595140883651,0.004939468935107152,23.407,3.8843215135579583,759.5261490762837,Neutral_LowVol
2022-04-13,17695.692857142858,58.5766082080998,-0.012293290822908209,-0.10251002113892316,4.349490231354195,0.00490215666098028,23.0475,3.8890818103487796,767.7922923155595,Neutral_LowVol
2022-04-18,17583.72857142857,56.09555102374644,-0.012172643800414575,-0.10251002113892316,3.2379570437786525,0.0050132418693369235,22.717583333333334,3.7641083733420726,774.0140451307645,Neutral_LowVol
2022-04-19,17462.442857142858,53.57441924943508,-0.012241009301215367,-0.10251002113892316,1.6172820840065012,0.005143811407440313,22.438249999999996,3.6560734867500653,778.24442000347,Neutral_LowVol
2022-04-20,17390.585714285717,52.15019382734164,-0.012413061073504384,-0.10251002113892316,0.7431548663691465,0.005189206442687411,22.12875,3.5645978245605225,785.8819731925986,Neutral_LowVol
2022-04-21,17334.621428571427,51.0657981193325,-0.01261334511703724,-0.10251002113892316,0.4175848192066078,0.005209576532413103,21.746166666666667,3.375988152489086,797.13457982195,Neutral_LowVol
2022-04-22,17262.764285714286,49.70471753951975,-0.012805822587680142,-0.10251002113892316,0.2530958516639248,0.005225326813816125,21.404999999999998,3.171765933660708,806.4827977441854,Neutral_LowVol
2022-04-25,17180.428571428572,48.19508866563612,-0.01301692780786566,-0.10251002113892316,-0.21159930456357104,0.005267710423001697,21.197999999999997,2.9578956580882765,810.4740339385119,Neutral_VeryLowVol
2022-04-26,17141.164285714283,47.48962259695817,-0.013277594397975998,-0.10251002113892316,-0.9901398607585995,0.005270943088209574,20.98483333333333,2.8598307411131243,816.835855374006,Neutral_VeryLowVol
2022-04-27,17121.84285714286,47.141355592682714,-0.013259916184445612,-0.10251002113892316,0.5610622178097978,0.005066788172419212,20.826833333333333,2.7390196091922707,822.1049538884705,Neutral_VeryLowVol
2022-04-28,17162.757142857143,47.9700570179673,-0.013028558589976555,-0.10251002113892316,2.1727618455878406,0.004995327192675246,20.616833333333332,2.5918521148123057,832.4633014861873,Neutral_VeryLowVol
2022-04-29,17157.899999999998,47.87866140431267,-0.012653094371708782,-0.10251002113892316,3.0214042943056065,0.004941002402330378,20.373,2.3275203617760916,842.1881902518037,Neutral_VeryLowVol
2022-05-02,17111.685714285715,47.00471007309038,-0.012114953393244771,-0.10251002113892316,3.688512346918919,0.0048695802970282935,20.245166666666666,2.2174842002053747,845.2232572853957,Neutral_VeryLowVol
2022-05-04,17041.06428571429,45.69735970260383,-0.011398628693759693,-0.10251002113892316,4.134365741275611,0.004813834957342417,20.22075,2.1944604189121217,842.751346300918,Neutral_VeryLowVol
2022-05-05,17002.307142857142,44.99298130731966,-0.01044789006374163,-0.10251002113892316,5.353181696651502,0.004670890053971733,20.076416666666667,2.031296690002631,846.8795714469535,Neutral_VeryLowVol
2022-05-06,16889.514285714286,43.01396390433622,-0.009277410688203628,-0.10251002113892316,6.43574536541337,0.004480905405467355,19.982416666666666,1.9012004469196213,845.2188024828972,Neutral_VeryLowVol
2022-05-09,16784.292857142857,41.276845881301064,-0.008073773531562854,-0.10251002113892316,5.3364665046939415,0.004594619821218777,19.891916666666667,1.7228029090715222,843.7745411063719,Neutral_VeryLowVol
2022-05-10,16640.721428571425,39.06879494361342,-0.0068276167396039795,-0.10251002113892316,3.8685270189822,0.004791435025018921,19.837666666666667,1.6134130578998829,838.8446941964659,Neutral_VeryLowVol
2022-05-11,16507.085714285717,37.17055323723819,-0.005564862362137811,-0.10231742031239066,2.4401225594966047,0.004965907038841816,19.816750000000003,1.5686827537447152,832.9865247472827,Neutral_VeryLowVol
2022-05-12,16326.92857142857,34.83060200273802,-0.0043773445416054185,-0.09938320567960168,0.16240050623004426,0.005273764602164154,19.871916666666667,1.6943677850725047,821.6081440606838,Neutral_VeryLowVol
2022-05-13,16199.007142857141,33.30377966343599,-0.0033127017368478765,-0.09609995118158632,-1.8961480385771308,0.005390134295485792,19.944666666666667,1.801384612732122,812.1974367177762,Neutral_VeryLowVol
2022-05-16,16078.957142857142,31.955477938397962,-0.002386749747944164,-0.0965989834474098,-3.8628570822937256,0.005468555785290749,20.075249999999997,1.98401145257911,800.9343416822776,Neutral_VeryLowVol
2022-05-17,16057.25,31.71734129628183,-0.001648159590635795,-0.09781860576180257,-6.101543384496432,0.00521358498373779,20.148000000000003,2.0415782012266126,796.9649593011712,Neutral_VeryLowVol
2022-05-18,16048.457142857142,31.61944688159076,-0.001148719975171078,-0.09831263507046262,-8.828363272286577,0.0048527158772388185,20.276666666666664,2.0515073656372578,791.4741316549636,Neutral_VeryLowVol
2022-05-19,15986.935714285715,30.93428529969232,-0.0008610940833768377,-0.10176923493682177,-11.20227286813698,0.0047082866324717025,20.49833333333333,2.143878950412673,779.9139302846922,Neutral_VeryLowVol
2022-05-20,16001.085714285713,31.285532066494255,-0.0007442569113792931,-0.10176923493682177,-12.623803508491726,0.004567007084513605,20.652083333333334,2.1600314376835272,774.7928117479212,Neutral_VeryLowVol
2022-05-23,16059.185714285715,32.72635255921051,-0.0007756493232572915,-0.10176923493682177,-13.088298946983928,0.004515580160739632,20.797916666666666,2.1936435486828114,772.1535753638328,Neutral_VeryLowVol
2022-05-24,16108.185714285715,33.924790553630714,-0.0009610899250994566,-0.10176923493682177,-13.057419416080155,0.004518384276477325,21.019166666666667,2.335907242096253,766.357009758667,Neutral_VeryLowVol
2022-05-25,16134.4,34.564410423684905,-0.0013333444280567265,-0.10176923493682177,-13.756398974978616,0.004456515272194647,21.272333333333332,2.3736384421437378,758.46874657223,Neutral_VeryLowVol
2022-05-26,16121.664285714285,34.39848863402962,-0.0018937986349643154,-0.10176923493682177,-14.472382449597541,0.004419827618493604,21.420583333333337,2.317889821707295,752.6248951692546,Neutral_VeryLowVol
2022-05-27,16137.685714285713,34.802301220517634,-0.0025583025956375655,-0.10176923493682177,-14.300119832369498,0.00442880121399065,21.531333333333336,2.2344762108335754,749.4977419397643,Neutral_VeryLowVol
2022-05-30,16259.4,37.78622851689161,-0.0032776343310764525,-0.10176923493682177,-12.874420145509584,0.004601147356938021,21.604499999999998,2.141580587741836,752.5932097479692,Neutral_VeryLowVol
2022-05-31,16304.885714285716,38.85878187198483,-0.00401536189149152,-0.10176923493682177,-12.472392535599585,0.004631645633464691,21.642583333333334,2.109752751829024,753.3705871966478,Neutral_VeryLowVol
2022-06-01,16348.892857142857,39.88713748660023,-0.004794761085948342,-0.10176923493682177,-12.69254699898585,0.00461107467411236,21.67825,2.0860022140612724,754.1610995879676,Neutral_VeryLowVol
2022-06-02,16420.72857142857,41.533512866378395,-0.005655116160108612,-0.10176923493682177,-13.473328673111794,0.004513171715396949,21.733166666666666,2.0249358156422708,755.560789795715,Neutral_VeryLowVol
2022-06-03,16500.514285714286,43.30242414821016,-0.006603487559168459,-0.10176923493682177,-14.050501419788652,0.004441583257987434,21.80391666666667,1.9189795783504318,756.7683612981284,Neutral_VeryLowVol
2022-06-06,16557.571428571428,44.53329277778383,-0.007624956495986162,-0.10176923493682177,-14.462894553329036,0.004398560475251585,21.865583333333333,1.8319969417386575,757.243526328885,Neutral_VeryLowVol
2022-06-07,16566.7,44.730182670951194,-0.008691519619437389,-0.10176923493682177,-15.012101679226616,0.004361299977149687,21.837833333333332,1.8477627121006228,758.6237950956673,Neutral_VeryLowVol
2022-06-08,16523.10714285714,43.96579466008869,-0.009841549132950411,-0.10176923493682177,-16.23930561023286,0.0043151689413835174,21.859500000000004,1.8192037619754888,755.8776341113538,Neutral_VeryLowVol
2022-06-09,16507.899999999998,43.69861185069254,-0.011047971987497613,-0.10176923493682177,-16.93677643771973,0.004280548956972537,21.81066666666667,1.8729097467683258,756.872783958919,Neutral_VeryLowVol
2022-06-10,16462.05,42.89256059895699,-0.01230530452206134,-0.10176923493682177,-17.292862716851154,0.004281140062548105,21.817249999999998,1.864389905525974,754.5428502675636,Neutral_VeryLowVol
2022-06-13,16340.107142857141,40.83776155398402,-0.01361086408795573,-0.10176923493682177,-17.617913117920075,0.004348154305962027,21.915583333333334,1.8103313046154919,745.593073856448,Neutral_VeryLowVol
2022-06-14,16218.364285714284,38.92819769460869,-0.014861772312964686,-0.10176923493682177,-17.72632494337442,0.004380451349719381,21.969083333333334,1.783928670501247,738.2358216606344,Neutral_VeryLowVol
2022-06-15,16093.021428571428,37.09648842572501,-0.01601771792483877,-0.10176923493682177,-17.798191072149347,0.004406119347367522,21.978083333333334,1.7841317654839175,732.2304308567138,Neutral_VeryLowVol
2022-06-16,15942.199999999999,35.06052706822483,-0.017180412510442594,-0.10176923493682177,-18.320332047006737,0.004546075902911177,22.063916666666668,1.762047286359643,722.5462387684265,Neutral_VeryLowVol
2022-06-17,15790.378571428571,33.18041412252485,-0.018399163396764066,-0.10176923493682177,-18.99184204996945,0.004690662111251833,22.114166666666666,1.7595292686187414,714.0390505978177,Neutral_VeryLowVol
2022-06-20,15629.242857142857,31.35036709955091,-0.01968030030178753,-0.10176923493682177,-19.525159061308603,0.004846407352893874,22.12683333333333,1.7602887122782669,706.3479270482834,Neutral_VeryLowVol
2022-06-21,15548.814285714285,30.489483479533305,-0.020933348442830655,-0.10176923493682177,-19.575864367586853,0.0048513494494354424,22.088166666666666,1.769015644525022,703.943180091042,Neutral_VeryLowVol
2022-06-22,15497.228571428572,29.94849098937621,-0.02214779697695386,-0.10176923493682177,-19.7620181497515,0.00485303271979456,22.03808333333333,1.7693634014141737,703.2021949017908,Neutral_VeryLowVol
2022-06-23,15472.164285714285,29.686000167037946,-0.02347502241073629,-0.10176923493682177,-19.865518093963416,0.004850080315009366,21.92525,1.72994734696621,705.6778958376432,Neutral_VeryLowVol
2022-06-24,15473.17857142857,29.711569734518577,-0.024940323312748022,-0.10176923493682177,-20.494415541823845,0.004803477912023637,21.827416666666668,1.7216688830363578,708.8873047930655,Neutral_VeryLowVol
2022-06-27,15540.528571428571,31.410257000821517,-0.02640511138973533,-0.10176923493682177,-19.17939495583733,0.004914855253127139,21.71,1.6497908697143018,715.8235177995657,Neutral_VeryLowVol
2022-06-28,15620.057142857142,33.36073366803589,-0.027812521435463478,-0.10176923493682177,-17.23266156391953,0.005058427612653322,21.666916666666665,1.638737382356582,720.9173960080681,Neutral_VeryLowVol
2022-06-29,15684.192857142858,34.892128648842515,-0.029140185576426388,-0.10176923493682177,-15.468598122770526,0.005147436838933106,21.653750000000002,1.635099747827146,724.3176289161395,Neutral_VeryLowVol
2022-06-30,15704.4,35.37205842558106,-0.03048640593844523,-0.10176923493682177,-14.752924225622243,0.005174372062553217,21.563166666666667,1.541268500928243,728.2974825899103,Neutral_VeryLowVol
2022-07-01,15752.792857142858,36.521384818102504,-0.03175126668704311,-0.10176923493682177,-12.998302056946995,0.005177859501648596,21.5015,1.5144349407137776,732.6369256629937,Neutral_VeryLowVol
2022-07-04,15792.607142857143,37.459885893161065,-0.03284856595015853,-0.10176923493682177,-11.43330169592053,0.005167724407512759,21.420666666666666,1.473921425251585,737.2603004663944,Neutral_VeryLowVol
2022-07-05,15808.550000000001,37.83733600524981,-0.033745271093509374,-0.10176923493682177,-9.896011831805023,0.005053362399012558,21.25908333333333,1.2437139326484774,743.6139062126388,Neutral_VeryLowVol
2022-07-06,15831.085714285715,38.376533138587305,-0.0344383829657703,-0.10176923493682177,-8.27473541882914,0.004949053780691435,21.09191666666667,0.9968038758720791,750.5759654031306,Neutral_VeryLowVol
2022-07-07,15871.471428571429,39.34357788722746,-0.034816141262698615,-0.10176923493682177,-5.9202425902563744,0.004711980904161705,20.974749999999997,1.00568135035301,756.6941884204308,Neutral_VeryLowVol
2022-07-08,15931.685714285715,40.76507327121056,-0.03490581690649371,-0.10176923493682177,-3.573449347264729,0.004618040591618808,20.871916666666664,1.1050518171912755,763.3072692231133,Neutral_VeryLowVol
2022-07-11,15993.935714285715,42.20129655067115,-0.034712910045457915,-0.10176923493682177,-1.1689302910726789,0.004523576168518777,20.81816666666667,1.1861697509886602,768.2682135451751,Neutral_VeryLowVol
2022-07-12,16037.685714285713,43.19411878227829,-0.034330906376654306,-0.10176923493682177,-0.26829871561422275,0.004541237692358265,20.753833333333333,1.2555898691610299,772.7577578898218,Neutral_VeryLowVol
2022-07-13,16056.442857142858,43.61997469010422,-0.03378260309601799,-0.10176923493682177,0.1095012488911132,0.004544241553167466,20.676333333333336,1.319877007941095,776.5614240343801,Neutral_VeryLowVol
2022-07-14,16074.699999999999,44.03878562989727,-0.0330399836062663,-0.10097421295432363,1.2188948170594982,0.004503875362738229,20.610333333333333,1.3861505138786412,779.934013682457,Neutral_VeryLowVol
2022-07-15,16083.185714285713,44.23625315044942,-0.032234493224166175,-0.09850357043864921,1.1395096304536314,0.004502727923079377,20.531083333333335,1.48795258014048,783.3578702675559,Neutral_VeryLowVol
2022-07-18,16103.985714285713,44.72659065305945,-0.031436042326381496,-0.09850357043864921,0.6239099101157772,0.004471287644366804,20.429666666666666,1.609816429528906,788.2647317276695,Neutral_VeryLowVol
2022-07-19,16121.121428571427,45.134232615122016,-0.030661762179379354,-0.09850357043864921,0.18052594906040945,0.004448403254019409,20.32225,1.7142626028561991,793.2744370614192,Neutral_VeryLowVol
2022-07-20,16164.671428571426,46.16907873075444,-0.029839834960551585,-0.09850357043864921,0.4205306191974994,0.004461516201271433,20.221749999999997,1.8282500760335905,799.370550450452,Neutral_VeryLowVol
2022-07-21,16242.807142857142,47.97477658322968,-0.028908046277738717,-0.09850357043864921,1.661588987953461,0.004522351696029145,20.145666666666667,1.9200106561005896,806.2680382641664,Neutral_VeryLowVol
2022-07-22,16350.35,50.32690928656543,-0.027910410385058357,-0.09850357043864921,2.8438403220903035,0.004633915401196869,20.048166666666667,2.021570097948406,815.553375620381,Neutral_VeryLowVol
2022-07-25,16449.257142857143,52.358672940924585,-0.026981785634660926,-0.09850357043864921,2.5494566566427124,0.004580098232077953,19.892,2.017376924417448,826.928269799776,Neutral_VeryLowVol
2022-07-26,16511.35,53.581191234982306,-0.026057920123311474,-0.09850357043864921,2.754959523644041,0.004596337985780016,19.768083333333333,2.0047106897785105,835.2529540462951,Neutral_VeryLowVol
2022-07-27,16563.25,54.580354266558906,-0.025114823606728388,-0.09850357043864921,2.848602329640471,0.0046027542420870845,19.63416666666667,1.97423723085088,843.5932260939687,Neutral_VeryLowVol
2022-07-28,16647.399999999998,56.14997371352798,-0.02412605119297384,-0.09850357043864921,2.988181921164415,0.004619525038676746,19.439,1.9325412740383225,856.3917897011162,Neutral_VeryLowVol
2022-07-29,16738.45714285714,57.76965850693797,-0.023101302896686035,-0.09850357043864921,3.1106558255012935,0.004635784402034141,19.232083333333335,1.8969685530054392,870.3402981748626,Neutral_VeryLowVol
2022-08-01,16843.42857142857,59.53680787852186,-0.022017914086660772,-0.09850357043864921,3.6696233887903755,0.004704688959014705,19.067833333333336,1.824017063277105,883.34255271593,Neutral_VeryLowVol
2022-08-02,16932.85714285714,60.964101792547716,-0.020843334493180297,-0.09850357043864921,4.636127713072248,0.004767339839061992,18.98075,1.7834645368803788,892.1068526194772,Neutral_VeryLowVol
2022-08-03,17041.02142857143,62.60061932046385,-0.019484124242609684,-0.09850357043864921,6.495574565533776,0.004825569765350816,18.885749999999998,1.7307926415671662,902.321667319086,Neutral_VeryLowVol
2022-08-04,17169.32857142857,64.4156256765732,-0.01797735791093359,-0.09850357043864921,8.122593919408043,0.004932832627168405,18.831666666666667,1.6912254959527193,911.7264486111286,Neutral_VeryLowVol
2022-08-05,17277.285714285714,65.84600487008413,-0.016330520862790018,-0.09850357043864921,9.977776631662547,0.004963242596639378,18.777166666666666,1.6599982775921178,920.122083432132,Neutral_VeryLowVol
2022-08-08,17362.35714285714,66.92067749010116,-0.01449248739532188,-0.09850357043864921,13.05084819322754,0.004793618649714862,18.720416666666665,1.609544281633728,927.4556999456285,Neutral_VeryLowVol
2022-08-10,17416.14285714286,67.58212862484045,-0.012512104039236293,-0.09850357043864921,16.153509361324616,0.004571961877606533,18.658333333333335,1.5348135814764807,933.4243603649588,Bullish_LowVol
2022-08-11,17461.707142857143,68.1357312315222,-0.01039888017651495,-0.09850357043864921,19.758949905376237,0.0043042975372895595,18.540166666666664,1.4078430146939662,941.831185058952,Bullish_LowVol
2022-08-12,17512.092857142856,68.74116228780824,-0.008073828391497265,-0.09850357043864921,25.339567512531527,0.0038861768653313733,18.399083333333337,1.271199115438476,951.7915941723285,Bullish_LowVol
2022-08-16,17574.535714285714,69.47828600972258,-0.005516185645955263,-0.09850357043864921,33.44977752635729,0.003377904189265825,18.280250000000002,1.1570029188856688,961.3947136546661,Bullish_LowVol
2022-08-17,17654.85714285714,70.39919173670924,-0.0027127337311659834,-0.09850357043864921,48.63601761104477,0.0026647765910610003,18.170416666666664,1.0434394971415535,971.6264335998795,Bullish_LowVol
2022-08-18,17734.714285714286,71.28273349881661,0.00020190633004208675,-0.09850357043864921,60.65507158529521,0.0023177462872202978,18.055833333333336,0.9285563817144371,982.2152186669655,Bullish_LowVol
2022-08-19,17768.05,71.64509585679502,0.0031793073288966752,-0.09850357043864921,70.79214860060364,0.002069873724277717,17.98975,0.8311672178118782,987.676315679762,Bullish_LowVol
2022-08-22,17761.757142857146,71.47048942893728,0.0061635319579537535,-0.09818925559488212,74.01347005711345,0.0019993849889562974,17.98425,0.8233748753419968,987.6284606173261,Bullish_LowVol
2022-08-23,17750.114285714288,71.14148347564665,0.009156894603726307,-0.09181778867908152,72.35721922279653,0.0020337115892593094,18.006083333333333,0.8430904978964586,985.7843017340041,Bullish_LowVol
2022-08-24,17736.8,70.7594379981028,0.012023826628436636,-0.08338722975468105,66.26813598913822,0.002132629787497305,18.008166666666668,0.8440910060155848,984.9309109755758,Bullish_LowVol
2022-08-25,17693.542857142857,69.51547072034198,0.014693787702823093,-0.07752561312057216,57.79126087168916,0.002296974952086114,18.04225,0.8862122396019526,980.6727463117326,Bullish_LowVol
2022-08-26,17638.492857142857,67.95610516066796,0.017164353592262666,-0.0701686422514054,49.98261607298457,0.00249292994838387,18.032083333333333,0.8822832554320134,978.1727674548342,Bullish_LowVol
2022-08-29,17546.55,65.44146671532161,0.019499883293286023,-0.0614562679988645,41.93907620785109,0.002796950510106747,18.081500000000002,0.9397690013304794,970.414512070348,Bullish_LowVol
2022-08-30,17546.67142857143,65.44319883865535,0.02167054586815638,-0.05096619694973714,40.231864208388906,0.0028305141028077585,18.11825,0.9417441060110293,968.4528819599813,Bullish_LowVol
2022-09-01,17554.114285714284,65.55174263715998,0.023700844085785898,-0.04576348940947805,39.091346867700864,0.0028533164654003604,18.208666666666666,0.976154871592078,964.0527012254761,Bullish_LowVol
2022-09-02,17548.678571428572,65.39787494422453,0.025588275033924964,-0.044403187461249716,38.21691310196108,0.002880273281934297,18.28691666666667,0.986749864220837,959.6302586874169,Bullish_LowVol
2022-09-05,17557.37142857143,65.53058335187409,0.02734127010858801,-0.041965422892221826,37.68102261110054,0.002893871854007914,18.38158333333333,0.9776016313981125,955.1609951212816,Bullish_LowVol
2022-09-06,17576.39285714286,65.8247432226914,0.02890616477842943,-0.03833076507175748,36.99397787645561,0.002903729422491025,18.4705,0.955254614911621,951.5926941416235,Bullish_LowVol
2022-09-07,17585.75,65.9712611812802,0.03028718960610668,-0.034573227360565784,35.629823370496624,0.0029139157084143988,18.561083333333332,0.9041486477888754,947.4527797856626,Bullish_LowVol
2022-09-08,17655.157142857144,67.04609722315342,0.03153076153322473,-0.031932387603704204,35.63855963702068,0.0029144193059708117,18.581916666666665,0.8902403499879834,950.1257302766836,Bullish_LowVol
2022-09-09,17665.735714285714,67.20801046693106,0.03269702745829246,-0.030800167978966453,34.65694447138424,0.0029291105943897253,18.56683333333333,0.9012256819935052,951.4673502546144,Bullish_LowVol
2022-09-12,17721.957142857143,68.0633434206848,0.033864703687602284,-0.029698129380021476,35.471424356332925,0.0029242897107219805,18.560416666666665,0.9051200347459181,954.8253932620305,Bullish_LowVol
2022-09-13,17797.757142857143,69.1751546535428,0.035008366276472185,-0.029185914256568135,36.58873560858755,0.0029296072524578848,18.575666666666667,0.8816913930867641,958.1221208493446,Bullish_LowVol
2022-09-14,17846.035714285714,69.86057526078088,0.036179653198629654,-0.027930383583591678,37.65066688906388,0.0029111903976608592,18.633249999999997,0.797195826221153,957.7521749713934,Bullish_LowVol
2022-09-15,17877.72142857143,70.30504620945403,0.03738189577386896,-0.026896036713924598,37.89395077084556,0.0029066025314837935,18.663500000000003,0.7688357745809313,957.8975770124267,Bullish_LowVol
2022-09-16,17864.35714285714,69.859378902654,0.03858217621032825,-0.024267269367379996,36.71371334014715,0.002945320451517201,18.706583333333334,0.7968021980489824,954.9770166219811,Bullish_LowVol
2022-09-19,17839.14285714286,69.01283314630388,0.03971742984521606,-0.019550837351002825,34.39400714299476,0.003011813552054143,18.75625,0.8261542995855768,951.1039177417051,Bullish_LowVol
2022-09-20,17836.7,68.92983283358416,0.04072514655845382,-0.013059329860503288,32.55348225035719,0.0030143979424122414,18.740916666666667,0.8207816615392536,951.7517375083929,Bullish_LowVol
2022-09-21,17805.557142857142,67.86265575331917,0.04156583518718327,-0.012466196346813563,29.662165585074955,0.003000508829603011,18.754583333333336,0.8271688011369323,949.3976393072168,Bullish_LowVol
2022-09-22,17742.664285714283,65.75407521651854,0.04231007855027124,-0.012466196346813563,25.67852438862202,0.003062096702345233,18.738333333333333,0.820797639109308,946.8645887599902,Bullish_LowVol
2022-09-23,17646.035714285714,62.68489854919839,0.042931448573874376,-0.012959465511944046,21.092842602379452,0.003258051101103239,18.771833333333337,0.8753469591254498,940.0272952003824,Bullish_LowVol
2022-09-26,17523.02142857143,59.08397192782249,0.043426194420633286,-0.019840335996797354,16.450656951617372,0.0035224027721040487,18.88975,1.0400334357189616,927.6470799545483,Neutral_VeryLowVol
2022-09-27,17448.242857142857,57.04103144946249,0.043802602012086696,-0.024023115761396596,13.427807685225469,0.003582579025770303,19.021749999999997,1.1199118942406407,917.2785289020652,Neutral_VeryLowVol
2022-09-28,17339.15,54.23507570319332,0.044033970729152876,-0.030125283623152588,9.698372052990148,0.003700310792684279,19.16875,1.2230765599713338,904.5529833713728,Neutral_VeryLowVol
2022-09-29,17196.557142857142,50.87974585755845,0.04406134971648,-0.03810129207101742,5.423411152042468,0.0038657149646971847,19.289583333333333,1.2494497208309912,891.4944841312699,Neutral_VeryLowVol
2022-09-30,17107.414285714283,48.938460256898225,0.04390784789538268,-0.043087545912091074,2.6509148000582594,0.003888764205647127,19.37683333333333,1.199738824547251,882.8797766601501,Neutral_VeryLowVol
2022-10-03,17001.35,46.76121049780782,0.043496289140385835,-0.04902030899591325,-0.5984871217345727,0.003889801213695222,19.479499999999998,1.2343687134277326,872.7816422392772,Neutral_VeryLowVol
2022-10-04,16993.77142857143,46.6092454943687,0.04288596148338633,-0.04944422048031849,-2.7705706795434812,0.003690591341513626,19.49725,1.2316192296013075,871.598375595093,Neutral_VeryLowVol
2022-10-06,17038.842857142856,47.64703314023479,0.04211878521486423,-0.04944422048031849,-3.8677763133061513,0.00356818573364737,19.506083333333333,1.2292489091907735,873.514306586895,Neutral_VeryLowVol
2022-10-07,17082.735714285714,48.64409192270401,0.04117009892496828,-0.04944422048031849,-4.604101949526571,0.0034979760614894193,19.51883333333333,1.2196488919110327,875.1924575898005,Neutral_VeryLowVol
2022-10-10,17137.364285714284,49.862967751044756,0.04009205836736896,-0.04944422048031849,-4.572649403279605,0.003500575957788722,19.520583333333335,1.2197624986695152,877.9125087133299,Neutral_VeryLowVol
2022-10-11,17161.0,50.385510530128236,0.038872778876632916,-0.04944422048031849,-4.950445840997044,0.003478665983643787,19.596416666666666,1.206440990477912,875.721326603078,Neutral_VeryLowVol
2022-10-12,17165.178571428572,50.47909553728684,0.03747342875913696,-0.04944422048031849,-5.760408738523102,0.003438989360846025,19.608166666666666,1.2104288092648938,875.4096628834196,Neutral_VeryLowVol
2022-10-13,17183.321428571428,50.891598229168075,0.03588588107795292,-0.04944422048031849,-6.575172359563512,0.003385506896844152,19.661166666666663,1.204085848220398,873.9726243053445,Neutral_VeryLowVol
2022-10-14,17170.664285714283,50.59006937344303,0.03405682075067404,-0.04944422048031849,-8.356793508429275,0.003281818051634631,19.607333333333333,1.2301322702451263,875.7266474642626,Neutral_VeryLowVol
2022-10-17,17167.807142857142,50.520767593464186,0.03205327680570082,-0.04944422048031849,-10.07509832360427,0.0031727688986771187,19.569583333333338,1.2491818155628553,877.2699372507747,Neutral_VeryLowVol
2022-10-18,17192.42142857143,51.1125030336755,0.029981927374102733,-0.04944422048031849,-10.239663066904582,0.003163857450576364,19.49591666666667,1.3073242750201841,881.8472976942057,Neutral_VeryLowVol
2022-10-19,17231.17142857143,52.03864157179399,0.027928955186760956,-0.04944422048031849,-9.334160018546315,0.0032003272037449304,19.427999999999997,1.3577150874245556,886.9246154298658,Neutral_VeryLowVol
2022-10-20,17314.085714285717,53.95303928072467,0.025952266887078107,-0.04944422048031849,-7.400956734714204,0.0033191427346831513,19.356833333333334,1.4157115509177276,894.4689152471074,Neutral_VeryLowVol
2022-10-21,17378.757142857143,55.377889688679005,0.024090654348949067,-0.04944422048031849,-5.955542006976137,0.0033895219672532267,19.32266666666667,1.453827281477203,899.3974508102991,Neutral_VeryLowVol
2022-10-24,17481.1,57.51180439071885,0.022422455066118084,-0.04944422048031849,-3.4101980036181074,0.0035208517218062764,19.312833333333334,1.4660052649227382,905.1546035882875,Neutral_VeryLowVol
2022-10-25,17548.335714285717,58.83815888153977,0.02092894423701461,-0.04944422048031849,-1.4398532314192936,0.0035499353277133514,19.277583333333332,1.5122013075446696,910.2974896206242,Neutral_VeryLowVol
2022-10-27,17609.071428571428,59.99518482561853,0.019626391331642085,-0.04944422048031849,1.019361216712114,0.003495497922881171,19.2485,1.5559224451019378,914.8282426459946,Neutral_VeryLowVol
2022-10-28,17651.907142857144,60.79240047053593,0.018390994611134578,-0.04944422048031849,1.7062906461409342,0.0035149196322711413,19.17,1.6623675731544574,920.8089276399136,Neutral_VeryLowVol
2022-10-31,17723.32857142857,62.08450652444648,0.01722608236926379,-0.04944422048031849,2.7014751575037868,0.003568265207558759,19.083666666666666,1.768034747343974,928.717152788348,Neutral_VeryLowVol
2022-11-01,17806.39285714286,63.51860994633459,0.016140948085114088,-0.04944422048031849,4.039925400326013,0.0036351365405916485,18.960583333333332,1.8418155027754393,939.1268477398916,Neutral_VeryLowVol
2022-11-02,17878.757142857143,64.71123930236102,0.015112696852202876,-0.04944422048031849,4.971777956309318,0.0036817589147278046,18.851333333333336,1.87855510475705,948.4080954233374,Neutral_VeryLowVol
2022-11-03,17924.75,65.4475721586793,0.01412094725670384,-0.04944422048031849,5.36284799343991,0.0036957235848121234,18.75616666666667,1.9522473492473367,955.672356647147,Neutral_VeryLowVol
2022-11-04,17990.57857142857,66.47448287036826,0.013207807336022104,-0.04944422048031849,6.172182462875796,0.003729679425298965,18.63383333333333,2.0288566651726945,965.4792038547395,Neutral_VeryLowVol
2022-11-07,18057.12857142857,67.47673562481708,0.012289365476243036,-0.04944422048031849,6.113604306054111,0.003724142338935368,18.52616666666667,2.103251355489255,974.6823990263448,Neutral_VeryLowVol
2022-11-09,18110.014285714286,68.25035327397394,0.01142661349158973,-0.04944422048031849,6.719375200077281,0.003742783839700139,18.37025,2.1181113852951206,985.8338501497958,Neutral_VeryLowVol
2022-11-10,18112.3,68.28379528614728,0.010500630022869245,-0.04944422048031849,5.920273771517688,0.003720426802156844,18.15941666666667,2.0696586511960944,997.4053865533491,Neutral_VeryLowVol
2022-11-11,18141.485714285714,68.7153428558155,0.009502202991683601,-0.04944422048031849,5.254410290061383,0.003675584192666647,17.920666666666666,2.0760679567198936,1012.3220330876296,Neutral_VeryLowVol
2022-11-15,18226.77142857143,69.95887711282914,0.007440845829416266,-0.04944422048031849,5.308639053681183,0.003677835316928316,17.672,2.0043674726748124,1031.3926792989716,Neutral_VeryLowVol
2022-11-16,18268.557142857142,70.55318864259267,0.0064767218018594586,-0.04944422048031849,6.143358735817033,0.0036830112069185317,17.46525,1.9356854517464923,1045.9945974353154,Neutral_VeryLowVol
2022-11-17,18288.714285714286,70.83862059266002,0.005595922920515924,-0.04944422048031849,6.867187656650167,0.0036698287966301984,17.295583333333337,1.9318657994160973,1057.4210729549036,Neutral_VeryLowVol
2022-11-18,18310.235714285714,71.14490460758645,0.004791536382094521,-0.04944422048031849,7.236503901948349,0.0036686766095296846,17.06308333333333,1.8428953376614436,1073.0906810093359,Neutral_VeryLowVol
2022-11-21,18329.057142857146,71.41420894922685,0.004123150039739621,-0.04944422048031849,8.059124477629082,0.0036481547714104835,16.904,1.8249293325948515,1084.3029544993578,Neutral_VeryLowVol
2022-11-22,18313.985714285714,70.87097553885866,0.003605282241878593,-0.04944422048031849,8.965292873071068,0.003591676365274991,16.721583333333335,1.8489720447118745,1095.230358824815,Neutral_VeryLowVol
2022-11-23,18305.14285714286,70.54803664881705,0.0032634982491293444,-0.04944422048031849,10.815662026513271,0.0034534705478124496,16.562583333333333,1.867963634380335,1105.2106116986295,Neutral_VeryLowVol
2022-11-24,18316.67142857143,70.72640029257887,0.0031417761349780845,-0.04944422048031849,14.116730197411368,0.0032083808397257835,16.35775,1.8577452441712654,1119.754943593797,Neutral_VeryLowVol
2022-11-25,18331.4,70.95687114137907,0.003196262015981528,-0.04944422048031849,16.389738427660173,0.003088262911966933,16.119166666666665,1.7661012161670415,1137.2424132761207,Neutral_VeryLowVol
2022-11-28,18362.664285714283,71.44629552444647,0.003491324706412152,-0.04944422048031849,20.78821200043043,0.0028395463879487782,15.898833333333332,1.6512468817131478,1154.9692924458368,Neutral_VeryLowVol
2022-11-29,18407.007142857143,72.12951044721447,0.004092249536884622,-0.04944422048031849,29.68936392821211,0.0023708520559969034,15.676333333333332,1.4799840885288025,1174.1908488075746,Bullish_VeryLowVol
2022-11-30,18492.492857142857,73.38852039627898,0.0049401277189979565,-0.04944422048031849,37.898636105287196,0.0021363207400285126,15.527999999999999,1.43467246652554,1190.9127290792671,Bullish_VeryLowVol
2022-12-01,18573.678571428572,74.51011001599582,0.006067525935536036,-0.04944422048031849,53.92486148366674,0.0017150265984488516,15.359416666666668,1.3795135454666685,1209.2697902868645,Bullish_VeryLowVol
2022-12-02,18634.942857142854,75.31533158499315,0.00733501732396184,-0.046923125789839926,57.91279236873552,0.001667591486882468,15.225999999999999,1.363559553217972,1223.8895873599668,Bullish_VeryLowVol
2022-12-05,18665.935714285715,75.71340546779986,0.008632874915477415,-0.04446795512850987,57.19179874714492,0.0016697001459673115,15.100833333333334,1.320471495816532,1236.0864663728744,Bullish_VeryLowVol
2022-12-06,18684.507142857143,75.95174660565557,0.009938039431127435,-0.041412276492570066,55.77011578994106,0.0016812859144426883,14.994499999999999,1.2703864128408395,1246.0907094506083,Bullish_VeryLowVol
2022-12-07,18684.18571428571,75.93851754325146,0.011200671910303567,-0.040090200053458425,52.74892872351745,0.0017111280370484417,14.88775,1.2045614365028985,1255.0039941754603,Bullish_VeryLowVol
2022-12-08,18682.942857142858,75.886098916887,0.012457823246122178,-0.039856469404658035,50.878309072619615,0.0017431031439099002,14.753583333333333,1.134626568396944,1266.3325535927108,Bullish_VeryLowVol
2022-12-09,18645.55,74.30341169801432,0.01371529574374811,-0.03970943884267775,46.90042125745859,0.0018388471254451293,14.640166666666667,1.0836526143120444,1273.58864311654,Bullish_VeryLowVol
2022-12-12,18600.5,72.4366337725876,0.014957243446129743,-0.03970943884267775,41.958176211455736,0.0019656258746537565,14.530833333333334,1.0441044119186964,1280.0711131501978,Bullish_VeryLowVol
2022-12-13,18587.914285714283,71.91890130219905,0.016261157761703945,-0.03970943884267775,42.03628338956941,0.0019635187705446685,14.429499999999999,1.0518732059420903,1288.1883839158866,Bullish_VeryLowVol
2022-12-14,18582.092857142856,71.67586721591272,0.017617671358632583,-0.03833262548239402,41.86452584875448,0.00196777823122265,14.332249999999998,1.0554179491620246,1296.5230760796705,Bullish_VeryLowVol
2022-12-15,18549.542857142857,70.31323692201383,0.01893828978791264,-0.036165123311895364,38.44637296760877,0.002053176500784069,14.252333333333333,1.0041208054579909,1301.5091931479892,Bullish_VeryLowVol
2022-12-16,18507.9,68.60193606998979,0.020170103144176135,-0.031527267976383944,34.39499370728992,0.0021542124917778823,14.165916666666668,0.8951941812400357,1306.5091681324304,Bullish_VeryLowVol
2022-12-19,18480.914285714287,67.50987886870277,0.021259203793512094,-0.027909836704182123,31.24533916670534,0.0021568614507036185,14.086250000000001,0.8360299115047354,1311.9825564443543,Bullish_VeryLowVol
2022-12-20,18465.014285714286,66.86663291913786,0.02223752831317064,-0.02218523373664205,28.877924959067755,0.0021644519418215803,14.02375,0.7831206225622845,1316.695911272968,Bullish_VeryLowVol
2022-12-21,18422.435714285715,65.16137789908292,0.023015317849442156,-0.018424367758594906,25.30778792222583,0.0021277548666367445,14.023,0.7815831082949498,1313.7299946007072,Bullish_VeryLowVol
2022-12-22,18353.77142857143,62.5240613076544,0.023615655946729344,-0.017701067079639365,20.571756492986122,0.002231123311172283,13.99875,0.7304709599124688,1311.1007360351052,Bullish_VeryLowVol
2022-12-23,18231.842857142856,58.23165242552454,0.023986777354017497,-0.02422671801045262,14.068224398073651,0.0025139285938384813,14.0185,0.7806356826107161,1300.555898073464,Neutral_VeryLowVol
2022-12-26,18174.65714285714,56.37007972025518,0.024261063318743694,-0.02728731328591194,11.484280968158671,0.0025786868057482014,14.069416666666667,0.8531606256505869,1291.7846967967498,Neutral_VeryLowVol
2022-12-27,18155.12857142857,55.745896482886174,0.024429934614967737,-0.028332487840384224,9.604117750561038,0.0025367628737264047,14.091249999999999,0.8762035441960107,1288.3973083600513,Neutral_VeryLowVol
2022-12-28,18112.564285714285,54.39933162714179,0.024453439797829806,-0.030610540206917114,6.905807712539849,0.0024898559864425184,14.101083333333333,0.8894696897717032,1284.480337967954,Neutral_VeryLowVol
2022-12-29,18084.807142857142,53.53441895513636,0.024366024172881542,-0.032096110184488214,4.728998598582501,0.0024370593648781478,14.098916666666668,0.8875903750323998,1282.7089889547406,Neutral_VeryLowVol
2022-12-30,18071.407142857144,53.11626935760468,0.024220417563708095,-0.03281328189779842,3.389789175174662,0.002413667397285584,14.114833333333333,0.8972193474679677,1280.3131794819028,Neutral_VeryLowVol
2023-01-02,18081.42142857143,53.39529167866402,0.023998454196164,-0.03281328189779842,2.1502408606539087,0.0023483268526233924,14.111083333333333,0.8944986756539709,1281.3630960465896,Neutral_VeryLowVol
2023-01-03,18142.242857142854,55.06127095164558,0.023774781325381255,-0.03281328189779842,2.017971893981961,0.002335816141997119,14.129166666666666,0.8943653435904555,1284.027804693095,Neutral_VeryLowVol
2023-01-04,18146.292857142857,55.17071581757091,0.02348929126374878,-0.03281328189779842,0.8743357823004804,0.0022911479365454283,14.167666666666667,0.9151248109082234,1280.8243787833462,Neutral_VeryLowVol
2023-01-05,18126.27142857143,54.49775673543459,0.023226653405322477,-0.03281328189779842,0.3356193465491109,0.0022983714821400584,14.217833333333333,0.9172348187041637,1274.8968850320439,Neutral_VeryLowVol
2023-01-06,18088.692857142858,53.24744192196806,0.022952173345792054,-0.03281328189779842,-1.261486568269769,0.0023068517462728117,14.27425,0.9129431257540918,1267.225448422359,Neutral_VeryLowVol
2023-01-09,18075.864285714288,52.82311733898567,0.022654913347600256,-0.03281328189779842,-2.4264802563858923,0.0022855997884790808,14.3105,0.9053691378999241,1263.1189885548574,Neutral_VeryLowVol
2023-01-10,18048.557142857142,51.91982972767495,0.02229333128395119,-0.03403622022982378,-4.352638404777146,0.0022463642415352404,14.373666666666667,0.9211403009436574,1255.6682690237105,Neutral_VeryLowVol
2023-01-11,18005.45,50.52107060380101,0.02183677729228263,-0.036343326461074854,-6.450378929799608,0.002232765754082035,14.427916666666667,0.9344752545874959,1247.9591070551883,Neutral_VeryLowVol
2023-01-12,17951.971428571433,48.84662822716093,0.021299432954894372,-0.03920551442352327,-8.157760911937187,0.002257065925428531,14.49175,0.9243625832672003,1238.771813519515,Neutral_VeryLowVol
2023-01-13,17939.635714285712,48.46659631075199,0.02072260724637154,-0.03986572527047816,-9.029475798668184,0.002241552636534034,14.525416666666667,0.9032642153964012,1235.0513672667366,Neutral_VeryLowVol
2023-01-16,17925.735714285714,48.0346931479816,0.02008889238998719,-0.040609657122344656,-9.876566166969306,0.0022279487376075055,14.568416666666668,0.8948821159439753,1230.4518826195283,Neutral_VeryLowVol
2023-01-17,17953.428571428572,48.96402038795316,0.019450216058441133,-0.040609657122344656,-8.742474903412907,0.0022519401199830465,14.586666666666668,0.8893525670426393,1230.8109166884303,Neutral_VeryLowVol
2023-01-18,17962.592857142856,49.27193458300117,0.01876230586489649,-0.040609657122344656,-8.289247336349062,0.0022575415430306322,14.596499999999999,0.8851496561557761,1230.6095884042652,Neutral_VeryLowVol
2023-01-19,17990.264285714286,50.202378497783506,0.01799147544359816,-0.040609657122344656,-7.838403628261655,0.002273450359528798,14.61525,0.8645946204772536,1230.9241570082131,Neutral_VeryLowVol
2023-01-20,18009.114285714284,50.832458291938046,0.017161091644394905,-0.040609657122344656,-7.72043848210167,0.0022772119516565165,14.625583333333333,0.8522927201066028,1231.343316383799,Neutral_VeryLowVol
2023-01-23,18046.307142857142,52.05997877159521,0.01623711861187477,-0.040609657122344656,-7.534465603971306,0.002286596296142473,14.635583333333333,0.8380567329502603,1233.0432434323066,Neutral_VeryLowVol
2023-01-24,18069.407142857144,52.81046677652573,0.015169070024979555,-0.040609657122344656,-8.125400154629114,0.0022572231673509647,14.661416666666666,0.7928812265197115,1232.446192184053,Neutral_VeryLowVol
2023-01-25,18068.992857142857,52.795263966385,0.013922027790850987,-0.040609657122344656,-10.895538449568491,0.0021018864835582103,14.720416666666667,0.7185021186745496,1227.4783565100302,Neutral_VeryLowVol
2023-01-27,18004.85714285714,50.48754219745638,0.012446970788223894,-0.040609657122344656,-15.367438554461778,0.0019928588419156766,14.84,0.8371536854742005,1213.265306122449,Neutral_VeryLowVol
2023-01-30,17931.085714285717,48.01172034971092,0.010832526677039453,-0.040609657122344656,-19.391730580922115,0.0019477799376927491,14.961333333333332,0.9742602705192458,1198.4951684978423,Neutral_VeryLowVol
2023-01-31,17867.414285714283,46.01425461521264,0.009162957407801793,-0.04373103614109641,-22.026662710882793,0.0019421738738134339,15.072083333333332,0.9971623712013112,1185.464138603773,Neutral_VeryLowVol
2023-02-01,17808.65,44.27078823724317,0.007457305317515574,-0.04685972017588569,-24.133908537674124,0.0019423342441063389,15.172083333333335,1.0134126545158821,1173.7774970477576,Neutral_VeryLowVol
2023-02-02,17736.057142857142,42.24287011722686,0.005739043726878643,-0.05068182895628259,-25.568732921696373,0.0019846496500175105,15.177750000000001,1.016142628038424,1168.5564159942771,Neutral_VeryLowVol
2023-02-03,17698.307142857146,41.23542343684566,0.00401140992339831,-0.050802623529091595,-26.636461901273677,0.001978580667954595,15.151416666666668,1.026069182342797,1168.0958640516878,Neutral_VeryLowVol
2023-02-06,17680.114285714284,40.75499485943394,0.002324035916160893,-0.050802623529091595,-26.198878972204394,0.0019763572599993525,15.102333333333332,1.0112713774502702,1170.6875947898307,Neutral_VeryLowVol
2023-02-07,17696.850000000002,41.39916546358206,0.0007213492917097667,-0.050802623529091595,-24.28870247932406,0.0020001903109567684,15.042083333333332,1.0139463027619602,1176.4892939253762,Neutral_VeryLowVol
2023-02-08,17728.67142857143,42.61594308503691,-0.000852080316445115,-0.050802623529091595,-22.48731994298404,0.0020556424166286694,14.985583333333333,1.0463622706483506,1183.0484696005449,Neutral_VeryLowVol
2023-02-09,17761.714285714286,43.85746037299119,-0.0023977521699816147,-0.050802623529091595,-20.94984224675203,0.0021073609340067937,14.907083333333333,1.1014747330934411,1191.4949348943258,Neutral_VeryLowVol
2023-02-10,17796.02857142857,45.122057235094125,-0.0038585525953026265,-0.050802623529091595,-18.813600169590035,0.0021591676722753617,14.838166666666666,1.1701359214690539,1199.3414665847245,Neutral_VeryLowVol
2023-02-13,17818.957142857143,45.956319086124225,-0.005219753559882592,-0.050802623529091595,-17.07124136047197,0.0021805244205515585,14.798583333333335,1.1890420447549321,1204.0988479431348,Neutral_VeryLowVol
2023-02-14,17829.785714285714,46.35136971156332,-0.006479456404554992,-0.050802623529091595,-16.0695056744254,0.0021925059591510754,14.7575,1.214129637172924,1208.1847002734687,Neutral_VeryLowVol
2023-02-15,17865.678571428572,47.6522522459884,-0.007648012103575196,-0.050802623529091595,-14.488910105291422,0.0022401896793818126,14.706666666666667,1.2612725055803444,1214.8013534516256,Neutral_VeryLowVol
2023-02-16,17910.585714285713,49.23194543133757,-0.008655857318144779,-0.050802623529091595,-12.146314106573104,0.0022874475780074108,14.62975,1.300070513671019,1224.2578112603233,Neutral_VeryLowVol
2023-02-17,17920.942857142854,49.59177436355692,-0.009514932485907734,-0.050802623529091595,-10.517218745122522,0.0022422792375882423,14.566500000000001,1.328171156398617,1230.284753176319,Neutral_VeryLowVol
2023-02-20,17913.964285714286,49.35005294832796,-0.010167575293512853,-0.050802623529091595,-8.64713656250951,0.002016314929948452,14.511750000000001,1.3423965557653288,1234.445486293127,Neutral_VeryLowVol
2023-02-21,17909.707142857143,49.200009254885,-0.010714196474532362,-0.050802623529091595,-7.406211352927415,0.0019683466959629753,14.490250000000001,1.3452267707173966,1235.983308973768,Neutral_VeryLowVol
2023-02-22,17878.764285714286,48.10957566491331,-0.011206306116188322,-0.050802623529091595,-7.699453642771527,0.001977072892268521,14.492833333333333,1.3473253730703372,1233.6279507605566,Neutral_VeryLowVol
2023-02-23,17818.964285714286,46.08501888010676,-0.011624158673879491,-0.050802623529091595,-8.07011982157627,0.0020086123487628605,14.480833333333333,1.340229061310488,1230.5206389398138,Neutral_VeryLowVol
2023-02-24,17740.385714285712,43.611593996397445,-0.01200905969056128,-0.050802623529091595,-9.071371458066961,0.0020994393404522075,14.4445,1.3327107131058742,1228.1758256973735,Neutral_VeryLowVol
2023-02-27,17648.507142857143,40.97431459486615,-0.012408684079450562,-0.050802623529091595,-10.507832312516305,0.002227063401909891,14.425,1.3367497896014726,1223.4666996781382,Neutral_VeryLowVol
2023-02-28,17557.042857142857,38.59156052345376,-0.012841902929483449,-0.050802623529091595,-12.427054115026264,0.0023336954422197736,14.391583333333333,1.3338254363070945,1219.952138030413,Neutral_VeryLowVol
2023-03-01,17500.8,37.226260351008015,-0.01335450743731577,-0.050802623529091595,-15.587883675701248,0.0022681921388043418,14.338416666666667,1.3572270607896861,1220.553175908544,Neutral_VeryLowVol
2023-03-02,17428.685714285715,35.571309961979665,-0.013888091256192297,-0.050802623529091595,-17.070173426772957,0.0023166525525375233,14.291666666666666,1.3799766260720967,1219.4998750520617,Neutral_VeryLowVol
2023-03-03,17434.407142857144,35.80354363054734,-0.014388779824829692,-0.050802623529091595,-16.40877028760861,0.002326142941253776,14.232333333333335,1.4320138841391852,1224.9858638445658,Neutral_VeryLowVol
2023-03-06,17463.007142857143,36.968370429692676,-0.014797014173271377,-0.050802623529091595,-14.68842767160356,0.002354906918431011,14.181666666666667,1.474553458609904,1231.3790440374057,Neutral_VeryLowVol
2023-03-08,17504.235714285714,38.61516353197279,-0.015134135324782057,-0.050802623529091595,-13.122454124770528,0.002409904278033812,14.14275,1.505047592041502,1237.6826087066318,Neutral_VeryLowVol
2023-03-09,17532.364285714288,39.71725663812951,-0.015378668166921062,-0.050802623529091595,-11.737740350900571,0.002436604284674234,14.111666666666668,1.5249131311228334,1242.4020989049925,Neutral_VeryLowVol
2023-03-10,17547.928571428572,40.32528583306625,-0.015522937636376286,-0.050802623529091595,-10.438712245800778,0.002434223964765234,14.07025,1.526519642791132,1247.1653717189513,Neutral_VeryLowVol
2023-03-13,17505.557142857146,39.22073316472578,-0.015608493097747483,-0.050802623529091595,-10.26657656237337,0.002422145820410903,14.033416666666666,1.457158087199715,1247.4194673088982,Neutral_VeryLowVol
2023-03-14,17465.757142857143,38.21236700026872,-0.01569032411368195,-0.050802623529091595,-10.843166074017619,0.0024361125052356205,13.983666666666668,1.3487501771008088,1249.0112614376635,Neutral_VeryLowVol
2023-03-15,17376.87142857143,36.08716784202739,-0.01580319095288796,-0.050802623529091595,-12.080485738596268,0.002534565892256241,13.964333333333334,1.3094605913235662,1244.375296247924,Neutral_VeryLowVol
2023-03-16,17273.178571428572,33.83561556150079,-0.016039890047529634,-0.050802623529091595,-14.381156415435868,0.002634676770756891,13.945583333333333,1.2712220368423452,1238.612839531888,Neutral_VeryLowVol
2023-03-17,17179.7,31.99015732281697,-0.016363041491259594,-0.050802623529091595,-16.05328146660351,0.0027149978132861175,13.913416666666667,1.2361730927461019,1234.7578176939526,Neutral_VeryLowVol
2023-03-20,17093.814285714285,30.42634656239406,-0.016779529889026007,-0.053991414849961616,-18.133012585053677,0.002748011622450171,13.967083333333333,1.2916180515506637,1223.8642727160372,Neutral_VeryLowVol
2023-03-21,17050.185714285715,29.6706620808053,-0.017244698835131272,-0.05640591417933316,-19.511991720440204,0.0027289294085130074,13.980250000000002,1.3011929788094565,1219.5909024721097,Neutral_VeryLowVol
2023-03-22,17049.842857142856,29.664723692263834,-0.01774208562283598,-0.05642488863378803,-20.593756085859034,0.0026812532039487747,14.002999999999998,1.3097493179466244,1217.5850072943554,Neutral_VeryLowVol
2023-03-23,17054.64285714286,29.866277806569244,-0.018239049884289187,-0.05642488863378803,-21.111875000281042,0.00266007857050467,14.032833333333334,1.3103284553573271,1215.3385173207732,Neutral_VeryLowVol
2023-03-24,17050.77142857143,29.795646590505257,-0.018679824911359236,-0.05642488863378803,-21.204963613865615,0.002657484589555918,14.106166666666667,1.3144037479569426,1208.745921658714,Neutral_VeryLowVol
2023-03-27,17050.785714285714,29.796274940626404,-0.018973797245014006,-0.05642488863378803,-20.03639410422424,0.0026446709512018664,14.196166666666667,1.3104192428202524,1201.0837935794202,Neutral_VeryLowVol
2023-03-28,17029.59285714286,29.39595402349029,-0.019135999194134008,-0.05642488863378803,-19.284254373511448,0.002607070958979618,14.243500000000001,1.3167623892163511,1195.604511330983,Neutral_VeryLowVol
2023-03-29,17042.778571428575,29.996129021922812,-0.019176548272300684,-0.05642488863378803,-17.74853712684065,0.0026003862985560506,14.249333333333334,1.3135210204880428,1196.0404162600757,Neutral_VeryLowVol
2023-03-31,17078.81428571429,31.625307100973785,-0.01909410192365001,-0.05642488863378803,-15.59393789473577,0.002628078375255211,14.251833333333334,1.3108542117136435,1198.359108351975,Neutral_VeryLowVol
2023-04-03,17113.97857142857,33.18165353796758,-0.018882399803892714,-0.05642488863378803,-13.359092504493274,0.0026254950578511907,14.241666666666667,1.3229078038438074,1201.6836913817604,Neutral_VeryLowVol
2023-04-05,17182.571428571428,36.09196089205353,-0.018567236907495364,-0.05642488863378803,-10.680135002471223,0.002728467196856294,14.219249999999999,1.3486310348286625,1208.4020907271079,Neutral_VeryLowVol
2023-04-06,17276.014285714286,39.75806382573009,-0.018183702490704674,-0.05642488863378803,-7.889505536939971,0.0028970367013981236,14.166416666666667,1.412094873749935,1219.5048820189263,Neutral_VeryLowVol
2023-04-10,17367.207142857143,43.02929227612587,-0.017788789851609255,-0.05642488863378803,-6.141297922030796,0.003033105620611741,14.108583333333334,1.4537427444199345,1230.9674708320922,Neutral_VeryLowVol
2023-04-11,17477.292857142857,46.61826505122223,-0.017367598204901486,-0.05642488863378803,-4.4305207690555255,0.0032003485942420523,13.988166666666668,1.476454854298359,1249.4341305491205,Neutral_VeryLowVol
2023-04-12,17581.821428571428,49.703951880820206,-0.016921240672297593,-0.05642488863378803,-3.035341491676412,0.00333673319004201,13.89475,1.4938743239272954,1265.3571621347219,Neutral_VeryLowVol
2023-04-13,17648.714285714286,51.54243996747463,-0.01649784354525661,-0.05642488863378803,-2.4483931526757448,0.003380964523576038,13.818833333333334,1.5358943442767106,1277.1493699936766,Neutral_VeryLowVol
2023-04-17,17692.82857142857,52.71160658438566,-0.016104184754180028,-0.05642488863378803,-2.081847557912162,0.003400026235097355,13.765166666666667,1.5617740980477652,1285.333407133603,Neutral_VeryLowVol
2023-04-18,17707.557142857142,53.09910749636795,-0.015734058927924257,-0.05642488863378803,-2.015356631373279,0.0034015331164925704,13.700333333333333,1.59092939836257,1292.4909717177545,Neutral_VeryLowVol
2023-04-19,17710.35714285714,53.17392422625407,-0.015424286535440904,-0.05642488863378803,-2.5693637281944377,0.003383656524377692,13.672249999999998,1.6111172700204652,1295.350592832719,Neutral_VeryLowVol
2023-04-20,17710.414285714287,53.175487698215456,-0.015208671963355616,-0.05642488863378803,-3.3312400062769885,0.003354952507534289,13.637916666666666,1.637359507441408,1298.6158163732941,Neutral_VeryLowVol
2023-04-21,17696.37857142857,52.73193615981394,-0.015066449947386321,-0.05642488863378803,-3.737189520589383,0.003353008934139274,13.619583333333333,1.657205411920449,1299.333330419695,Neutral_VeryLowVol
2023-04-24,17686.52142857143,52.41700421118221,-0.015007432980737737,-0.05642488863378803,-3.786335518129946,0.0033532157924809633,13.599583333333333,1.6775810123986543,1300.519361149895,Neutral_VeryLowVol
2023-04-25,17678.12857142857,52.145040987434456,-0.014988796041644945,-0.05642488863378803,-3.8560191539045388,0.0033532868329286722,13.568583333333333,1.7078758589874785,1302.8720933599236,Neutral_VeryLowVol
2023-04-26,17693.37857142857,52.60333184516696,-0.014928431875575228,-0.05642488863378803,-3.09485679708041,0.0033504119382525553,13.532833333333334,1.7371176996100246,1307.440809741387,Neutral_VeryLowVol
2023-04-27,17729.792857142857,53.689485303136074,-0.01478576218428453,-0.05642488863378803,-1.5021104956014266,0.003331512033452792,13.466583333333334,1.779253703892636,1316.5769236549377,Neutral_VeryLowVol
2023-04-28,17793.542857142857,55.51975190527668,-0.014503446599700206,-0.05642488863378803,0.9059189181129811,0.0033075715132695606,13.291,1.758463965294981,1338.7662972795767,Neutral_VeryLowVol
2023-05-02,17868.285714285714,57.53775837821047,-0.014044331941311017,-0.05642488863378803,3.823179460647942,0.0032572619549612633,13.146999999999998,1.6859360441093698,1359.1150615566833,Neutral_VeryLowVol
2023-05-03,17934.82857142857,59.22686323668133,-0.013398657305782598,-0.05642488863378803,6.776699613401783,0.003175235392246699,12.998500000000002,1.5927184254469406,1379.7614010407792,Neutral_VeryLowVol
2023-05-04,18008.02857142857,60.97818591104762,-0.012576498335953496,-0.05642488863378803,9.160069690522585,0.0031640768935663013,12.848999999999998,1.4871413795460666,1401.512068754656,Neutral_VeryLowVol
2023-05-05,18050.85,61.95856577724685,-0.011617710850004277,-0.05642488863378803,11.609904879626312,0.003074763928421826,12.766583333333333,1.445070020277669,1413.9139289420948,Neutral_VeryLowVol
2023-05-08,18115.25,63.37779176762722,-0.010635515214639993,-0.05642488863378803,12.58778771594849,0.0031023464225254085,12.654166666666667,1.3090301973105194,1431.5640434639447,Neutral_VeryLowVol
2023-05-09,18165.378571428573,64.43701553901283,-0.0096855685183203,-0.05642488863378803,12.917067126584636,0.0031137510619492865,12.574,1.2262106262790058,1444.6777931786683,Neutral_VeryLowVol
2023-05-10,18201.10714285714,65.17335908880955,-0.008778836025543068,-0.05642488863378803,12.801454940556392,0.0031099268516969997,12.5165,1.1563176541249076,1454.1690682584701,Neutral_VeryLowVol
2023-05-11,18222.442857142854,65.60948102930803,-0.007917187687830469,-0.05642488863378803,12.662373790760649,0.003108443130466306,12.474,1.1035062848435457,1460.8339632149155,Neutral_VeryLowVol
2023-05-12,18254.57857142857,66.2621454884262,-0.007086106830614342,-0.05642488863378803,12.944589173575798,0.003110929961826924,12.394416666666666,0.9758560970378699,1472.806592061902,Neutral_VeryLowVol
2023-05-15,18275.014285714286,66.67464483936396,-0.006218890001682001,-0.05642488863378803,14.357415645305867,0.003061485626365974,12.318666666666667,0.8039508405509226,1483.5221035053266,Neutral_VeryLowVol
2023-05-16,18306.085714285717,67.29815684935865,-0.005282760663150451,-0.05642488863378803,15.963359287315708,0.0030139595847906817,12.258416666666667,0.639164488074578,1493.348301992703,Neutral_VeryLowVol
2023-05-17,18294.278571428575,66.81096862072181,-0.0042400394622761255,-0.05642488863378803,18.49435863073644,0.0028546393921144325,12.241000000000001,0.6068749800237736,1494.5085018730963,Neutral_VeryLowVol
2023-05-18,18274.85,66.00455297513658,-0.003046184782071158,-0.05642488863378803,22.037060981333575,0.0026314756153990163,12.236333333333333,0.601871983944274,1493.4906971042524,Bullish_VeryLowVol
2023-05-19,18258.89285714286,65.34019636365872,-0.0017268109024852932,-0.05642488863378803,25.969724341596127,0.00241889015382109,12.226916666666666,0.5984288636793871,1493.3358388644883,Bullish_VeryLowVol
2023-05-22,18261.378571428573,65.39584404632777,-0.0002670473489907668,-0.05642488863378803,31.20338407369017,0.0021889715847196803,12.232166666666666,0.6007992999747251,1492.8981160133997,Bullish_VeryLowVol
2023-05-23,18266.12142857143,65.50422951422337,0.0012682343191311317,-0.05642488863378803,34.065977556005656,0.0020934406114021344,12.259083333333333,0.5987391505504249,1490.0071181427186,Bullish_VeryLowVol
2023-05-24,18249.914285714283,64.79296287560963,0.0028159723780371644,-0.05613760589866057,33.25825029449289,0.0021163491502670553,12.287083333333333,0.6186968658245777,1485.2926272750612,Bullish_VeryLowVol
2023-05-25,18254.864285714288,64.91231000969753,0.004373900442932128,-0.05299046289096587,33.250248621784635,0.002116527180619653,12.30525,0.6172168309264233,1483.5021056633786,Bullish_VeryLowVol
2023-05-26,18300.235714285714,65.99595188454386,0.005965789652194259,-0.04973789644358606,34.954122213722435,0.002096435059483484,12.292833333333334,0.6216294401965584,1488.6914365513005,Bullish_VeryLowVol
2023-05-29,18367.192857142858,67.51450616074924,0.0075558903001789746,-0.04973789644358606,36.817066251566466,0.002096991425515401,12.305833333333334,0.6173564796679892,1492.5598583714652,Bullish_VeryLowVol
2023-05-30,18428.685714285715,68.82585255126345,0.00916283442238782,-0.04900212520705993,40.121628428491405,0.0020476877058857976,12.297333333333333,0.6196891369358738,1498.5920292436613,Bullish_VeryLowVol
2023-05-31,18460.114285714288,69.47183978739457,0.010724462913460554,-0.04699130944959817,40.78781374671666,0.0020389280554664077,12.293916666666666,0.6212378783013219,1501.5649435599685,Bullish_VeryLowVol
2023-06-01,18480.07857142857,69.87849887602441,0.01220447650918566,-0.04502911996020598,40.140538962123124,0.00204399174613196,12.275416666666668,0.6337324721551784,1505.4542809622403,Bullish_VeryLowVol
2023-06-02,18515.60714285714,70.59347720408381,0.013605237788761687,-0.04120159494159259,40.06904932186158,0.0020439624800245664,12.248250000000002,0.6652897184552787,1511.6940904094167,Bullish_VeryLowVol
2023-06-05,18554.564285714285,71.35805813530078,0.014907383095417783,-0.03598742413106437,39.581053519974795,0.002017327193565668,12.231833333333334,0.6868004068505783,1516.9078730945987,Bullish_VeryLowVol
2023-06-06,18568.8,71.63447098282309,0.016073768641119122,-0.030898804750387643,38.522943159862116,0.0019425111930949524,12.22225,0.696878307166714,1519.2620016772687,Bullish_VeryLowVol
2023-06-07,18587.05,71.9898971997055,0.017135437362407455,-0.024755951934926745,37.70568589050429,0.001862803554503651,12.219666666666667,0.6997092171075724,1521.0766796693854,Bullish_VeryLowVol
2023-06-08,18587.15,71.99186950934393,0.01806513653815588,-0.018923191222400493,36.87118166939954,0.0017222883406276684,12.2065,0.7143138134863943,1522.7255970179824,Bullish_VeryLowVol
2023-06-09,18591.292857142857,72.07541875145048,0.018874783107606995,-0.01519052728411907,36.426795509944384,0.0015761922904575702,12.196333333333333,0.7278622848772085,1524.334597049074,Bullish_VeryLowVol
2023-06-12,18607.542857142857,72.40655981275961,0.019625798924025183,-0.012728922107095642,35.53553367164252,0.0015288506151842894,12.20625,0.7121173352316846,1524.4274742154926,Bullish_VeryLowVol
2023-06-13,18633.55,72.93341884768355,0.02034834279283188,-0.012461717687814233,35.048783788836815,0.001517018283237743,12.180000000000001,0.7379371877761632,1529.8481116584562,Bullish_VeryLowVol
2023-06-14,18656.7,73.39715442170682,0.021072464475153603,-0.012461717687814233,35.37593553293644,0.0015151826825307115,12.157416666666666,0.7587738189558709,1534.5941092200235,Bullish_VeryLowVol
2023-06-15,18669.428571428572,73.65172792678689,0.0218250710015443,-0.012461717687814233,35.92879103087616,0.0015072352073969403,12.135666666666669,0.780417089339333,1538.3933231050542,Bullish_VeryLowVol
2023-06-16,18683.657142857144,73.9376682450079,0.022617158469960524,-0.012461717687814233,36.759032866910495,0.0014949560602180423,12.087166666666667,0.8146349228156169,1545.7433208381185,Bullish_VeryLowVol
2023-06-19,18700.928571428572,74.28510073673515,0.02344573771815319,-0.012461717687814233,38.97885057266847,0.0014563244111838452,12.040166666666668,0.8225740018413468,1553.2117693355772,Bullish_VeryLowVol
2023-06-20,18737.114285714288,75.00121181551222,0.024305407425166597,-0.011222012387401392,41.70867441721955,0.0014241824568776032,11.988666666666667,0.8296303532224729,1562.902264837426,Bullish_VeryLowVol
2023-06-21,18773.59285714286,75.70086440601261,0.02519605502033113,-0.007047868342516472,44.52929077145537,0.0013916055657292997,11.929,0.8124395468223573,1573.777588829144,Bullish_VeryLowVol
2023-06-22,18781.464285714286,75.85044790558499,0.026047669185530812,-0.0030684565476276626,43.97016156675797,0.001398602425586354,11.873416666666666,0.7777231034077934,1581.80790020123,Bullish_VeryLowVol
2023-06-23,18768.55,75.0727916873313,0.026797682284746095,-0.0030684565476276626,40.76949069803588,0.0014370605764824926,11.819500000000001,0.7634428596820689,1587.9309615465966,Bullish_VeryLowVol
2023-06-26,18768.992857142857,75.08177704117936,0.02740504579030851,-0.0030684565476276626,38.894562598754405,0.001409463041786897,11.760250000000001,0.7227051522360273,1595.968866065165,Bullish_VeryLowVol
2023-06-27,18767.764285714286,75.00484928609156,0.02784494228786821,-0.0030684565476276626,37.3663764110518,0.0013471841012354822,11.676416666666666,0.6836500930389576,1607.3222480396485,Bullish_VeryLowVol
2023-06-28,18798.714285714286,75.64948200194947,0.028150468951056464,-0.0030684565476276626,37.41841560270384,0.0012872819156199851,11.6025,0.6425051992272222,1620.229630313664,Bullish_VeryLowVol
2023-06-30,18851.90714285714,76.70835714718494,0.02835213902996615,-0.0030684565476276626,38.13698149262047,0.001228761150510873,11.536000000000001,0.6175830950648444,1634.1805775708337,Bullish_VeryLowVol
2023-07-03,18918.43571428571,77.93894625525454,0.028489033884459367,-0.0030684565476276626,37.8126130069792,0.0012710951014833869,11.510583333333333,0.600401332491025,1643.5688067606518,Bullish_VeryLowVol
2023-07-04,19006.68571428571,79.41837644145659,0.02860050385425617,-0.0030684565476276626,36.87987281390676,0.0013343085933536023,11.481583333333333,0.5675797389415849,1655.4063287687422,Bullish_VeryLowVol
2023-07-05,19111.399999999998,80.97134585000643,0.02873250592037556,-0.0030684565476276626,35.20414302499813,0.0014793220953331191,11.457500000000001,0.5325127487541801,1668.0253109317036,Bullish_VeryLowVol
2023-07-06,19226.557142857142,82.46379396048371,0.02891989952347393,-0.0030684565476276626,34.004924935687214,0.0016568182233874724,11.415083333333333,0.4385253911436431,1684.3115885727634,Bullish_VeryLowVol
2023-07-07,19300.042857142857,83.32003066049901,0.029145529261268174,-0.0030684565476276626,34.76552553664232,0.0017009916701991258,11.382166666666668,0.3867312916658622,1695.638749840498,Bullish_VeryLowVol
2023-07-10,19354.87142857143,83.92081903033599,0.029373879857035955,-0.0030684565476276626,35.15105986267835,0.0017147391288013982,11.367583333333332,0.3745891331548255,1702.637303024369,Bullish_VeryLowVol
2023-07-11,19390.635714285716,84.2991632271432,0.02956821910392003,-0.0030684565476276626,35.59890825205325,0.0017148354114769697,11.32475,0.33607736563055896,1712.2352117517576,Bullish_VeryLowVol
2023-07-12,19399.457142857143,84.39207124106831,0.02969872195504105,-0.0030684565476276626,34.682851575080946,0.0017220962937733084,11.288916666666667,0.31727876036874764,1718.451620795365,Bullish_VeryLowVol
2023-07-13,19402.992857142857,84.42994636894548,0.029785741902041852,-0.0030684565476276626,35.626674184149,0.0017010969796056553,11.254416666666666,0.2959385153787459,1724.03363335664,Bullish_VeryLowVol
2023-07-14,19426.707142857143,84.68559139006081,0.029842501260764195,-0.0030684565476276626,38.16706187427356,0.0016514144100201824,11.223916666666666,0.30632884863372706,1730.8313772991137,Bullish_VeryLowVol
2023-07-17,19457.3,85.01121731087217,0.029875952460851195,-0.0030684565476276626,40.89991141722012,0.0016047507276990057,11.23025,0.30617731368164924,1732.5794171990829,Bullish_VeryLowVol
2023-07-18,19516.935714285715,85.62242141205424,0.02988559945852017,-0.0030684565476276626,42.87934297324027,0.0016034477077233953,11.249333333333333,0.31781713277382656,1734.9415415093383,Bullish_VeryLowVol
2023-07-19,19585.114285714284,86.2785035731037,0.02990296180217907,-0.0030684565476276626,44.78762740224465,0.0016122710160994462,11.256666666666666,0.32342478562030746,1739.868014721435,Bullish_VeryLowVol
2023-07-20,19662.221428571433,86.96829202131539,0.02999104445115911,-0.0027980546672222717,48.65441413427612,0.0015905454335024137,11.268083333333333,0.3360108804505123,1744.948173253786,Bullish_VeryLowVol
2023-07-21,19713.75,87.40235493721262,0.030108564724882842,-0.0007294425925257197,50.792466135878854,0.0015734152795370139,11.275666666666666,0.33832302798344566,1748.3445176929672,Bullish_VeryLowVol
2023-07-24,19750.692857142858,87.70352360421477,0.030186756496532328,-0.0007294425925257197,50.45766774301422,0.0015708005503875084,11.293416666666667,0.3437988105359834,1748.8678085736844,Bullish_VeryLowVol
2023-07-25,19767.278571428575,87.837412780237,0.030187037290857213,-0.0007294425925257197,49.069349960975664,0.0015534652163474256,11.26,0.3937578680105434,1755.5309566099977,Bullish_VeryLowVol
2023-07-26,19776.82857142857,87.91512183734028,0.03009816638782106,-0.0007294425925257197,47.25252419596053,0.0015481624808965887,11.238249999999999,0.41950820447305637,1759.7783081377058,Bullish_VeryLowVol
2023-07-27,19764.06428571429,87.15179498340507,0.029969148809701196,-0.0007294425925257197,44.2993366570112,0.001594517647419253,11.216583333333334,0.43984787894079075,1762.0396245779793,Bullish_VeryLowVol
2023-07-28,19737.335714285717,85.55637888937436,0.029821765243253036,-0.0019969256951495318,40.88522321388533,0.0016640023111514912,11.185083333333333,0.4818040287564568,1764.6123078462283,Bullish_VeryLowVol
2023-07-31,19705.14285714286,83.66439486125006,0.029631661806885614,-0.003624732551369525,36.8797834681839,0.0017420120935137116,11.170833333333333,0.49839844075462525,1763.9814568124903,Bullish_VeryLowVol
2023-08-01,19703.507142857143,83.56808985643556,0.029436396950039793,-0.0037074411757481718,35.20879224740881,0.0017587193476869462,11.139416666666666,0.5239182958693468,1768.8096004001236,Bullish_VeryLowVol
2023-08-02,19682.678571428572,82.33038878039879,0.029272770025168513,-0.004760621737704529,33.29870654684024,0.0018014683917271285,11.14425,0.5245207788193974,1766.173459086845,Bullish_VeryLowVol
2023-08-03,19639.971428571425,79.84352824219688,0.029120031302528427,-0.006920075297353834,29.97820034378039,0.0018896437677244171,11.140666666666668,0.5238398237238692,1762.908093043931,Bullish_VeryLowVol
2023-08-04,19602.64285714286,77.73847295624137,0.02901776843322409,-0.008807565563740405,28.04162614760564,0.0019483226269207282,11.108166666666667,0.527957977907612,1764.7055041014441,Bullish_VeryLowVol
2023-08-07,19593.7,77.23810933264716,0.028974683796160423,-0.009259754200081072,27.493007918602373,0.0019611567335118896,11.10375,0.5274142968452354,1764.6020488573681,Bullish_VeryLowVol
2023-08-08,19582.957142857143,76.63040860481927,0.028948542108222113,-0.009802958440541465,26.44621786727166,0.001982149980650207,11.101416666666667,0.526234870915382,1764.0052374267977,Bullish_VeryLowVol
2023-08-09,19565.635714285716,75.64616113636548,0.028907286157985615,-0.010678803043677187,24.870332116171127,0.002011308383620501,11.113499999999998,0.5226905691075704,1760.5287006150825,Bullish_VeryLowVol
2023-08-10,19538.428571428572,74.1126389738316,0.02882886759097687,-0.012054511123406941,23.01691407179526,0.0020533027525133866,11.130583333333332,0.5234240234578913,1755.3822640108926,Bullish_VeryLowVol
2023-08-11,19524.39285714286,73.32612066099117,0.028727219125525616,-0.012764216131721073,22.08629066512653,0.002073452852912006,11.155583333333333,0.5249986384761522,1750.1902207841688,Bullish_VeryLowVol
2023-08-14,19531.95,73.48153227931117,0.028612198624347867,-0.012764216131721073,21.87071598169501,0.0020759692689527533,11.170583333333333,0.5424976892260532,1748.5165650853805,Bullish_VeryLowVol
2023-08-16,19524.52142857143,73.05241604757467,0.028461173549301628,-0.012764216131721073,21.079810826683993,0.002089212861968527,11.184916666666668,0.5622873097249101,1745.6117028353447,Bullish_VeryLowVol
2023-08-17,19491.371428571427,71.15068354864252,0.028236533026452692,-0.014433919059678835,18.90185029588788,0.0021296704587452564,11.197499999999998,0.5823044292081064,1740.6895671865532,Bullish_VeryLowVol
2023-08-18,19454.12857142857,69.07857243027692,0.027936511856538077,-0.01631707524967896,16.688603231138956,0.0021721186133434084,11.206833333333332,0.5950619111995293,1735.9166494931876,Bullish_VeryLowVol
2023-08-21,19419.992857142857,67.23776391662732,0.027615707483316508,-0.018043121170662868,15.37582899070769,0.002211120168398196,11.220083333333333,0.6068717424473862,1730.824297841774,Neutral_VeryLowVol
2023-08-22,19399.042857142857,66.12852646939504,0.02732311174864687,-0.01910244167416697,15.139543613750538,0.0022188945615680754,11.230333333333332,0.6136661078742583,1727.3790796185501,Neutral_VeryLowVol
2023-08-23,19401.285714285714,66.1897717077729,0.027073999541396006,-0.01910244167416697,15.187942410565075,0.0022180859197716454,11.255583333333334,0.6199460082623635,1723.703262613581,Neutral_VeryLowVol
2023-08-24,19394.45,65.81775794974212,0.026871961098447368,-0.019334675933885048,15.03096952575248,0.002221520167432115,11.27875,0.6205384723682932,1719.5566884628172,Neutral_VeryLowVol
2023-08-25,19365.992857142857,64.2752941963703,0.026656655610631692,-0.020773589294253436,13.433577600875244,0.002246345443724477,11.3185,0.6359284550950063,1711.0034772401693,Neutral_VeryLowVol
2023-08-28,19357.535714285714,63.81941220124446,0.026416410181288683,-0.021201218164403013,12.038441900206845,0.002227953044121584,11.376416666666668,0.6548472062284993,1701.549466890047,Neutral_VeryLowVol
2023-08-29,19362.178571428572,63.96332853072715,0.02612233042678109,-0.021201218164403013,10.760980633442953,0.002179687843091941,11.40625,0.6721121975042617,1697.5060665362037,Neutral_VeryLowVol
2023-08-30,19355.585714285717,63.59491077800187,0.02575383161545515,-0.02129981840219919,8.822260558092188,0.0020807250504901635,11.411583333333335,0.6752331919457694,1696.1349839813975,Neutral_VeryLowVol
2023-08-31,19335.207142857143,62.45448099216904,0.0252718993409395,-0.022330245063125753,6.083368183308496,0.001925029275875668,11.42425,0.6824155720164656,1692.470590442011,Neutral_VeryLowVol
2023-09-01,19333.964285714286,62.38450230860525,0.02466568634170144,-0.02239308917073224,3.3134083727081047,0.001685996526930899,11.411083333333332,0.679017318393048,1694.314529211888,Neutral_VeryLowVol
2023-09-04,19354.264285714282,63.077549624470414,0.023992582862077762,-0.02239308917073224,1.7727978713774741,0.001584723363558237,11.394250000000001,0.6833674069858459,1698.599230815041,Neutral_VeryLowVol
2023-09-05,19398.42142857143,64.53533067285457,0.023298483364998446,-0.02239308917073224,1.4405454542698317,0.0015619635763370685,11.365833333333333,0.6899513767638801,1706.7311176981975,Neutral_VeryLowVol
2023-09-06,19441.992857142857,65.89796190293916,0.02259978890711816,-0.02239308917073224,1.6817422491288803,0.0015748869069857952,11.380083333333333,0.6700789593630982,1708.4227142867603,Neutral_VeryLowVol
2023-09-07,19496.907142857144,67.51154170962889,0.02194508381917416,-0.02239308917073224,3.0755327753887567,0.0016333223567407346,11.3935,0.6548254571333257,1711.2307142543682,Neutral_VeryLowVol
2023-09-08,19564.407142857144,69.34044118085365,0.021320995017470444,-0.02239308917073224,4.846787358712421,0.0017164030529071745,11.40275,0.643818869767336,1715.7621751645127,Neutral_VeryLowVol
2023-09-11,19670.485714285714,71.8909464675346,0.020720966963953685,-0.02239308917073224,6.608835143541553,0.0018987658661407732,11.442583333333335,0.5980162909109823,1719.0598609829406,Neutral_VeryLowVol
2023-09-12,19750.18571428571,73.58430313559982,0.0201220645546032,-0.02239308917073224,7.603848191467545,0.0019796215660483054,11.483833333333333,0.5663550782964445,1719.8251786673188,Neutral_VeryLowVol
2023-09-13,19827.5,75.07806312331074,0.01949779260913095,-0.02239308917073224,7.90297790857016,0.0020134883061557946,11.533416666666666,0.520838797672034,1719.1349773484296,Neutral_VeryLowVol
2023-09-14,19902.957142857143,76.41319411209552,0.018837659266452627,-0.02239308917073224,8.008798443621444,0.0020263710951289645,11.533833333333332,0.520631965670272,1725.6151157773922,Neutral_VeryLowVol
2023-09-15,19986.0,77.75815660521268,0.018121521864972203,-0.02239308917073224,8.083156038773824,0.0020372041739164636,11.525,0.5289363921078619,1734.1431670281995,Neutral_VeryLowVol
2023-09-18,20044.035714285714,78.6315356899471,0.017380308554704557,-0.02239308917073224,8.190479163503396,0.0020455553488168163,11.53125,0.5182940975462237,1738.2361595044522,Neutral_VeryLowVol
2023-09-20,20055.67142857143,78.80269704403102,0.01662985728128516,-0.02239308917073224,7.598668958123792,0.002032120541491356,11.531166666666667,0.5183656067857714,1739.2577878998738,Neutral_VeryLowVol
2023-09-21,20019.385714285712,76.8342432109724,0.01588001153452878,-0.02239308917073224,6.191444671168525,0.002059900635803057,11.515333333333333,0.5319562681874305,1738.4981515329457,Neutral_VeryLowVol
2023-09-22,19973.821428571428,74.43943096254847,0.015130227578305273,-0.02239308917073224,4.743083070356148,0.0021000667514925377,11.498333333333333,0.5521311896408693,1737.1057917296503,Neutral_VeryLowVol
2023-09-25,19917.32857142857,71.60149179968789,0.014382490035878426,-0.02239308917073224,3.6040511026640427,0.002151660600018225,11.482000000000001,0.5622945601847141,1734.6567297882398,Neutral_VeryLowVol
2023-09-26,19854.7,68.62662826412239,0.013643208334369843,-0.02239308917073224,2.699476051338564,0.0022027639124882013,11.470333333333334,0.5644618024599266,1730.9610299032286,Neutral_VeryLowVol
2023-09-27,19786.714285714286,65.59246147755096,0.012925908502863504,-0.02239308917073224,1.8336972447082824,0.002257516057414041,11.457666666666666,0.556607230634789,1726.9409960475623,Neutral_VeryLowVol
2023-09-28,19699.60714285714,61.990779410766095,0.012181645451144552,-0.02239308917073224,-0.08360817713150978,0.0023674036700414946,11.484333333333334,0.6068271544697279,1715.3461651691123,Neutral_VeryLowVol
2023-09-29,19662.02142857143,60.52010828963785,0.011449981465540143,-0.02239308917073224,-0.4408017587501373,0.0023809086565367947,11.459666666666667,0.5889879299346654,1715.7585818585264,Neutral_VeryLowVol
2023-10-03,19631.507142857143,59.34772841953972,0.010765791589552758,-0.02239308917073224,-0.18195238462070762,0.002368599925587948,11.448,0.5788359305384255,1714.8416442048517,Neutral_VeryLowVol
2023-10-04,19597.485714285714,58.061547724476476,0.010108249409539978,-0.0228456930957186,-0.11122597681643254,0.002365311295934525,11.437666666666667,0.5726687875460047,1713.4164061101374,Neutral_VeryLowVol
2023-10-05,19579.085714285717,57.371852183041256,0.009453580852655049,-0.02376313931862517,-0.3148568615713697,0.002368906814542135,11.409333333333334,0.5766725798642942,1716.058698809663,Neutral_VeryLowVol
2023-10-06,19577.485714285714,57.31113587265587,0.008822458486477001,-0.02384291725105192,-0.11802036806905235,0.002367366489230299,11.359333333333332,0.608474255445333,1723.4713640136497,Neutral_VeryLowVol
2023-10-09,19548.32857142857,56.19950812212483,0.008212096316116977,-0.025296727608934422,-0.3724417396145899,0.002375051704968059,11.351333333333333,0.6063669842098528,1722.1173933836176,Neutral_VeryLowVol
2023-10-10,19572.08571428571,56.89815995571172,0.00766668341854238,-0.025296727608934422,0.7261625289499495,0.0023722135357586347,11.322,0.5884192734596912,1728.6774169127107,Neutral_VeryLowVol
2023-10-11,19596.807142857142,57.619634891345115,0.007163334864998008,-0.025296727608934422,1.5606409779462473,0.0023765322246144947,11.275,0.5529341795332154,1738.076021539436,Neutral_VeryLowVol
2023-10-12,19634.7,58.70628216917041,0.006683823175764156,-0.025296727608934422,2.197490681208575,0.002393917528147215,11.221333333333332,0.5369565148595281,1749.7653279467684,Neutral_VeryLowVol
2023-10-13,19679.692857142858,59.956644746598826,0.006253711663353643,-0.025296727608934422,3.2890318634183457,0.002416369136737698,11.177333333333333,0.5360515501025345,1760.6787120192228,Neutral_VeryLowVol
2023-10-16,19706.264285714286,60.67784522349898,0.005906226703386279,-0.025296727608934422,4.588056759079408,0.00240298356617461,11.147333333333332,0.5143253588072012,1767.8007552521638,Neutral_VeryLowVol
2023-10-17,19728.835714285717,61.28533720930142,0.0056441619532372495,-0.025296727608934422,5.932799872008272,0.0023801179049640544,11.125666666666666,0.5174318767972731,1773.2722276674704,Neutral_VeryLowVol
2023-10-18,19751.514285714282,61.892033102662936,0.005445218546679541,-0.025296727608934422,7.238564479751381,0.002358359955298385,11.124999999999998,0.5176388702556171,1775.4170144462278,Neutral_VeryLowVol
2023-10-19,19742.207142857143,61.48645815354063,0.0052589941754014645,-0.025296727608934422,7.526392548740647,0.002350362853962532,11.128333333333334,0.5157925494057666,1774.0488671131175,Neutral_VeryLowVol
2023-10-20,19703.821428571428,59.82805584391524,0.005046101509512353,-0.025296727608934422,6.551765570461061,0.0023800593643686302,11.132,0.5128043251198071,1770.0162979313177,Neutral_VeryLowVol
2023-10-23,19630.64285714286,56.83093074421609,0.004795014125652173,-0.025296727608934422,4.940972684647033,0.002464772493183138,11.137333333333334,0.5107056195936849,1762.5981255665201,Neutral_VeryLowVol
2023-10-25,19540.8,53.45872846918765,0.004543232298911366,-0.025672111273120524,3.5136910250271627,0.0025689511018335285,11.149666666666667,0.5064786024228035,1752.590510927083,Neutral_VeryLowVol
2023-10-26,19415.87142857143,49.28771903824704,0.004257258777871791,-0.03190120072911329,1.0867629861511447,0.002772998357023128,11.165333333333333,0.5193545950521783,1738.9423897096458,Neutral_VeryLowVol
2023-10-27,19306.692857142858,46.066094259872266,0.0039388322846307154,-0.03734497616278121,-0.9828881927208651,0.002915565765168913,11.139999999999999,0.5133997568604214,1733.0963067453197,Neutral_VeryLowVol
2023-10-30,19230.95,44.018827804921514,0.0036371794842528574,-0.041121606499622154,-2.161904681193878,0.0029785140093700575,11.131,0.504260127178008,1727.692929655916,Neutral_VeryLowVol
2023-10-31,19153.07857142857,42.04834032381635,0.0033789098263543073,-0.04500436997870938,-3.099864372675095,0.0030386911378327366,11.146333333333333,0.516116020993293,1718.3299654381326,Neutral_VeryLowVol
2023-11-01,19074.007142857146,40.17536578448352,0.0031455162835309506,-0.04894696690711631,-4.336936214637171,0.003100257795770727,11.183,0.5380882506771127,1705.6252475057809,Neutral_VeryLowVol
2023-11-02,19052.79285714286,39.68889558390801,0.0029196278381263185,-0.050004736814737716,-5.033833787181854,0.003094358446447448,11.193333333333333,0.5326338804227788,1702.1554071300948,Neutral_VeryLowVol
2023-11-03,19068.285714285714,40.23098507387545,0.0026822267986597245,-0.050004736814737716,-5.542647441427431,0.0030704983214156494,11.185666666666666,0.535670275148505,1704.707129447124,Neutral_VeryLowVol
2023-11-06,19147.5,42.92137120759801,0.0024623472787964,-0.050004736814737716,-4.843483756003502,0.0031273474822454406,11.195,0.5320471200284322,1710.3617686467173,Neutral_VeryLowVol
2023-11-07,19198.850000000002,44.57995609934405,0.0022106452293239624,-0.050004736814737716,-4.894035564052679,0.0031236810993198437,11.213666666666667,0.5212550063152495,1712.09387354716,Neutral_VeryLowVol
2023-11-08,19242.078571428574,45.93637903076626,0.0019025132519427217,-0.050004736814737716,-5.329733125323037,0.003091196749609494,11.218666666666667,0.5189560697191682,1715.1840894427655,Neutral_VeryLowVol
2023-11-09,19287.178571428572,47.316149386499845,0.0015027735284373184,-0.050004736814737716,-6.542280186365705,0.0029785348694625524,11.213666666666667,0.5198639300303896,1719.970741484668,Neutral_VeryLowVol
2023-11-10,19349.492857142857,49.15504064542945,0.001060346780113297,-0.050004736814737716,-6.8793122389867465,0.0029491400379460624,11.197,0.5147088229409982,1728.0961737200016,Neutral_VeryLowVol
2023-11-13,19393.821428571428,50.41772978539446,0.0005853189277501699,-0.050004736814737716,-7.548967114572314,0.0028974267920706138,11.138666666666666,0.39730760543040905,1741.1259362495298,Neutral_VeryLowVol
2023-11-15,19457.37142857143,52.16446229972653,9.773322878499669e-05,-0.050004736814737716,-7.778469096385702,0.0028781903995624457,11.125,0.39073538095563626,1748.9772070626004,Neutral_VeryLowVol
2023-11-16,19507.864285714284,53.49942190351843,-0.0004147797675968802,-0.050004736814737716,-8.47775073372018,0.0028219197447809934,11.121,0.38446873331398906,1754.1465952445178,Neutral_VeryLowVol
2023-11-17,19554.307142857142,54.69224054550366,-0.0009392380702419052,-0.050004736814737716,-8.705949611583943,0.0028064294234243737,11.130333333333335,0.400081744520245,1756.8482953062628,Neutral_VeryLowVol
2023-11-20,19590.092857142856,55.59248139805783,-0.001432423121405943,-0.050004736814737716,-8.21178525867037,0.0028269504316612774,11.166333333333334,0.4281111951372125,1754.389043596184,Neutral_VeryLowVol
2023-11-21,19645.535714285714,56.95165183420903,-0.0018333023124460595,-0.050004736814737716,-6.506311926701596,0.002870197337914444,11.230666666666668,0.43374816571817837,1749.2760044775357,Neutral_VeryLowVol
2023-11-22,19700.75,58.256638493134766,-0.0021344694456351255,-0.050004736814737716,-4.713454003181298,0.0029005197446140937,11.247333333333334,0.4494052263500968,1751.5929701855255,Neutral_VeryLowVol
2023-11-23,19751.957142857143,59.42658397646857,-0.0023386264676238887,-0.050004736814737716,-2.85512009272016,0.0029080710289539433,11.247333333333334,0.4494052263500968,1756.1457954054717,Neutral_VeryLowVol
2023-11-24,19768.992857142854,59.810920320163056,-0.002468700056781017,-0.050004736814737716,-1.502513805763964,0.0028729972951282955,11.258,0.44737086366312484,1755.9951018957945,Neutral_VeryLowVol
2023-11-28,19786.778571428575,60.21447401893397,-0.002520799994649185,-0.050004736814737716,0.001149725884409199,0.0028258329321301477,11.319666666666668,0.4798669595315927,1748.0001093755916,Neutral_VeryLowVol
2023-11-29,19838.89285714286,61.37990737752707,-0.00242883947315668,-0.050004736814737716,2.5591666168603435,0.0027628063681202253,11.394,0.5269404206322338,1741.170164748364,Neutral_VeryLowVol
2023-11-30,19901.628571428573,62.72793633614766,-0.0022617873094917967,-0.050004736814737716,4.382278010825711,0.0027808122620351303,11.443666666666667,0.5651577950739592,1739.095444766704,Neutral_VeryLowVol
2023-12-01,19970.842857142856,64.14412939486078,-0.0020386164140118873,-0.050004736814737716,6.1552822160766905,0.0028081995038180874,11.497333333333334,0.5724293862987634,1736.9978131575022,Neutral_VeryLowVol
2023-12-04,20095.835714285717,66.50160830902738,-0.0017157734812016806,-0.050004736814737716,8.673711101178165,0.0029317649823614113,11.552,0.5971218324246329,1739.597966956866,Neutral_VeryLowVol
2023-12-05,20246.278571428567,69.01639553940323,-0.0012791090453808226,-0.050004736814737716,10.94646509927243,0.0031130427433792383,11.637666666666666,0.6790849996731956,1739.7197523640393,Neutral_VeryLowVol
2023-12-06,20409.56428571429,71.40599078108589,-0.0007434452582631381,-0.050004736814737716,12.835796677244534,0.003311193744152746,11.734333333333334,0.7549545925293443,1739.3032655496083,Neutral_VeryLowVol
2023-12-07,20554.057142857142,73.27657834157276,-9.030789918353355e-05,-0.050004736814737716,15.050461584524358,0.003418387867067628,11.786666666666665,0.7581389797677069,1743.8396897220427,Neutral_VeryLowVol
2023-12-08,20678.742857142857,74.7391484043133,0.0005933477828561851,-0.050004736814737716,16.146884714112,0.0035017669375234915,11.834000000000001,0.7619828941872817,1747.400951254255,Neutral_VeryLowVol
2023-12-11,20802.164285714283,76.06885942698452,0.0013135507332791827,-0.050004736814737716,17.200556433552915,0.003575921123743616,11.865666666666668,0.7800472281602341,1753.1391088334085,Neutral_VeryLowVol
2023-12-12,20893.378571428573,76.98708338926771,0.002046550754371629,-0.050004736814737716,17.784958823043404,0.003604439202378752,11.927333333333333,0.7733533489281582,1751.7225340753932,Neutral_VeryLowVol
2023-12-13,20927.600000000002,77.32191181549177,0.0027376180784117687,-0.050004736814737716,17.601803616112267,0.0036025231745109186,11.947333333333335,0.7696704773328056,1751.6544835667653,Neutral_VeryLowVol
2023-12-14,20974.399999999998,77.77546318089914,0.0034018114705295192,-0.050004736814737716,17.85558418710615,0.0036040214494791,11.967,0.7719886992201935,1752.6865546920696,Neutral_VeryLowVol
2023-12-15,21048.535714285714,78.47489022624498,0.004058816554967222,-0.050004736814737716,18.49562215557336,0.0036166361222486876,12.009333333333332,0.808932601656367,1752.6814461767833,Neutral_VeryLowVol
2023-12-18,21122.464285714286,79.14612835973912,0.004710232421566125,-0.050004736814737716,19.132113454409247,0.0036279247557891763,12.104666666666667,0.8612490261573741,1744.9852083808685,Neutral_VeryLowVol
2023-12-19,21191.56428571429,79.75145012484393,0.0054015493760502225,-0.050004736814737716,20.285039482057066,0.0036191272510195413,12.204333333333333,0.8860905353185796,1736.3967131112684,Neutral_VeryLowVol
2023-12-20,21213.428571428572,79.94041201850727,0.006154137918176022,-0.050004736814737716,21.455429763674843,0.0035708882644411052,12.312333333333333,0.9460541769617049,1722.9413789502591,Neutral_VeryLowVol
2023-12-21,21263.235714285714,80.36845415712305,0.007022923343785375,-0.050004736814737716,24.068882084983997,0.003455313451122631,12.394333333333332,0.9520130516827376,1715.5610666933048,Neutral_VeryLowVol
2023-12-22,21323.67142857143,80.87630222280012,0.008020909841669317,-0.050004736814737716,27.748637413170286,0.003288031907791633,12.475999999999999,0.9385924898850062,1709.175330921083,Neutral_VeryLowVol
2023-12-26,21360.62142857143,81.18156854406229,0.009188935034379928,-0.050004736814737716,33.60307060162953,0.002980766305239983,12.595666666666665,0.9785199356003901,1695.8706509041285,Bullish_VeryLowVol
2023-12-27,21388.92142857143,81.41461683239689,0.010508960863088201,-0.050004736814737716,40.09494360452827,0.0026898676187058234,12.74,1.0671521883513289,1678.879233011886,Bullish_VeryLowVol
2023-12-28,21440.35714285714,81.8339854028119,0.011945356279066847,-0.050004736814737716,46.40196815375747,0.0024759314324732636,12.871333333333332,1.1101249800197976,1665.7448445789462,Bullish_VeryLowVol
2023-12-29,21480.114285714288,82.15323448166224,0.013483853011235804,-0.050004736814737716,54.606029837571604,0.0022249684463688008,12.981333333333334,1.09294203819332,1654.6924521657472,Bullish_VeryLowVol
2024-01-01,21564.649999999998,82.81197797763107,0.015164069136497208,-0.050004736814737716,68.06112406755916,0.0019185379686127032,13.084666666666667,1.1091554206359155,1648.0855454221223,Bullish_VeryLowVol
2024-01-02,21623.328571428574,83.25207903802907,0.016911078026264376,-0.04923224424583861,75.12678745392648,0.0017958504933319522,13.174,1.1183380526475895,1641.363941963608,Bullish_VeryLowVol
2024-01-03,21647.321428571428,83.43000799471672,0.018673123311820333,-0.04528252428775048,75.70984725828657,0.0017864601607169913,13.244,1.107994771554771,1634.5002588773352,Bullish_VeryLowVol
2024-01-04,21678.35714285714,83.6603136522319,0.020376053547410525,-0.042722151268932085,73.42857012589903,0.001800074510066873,13.282333333333332,1.0903833028463177,1632.1196433501,Bullish_VeryLowVol
2024-01-05,21686.364285714284,83.72018829005052,0.022047748958336118,-0.04056672248747584,70.01280521653047,0.001850601411626154,13.303333333333335,1.0684901798179638,1630.1451480115973,Bullish_VeryLowVol
2024-01-08,21648.407142857144,82.25473687096343,0.023679062327858113,-0.03831798201719927,62.61084933592297,0.0019973462053739415,13.378333333333334,0.9958918489034119,1618.1692146149603,Bullish_VeryLowVol
2024-01-09,21621.757142857143,81.23082826279152,0.025299037509409227,-0.03521091647036789,57.57173390698303,0.0021024732747065194,13.443999999999999,0.9180812074364073,1608.2830365112425,Bullish_VeryLowVol
2024-01-10,21604.15714285714,80.55164724167358,0.02687629421957519,-0.03300064036036843,53.44732959257372,0.0021801495595954153,13.456666666666667,0.9064418247239101,1605.461268976255,Bullish_VeryLowVol
2024-01-11,21601.5,80.44749351841499,0.02844040194231154,-0.029831960606796604,51.12853290051812,0.0022264303763021376,13.456,0.9069638627175166,1605.3433412604043,Bullish_VeryLowVol
2024-01-12,21655.385714285716,80.95956588670754,0.03000038073648066,-0.027314325766064185,50.778373200012254,0.00222468003950347,13.473333333333333,0.8943282330919473,1607.2775146674207,Bullish_VeryLowVol
2024-01-15,21718.07857142857,81.53657281014969,0.03158177543100629,-0.024998628816786495,50.92333969482783,0.0022248860750213634,13.521333333333333,0.8702783277869854,1606.2083550509249,Bullish_VeryLowVol
2024-01-16,21764.007142857143,81.94762668181545,0.03316416369928882,-0.021443857632280627,50.75994357744608,0.0022262285733391134,13.553,0.8527042176266293,1605.8442516680543,Bullish_VeryLowVol
2024-01-17,21772.428571428572,82.02289365078651,0.03471004409199609,-0.01643579900119263,49.46837707366555,0.0022519430478787905,13.607666666666667,0.8985378288556813,1600.011898054668,Bullish_VeryLowVol
2024-01-18,21760.62857142857,81.53435113399357,0.036155167212724416,-0.010873876516715786,46.66123377250869,0.002307328044155222,13.622333333333332,0.9033374262958175,1597.4229993463116,Bullish_VeryLowVol
2024-01-19,21761.157142857144,81.5394027467454,0.03750180818193192,-0.005174737323800249,44.66699988638155,0.002341442533959319,13.664666666666667,0.8828157668282476,1592.512841600513,Bullish_VeryLowVol
2024-01-23,21702.81428571429,79.08996562879202,0.038715105587996276,-0.003913255564474083,39.82543385388873,0.00248001791364649,13.741333333333332,0.8852380678558964,1579.381982756231,Bullish_VeryLowVol
2024-01-24,21639.87142857143,76.54563615372092,0.039829974887229905,-0.006088303030700626,36.309020013596985,0.002606432779385304,13.784333333333333,0.8665575307056204,1569.8888662422144,Bullish_VeryLowVol
2024-01-25,21533.464285714286,72.50156262856355,0.04081833284860265,-0.010975545742649584,31.118612974315447,0.0028367394166785146,13.822000000000001,0.8438597693600892,1557.9123343737726,Neutral_VeryLowVol
2024-01-29,21491.364285714284,70.97982346036092,0.04166512547732415,-0.012909183961366755,28.64933446119727,0.002907381279608738,13.941,0.8443701999019148,1541.5941672558843,Neutral_VeryLowVol
2024-01-30,21484.242857142857,70.72229241349122,0.04240862581711163,-0.013236268675323348,27.194472412415127,0.002924191614020657,14.071666666666667,0.8901417296420957,1526.7731510465135,Neutral_VeryLowVol
2024-01-31,21521.87857142857,71.28697201086645,0.0430711813565421,-0.013236268675323348,26.65865517773888,0.0029133131317522517,14.163,0.9459902675009654,1519.5847328552263,Neutral_VeryLowVol
2024-02-01,21532.6,71.44787029494879,0.043570669777810836,-0.013236268675323348,25.242505803509168,0.0028323504464778083,14.185666666666666,0.9483585940920018,1517.912446836008,Neutral_VeryLowVol
2024-02-02,21620.457142857143,72.73210340029021,0.04393071506960777,-0.013236268675323348,25.108765550652784,0.0027031652907490876,14.215666666666666,0.951929739993825,1520.8894278277824,Neutral_VeryLowVol
2024-02-05,21665.85,73.36689758560378,0.044123518330767865,-0.013236268675323348,24.654541328114604,0.002496650556755622,14.258333333333333,0.9871207987191961,1519.521917007598,Neutral_VeryLowVol
2024-02-06,21748.25,74.473294965056,0.044175504699830406,-0.013236268675323348,24.631717672580937,0.002358751620532184,14.328666666666667,1.016999417940646,1517.8139394221373,Neutral_VeryLowVol
2024-02-07,21775.807142857142,74.83192099444074,0.044112006540962166,-0.013236268675323348,23.73794715360491,0.002234934428204374,14.394333333333332,1.025877869094812,1512.8041458113478,Neutral_VeryLowVol
2024-02-08,21803.785714285714,75.19481208162016,0.04393575532064624,-0.013236268675323348,22.900037734535847,0.0021026107831080714,14.432,1.0555253635527249,1510.7944646816597,Neutral_VeryLowVol
2024-02-09,21811.899999999998,75.30074482831174,0.04368151487371627,-0.013236268675323348,21.544675891681,0.002040519051905752,14.427666666666669,1.051503630548718,1511.8106415913865,Neutral_VeryLowVol
2024-02-12,21800.27142857143,74.83102288514867,0.043408992351675786,-0.013236268675323348,20.300856562237474,0.002054078178216247,14.469,1.1027781531985836,1506.6881905156838,Neutral_VeryLowVol
2024-02-13,21784.47857142857,74.1864148911126,0.04309018576400156,-0.013236268675323348,18.725056434568334,0.002062597384838707,14.516,1.1298904432699528,1500.7218635594222,Neutral_VeryLowVol
2024-02-14,21794.242857142857,74.32665479981375,0.042705281555035085,-0.013236268675323348,17.53225058784756,0.0020207321215613546,14.539,1.1417782561454586,1499.0193862812337,Neutral_VeryLowVol
2024-02-15,21791.57857142857,74.21381981241863,0.04224786586767121,-0.013236268675323348,15.996409049453545,0.0019803101648149316,14.558333333333334,1.1473930972164241,1496.8456946602337,Neutral_VeryLowVol
2024-02-16,21807.321428571428,74.44889512509127,0.04171457726914937,-0.013236268675323348,14.987568367280097,0.001938720779918319,14.596333333333332,1.1505635300935275,1494.0273649938179,Neutral_VeryLowVol
2024-02-19,21865.07857142857,75.29631620077714,0.041165925773436716,-0.013236268675323348,15.655749327613899,0.0019621385687956295,14.685333333333334,1.15409236866118,1488.9058406184336,Neutral_VeryLowVol
2024-02-20,21924.285714285714,76.12871076998452,0.04054966901092429,-0.013236268675323348,15.777773387317271,0.001970421973072118,14.804,1.1057829181483336,1480.97039410198,Neutral_VeryLowVol
2024-02-21,21987.0,76.9716908832586,0.039845784480052146,-0.013236268675323348,15.783327245169268,0.0019709162077872684,14.884666666666666,1.095598508557631,1477.1577014377212,Neutral_VeryLowVol
2024-02-22,22054.742857142857,77.83871044539924,0.03906349209442868,-0.013236268675323348,16.254478180441748,0.0019991645262578835,14.950333333333335,1.055653036434329,1475.2007440509367,Neutral_VeryLowVol
2024-02-23,22107.97857142857,78.49141062826654,0.03821460484961926,-0.013236268675323348,16.693655306524764,0.002013831259111114,15.021333333333333,0.976813021084695,1471.7720511780071,Neutral_VeryLowVol
2024-02-26,22138.164285714283,78.85361082540977,0.03728011944084922,-0.013236268675323348,16.276208820032014,0.001999632294913735,15.116000000000001,0.8832369932280862,1464.5517521642155,Neutral_VeryLowVol
2024-02-27,22160.68571428571,79.12264172283571,0.03626833167914861,-0.013236268675323348,15.899802867811932,0.0019927158963782454,15.204666666666668,0.8026797073823259,1457.4923738952323,Neutral_VeryLowVol
2024-02-28,22136.242857142857,78.01777242515948,0.0351014150145844,-0.013236268675323348,13.61384546452752,0.001946989290802537,15.299000000000001,0.7969655813965476,1446.9078277758583,Neutral_VeryLowVol
2024-02-29,22105.649999999998,76.6438851801822,0.033840436694120825,-0.013236268675323348,11.477093941488512,0.0019434889386880738,15.363333333333333,0.7256166620396689,1438.857669776524,Neutral_VeryLowVol
2024-03-01,22146.178571428572,77.18967528059078,0.03258657600544482,-0.013236268675323348,11.804807903368104,0.001952149639688646,15.365999999999998,0.7248000913448475,1441.2455142150577,Neutral_VeryLowVol
2024-03-04,22173.057142857142,77.54657638632492,0.03136192408299023,-0.013236268675323348,11.702758925397431,0.0019499671035938895,15.394666666666668,0.6899911710244281,1440.3077132463932,Neutral_VeryLowVol
2024-03-05,22193.571428571428,77.81825641086101,0.030172714548685725,-0.013236268675323348,11.990865541741496,0.0019505095414857805,15.411333333333335,0.6568878208606935,1440.0812018366196,Neutral_VeryLowVol
2024-03-06,22243.85714285714,78.47310389141715,0.029083242907074706,-0.013236268675323348,14.246038851011251,0.0019307463747854571,15.392666666666667,0.6800554406065421,1445.0944481911608,Neutral_VeryLowVol
2024-03-07,22286.028571428575,79.00619891937802,0.028076958083169082,-0.013236268675323348,16.046315538997966,0.0019146053144345322,15.380333333333333,0.708205519232215,1448.9951607959456,Neutral_VeryLowVol
2024-03-11,22340.528571428567,79.67340712576893,0.02716028254066876,-0.013236268675323348,17.795809140575166,0.0019153222884072101,15.383000000000001,0.7024496545953214,1452.2868472618193,Neutral_VeryLowVol
2024-03-12,22390.942857142858,80.26836454543381,0.026303072324091327,-0.013236268675323348,19.018507806056043,0.0019215883231836262,15.318,0.7626198040419259,1461.740622610188,Neutral_VeryLowVol
2024-03-13,22342.221428571425,78.005248107807,0.02539672451517676,-0.013236268675323348,16.15208894458022,0.00196362362510415,15.257333333333332,0.7574728097238644,1464.3595273467247,Neutral_VeryLowVol
2024-03-14,22305.22857142857,76.32935119355683,0.02443001383091252,-0.013236268675323348,13.723894146941335,0.001969927784065241,15.175333333333333,0.8027441441201784,1469.8345058710565,Neutral_VeryLowVol
2024-03-15,22257.66428571429,74.22634739650321,0.02341377999605773,-0.013236268675323348,11.317548232880023,0.0020041684057446143,15.148333333333333,0.8353734796930106,1469.3143988809081,Neutral_VeryLowVol
2024-03-18,22197.899999999998,71.68121724491664,0.02237768549116167,-0.013236268675323348,9.44548854901389,0.0020688981020023584,15.117666666666668,0.8664301843585037,1468.3416753026258,Neutral_VeryLowVol
2024-03-19,22101.31428571429,67.82628723252544,0.021335539581062296,-0.013236268675323348,7.113531896153608,0.00220088425608454,15.065333333333333,0.8804690494992592,1467.031216416118,Neutral_VeryLowVol
2024-03-20,22030.807142857146,65.20097582131854,0.020287441419480103,-0.016083990593135145,5.453595671555265,0.0022721421758687107,14.990666666666666,0.9138736550918585,1469.6349156935746,Neutral_VeryLowVol
2024-03-21,21984.557142857142,63.54617324200349,0.01931143022609389,-0.018149557920741022,5.758720843534795,0.0022542954471563115,14.891333333333334,1.0151905998494433,1476.3323505522546,Neutral_VeryLowVol
2024-03-22,21998.707142857143,63.8341983026098,0.01842643394151736,-0.018149557920741022,7.561060245960546,0.0021930992504592614,14.770666666666667,1.117166777699319,1489.3509981172465,Neutral_VeryLowVol
2024-03-26,21978.428571428572,63.101369986894305,0.01766298484164357,-0.018423265529557198,10.184633022121355,0.0020289244008257126,14.686666666666666,1.1687639605163964,1496.4885545684458,Neutral_VeryLowVol
2024-03-27,21992.757142857146,63.40582401560852,0.01698691207662473,-0.018423265529557198,11.729057254875224,0.0019890745045640992,14.566,1.1768883578726657,1509.8693630960556,Neutral_VeryLowVol
2024-03-28,22031.5,64.22444339132724,0.016378047969017283,-0.018423265529557198,12.787080868790815,0.0019920488031049703,14.461666666666666,1.2003909803671422,1523.4412815489225,Neutral_VeryLowVol
2024-04-01,22123.57857142857,66.0743933532192,0.015818951447742244,-0.018423265529557198,13.55325503630539,0.002062795731614312,14.348,1.2643040882579886,1541.9276952487155,Neutral_VeryLowVol
2024-04-02,22211.32142857143,67.70645975340672,0.015369800626307318,-0.018423265529557198,14.823820865360139,0.002126350873439492,14.233333333333333,1.3417444469492659,1560.514386082302,Neutral_VeryLowVol
2024-04-03,22271.707142857143,68.76703440826262,0.014942219266284914,-0.018423265529557198,14.463700993334136,0.002082588321981135,14.105666666666668,1.4224424922216734,1578.9191442817644,Neutral_VeryLowVol
2024-04-04,22331.407142857144,69.77361219904986,0.014591210502873124,-0.018423265529557198,14.668163068185148,0.002094275862083255,13.947000000000001,1.466344622428089,1601.1620522590624,Neutral_VeryLowVol
2024-04-08,22481.64285714286,72.12313990699438,0.014035165131592206,-0.018423265529557198,15.302114724756326,0.002118253409098876,13.797333333333333,1.4702637186227785,1629.4194185211775,Neutral_VeryLowVol
2024-04-09,22526.764285714286,72.78281427002696,0.01386390844186161,-0.018423265529557198,15.59986142469455,0.002125557117141191,13.645333333333333,1.4789365548707476,1650.8768042100562,Neutral_VeryLowVol
2024-04-10,22568.450000000004,73.37970980075164,0.013759236902704171,-0.018423265529557198,16.28067343780635,0.002130452091647044,13.507,1.5153698763234609,1670.8706596579555,Neutral_VeryLowVol
2024-04-12,22577.89285714286,73.51465959431287,0.013692707626599583,-0.018423265529557198,16.826859559123122,0.002119840810588182,13.395000000000001,1.5283882653484298,1685.5463125899855,Neutral_VeryLowVol
2024-04-15,22554.72857142857,72.58881093804148,0.013657972071877394,-0.018423265529557198,16.629430834140546,0.0021262148774145355,13.29,1.4790887222460545,1697.120283779426,Neutral_VeryLowVol
2024-04-16,22502.335714285717,70.52828573142345,0.013625522931572384,-0.018423265529557198,14.871603798987742,0.0021846940243638005,13.185666666666666,1.4082777041314052,1706.5755022589467,Neutral_VeryLowVol
2024-04-18,22428.35714285714,67.74341785294523,0.013597237302632736,-0.018423265529557198,12.84729687369981,0.002274510724871969,13.061000000000002,1.2504712215247742,1717.200608135452,Neutral_VeryLowVol
2024-04-19,22354.17142857143,65.09961296699875,0.013549521154766899,-0.018423265529557198,10.616152505880509,0.0023621025193011425,12.990666666666668,1.1662227069897235,1720.7870852333542,Neutral_VeryLowVol
2024-04-22,22310.407142857144,63.597855788507786,0.013425106964427403,-0.018423265529557198,8.582730237387619,0.002373034513903768,12.907333333333334,1.0905105837784965,1728.5063123953162,Neutral_VeryLowVol
2024-04-23,22255.292857142857,61.757710063050695,0.01323208613422326,-0.018423265529557198,6.314235125975306,0.0023910637900824297,12.751666666666667,1.1174234011648583,1745.2850234329778,Neutral_VeryLowVol
2024-04-24,22238.57857142857,61.20686570307449,0.012993904918401617,-0.018423265529557198,4.842376501666965,0.002362920536522925,12.617999999999999,1.1575193451870804,1762.4487693317938,Neutral_VeryLowVol
2024-04-25,22281.12857142857,62.08974544130528,0.012724424801639357,-0.018423265529557198,4.3968494041961215,0.002334562087316262,12.493333333333332,1.169232973844819,1783.4414544900137,Neutral_VeryLowVol
2024-04-26,22319.992857142857,62.881130650662755,0.012433004390503042,-0.018423265529557198,4.1316904469449005,0.00232107040497034,12.400333333333334,1.1832873068592726,1799.9510381825373,Neutral_VeryLowVol
2024-04-29,22412.5,64.68107337995056,0.012188448111662661,-0.018423265529557198,5.172006203930257,0.002395971824204655,12.342,1.1468319180574877,1815.9536541889481,Neutral_VeryLowVol
2024-04-30,22477.907142857144,65.88086881881667,0.011977672900991415,-0.018423265529557198,5.893273764343687,0.002428973103925361,12.316666666666666,1.1234992544333071,1824.9992267543014,Neutral_VeryLowVol
2024-05-02,22522.45,66.67165973737886,0.011867201772011178,-0.018423265529557198,7.178709861756431,0.002430356536830033,12.281,1.0694515191085985,1833.9263903590913,Neutral_VeryLowVol
2024-05-03,22537.85714285714,66.94346661371665,0.011832979712567165,-0.018423265529557198,8.103966831139656,0.002412631510043666,12.323333333333334,1.1447220211678815,1828.8766953900845,Neutral_VeryLowVol
2024-05-06,22543.614285714288,67.04646467415806,0.011770156839566214,-0.018423265529557198,7.46837832782704,0.002402933674086476,12.415,1.357397992611005,1815.8368333237447,Bullish_VeryLowVol
2024-05-07,22505.350000000002,65.65201831855816,0.011673682841520268,-0.018423265529557198,6.184691916826424,0.002423133596335621,12.521999999999998,1.5816019814054896,1797.264813927488,Bullish_VeryLowVol
2024-05-08,22488.571428571428,65.04362085693276,0.011549559478009615,-0.018423265529557198,5.474976230258957,0.0024277981864745737,12.620333333333333,1.763099706401261,1781.9316522467523,Bullish_VeryLowVol
2024-05-09,22390.585714285717,61.62314643941993,0.01129348083251331,-0.018423265529557198,2.6209187254448203,0.002516813520019379,12.778333333333334,2.037532455139477,1752.230524138702,Bullish_VeryLowVol
2024-05-10,22312.064285714285,59.07003552181564,0.010931755198275966,-0.018423265529557198,0.4552518679136431,0.002566167956133191,12.981666666666666,2.2966888960103105,1718.7364965244026,Bullish_VeryLowVol
2024-05-13,22234.328571428574,56.68538521727391,0.010456107834334883,-0.018423265529557198,-1.8323550967426812,0.002594307385599651,13.261999999999999,2.6739514864192544,1676.544154081479,Bullish_VeryLowVol
2024-05-14,22197.471428571425,55.59399067935513,0.009902152844581557,-0.018423265529557198,-3.3539042441985796,0.0025762843642146882,13.517666666666667,2.976794947744832,1642.1082111240667,Bullish_VeryLowVol
2024-05-15,22162.87857142857,54.58235738528995,0.009414137343181504,-0.018423265529557198,-3.1281813109281256,0.002566054142694057,13.773333333333333,3.226594589296553,1609.115094731019,Bullish_VeryLowVol
2024-05-16,22177.35714285714,54.93438379100741,0.009011112589631106,-0.018423265529557198,-2.240787654635393,0.0025583863895052936,14.011333333333335,3.402467394085612,1582.8156118516301,Bullish_VeryLowVol
2024-05-17,22200.728571428568,55.50535385771017,0.008700393878479006,-0.018423265529557198,-1.0053787608305322,0.0025443419564327337,14.269666666666666,3.5383441318506534,1555.7986805177816,Bullish_VeryLowVol
2024-05-21,22282.37857142857,57.43759149317127,0.008506841693161455,-0.018423265529557198,1.4780623439409137,0.002574790616708682,14.611333333333334,3.7708900745079617,1525.0065180974975,Bullish_VeryLowVol
2024-05-22,22359.89285714286,59.16427978372272,0.008457979904360143,-0.018423265529557198,4.633524453735518,0.002525009241724776,14.947333333333331,3.92186350263915,1495.911836479831,Bullish_VeryLowVol
2024-05-23,22483.264285714282,61.70062116316783,0.008556904340569292,-0.018423265529557198,7.925189462193792,0.0025914174962891018,15.282333333333332,4.023935869898672,1471.1931611041693,Bullish_VeryLowVol
2024-05-24,22588.87142857143,63.68111752184595,0.008733144953135461,-0.018423265529557198,10.419177719816147,0.002638224161714225,15.622333333333334,4.130701437748293,1445.9345442574581,Bullish_VeryLowVol
2024-05-27,22693.428571428572,65.4930606278203,0.008915784176886493,-0.018423265529557198,11.6488946717937,0.002710995634066947,16.018,4.274344797542146,1416.7454470863136,Bullish_VeryLowVol
2024-05-28,22762.614285714288,66.62315690250234,0.009099139999033277,-0.018381444554645077,13.118928577301146,0.0027197182844352877,16.452333333333332,4.419043181920485,1383.5493011557198,Bullish_VeryLowVol
2024-05-29,22796.700000000004,67.16650416354318,0.00926134592410539,-0.018381444554645077,13.433460449891435,0.0027211820743557056,16.874666666666666,4.543013380424103,1350.9422408343871,Bullish_VeryLowVol
2024-05-30,22790.928571428572,66.97715419953174,0.009372884241208293,-0.018381444554645077,12.656552368773216,0.002723500410112498,17.261333333333333,4.645919777042266,1320.3457769636514,Bullish_VeryLowVol
2024-05-31,22781.342857142856,66.65704725756574,0.009397515617460207,-0.018381444554645077,11.11009411048011,0.0026760681816169305,17.666,4.755134865196437,1289.558635635846,Bullish_VeryLowVol
2024-06-03,22823.66428571429,67.36337277326459,0.009353766933582242,-0.018381444554645077,10.477674409216986,0.002631209088039664,17.941,4.707121054390838,1272.151178067794,Bullish_VeryLowVol
2024-06-04,22670.435714285715,62.45075107247469,0.009207735472900947,-0.018381444554645077,6.266115454601231,0.002857100102940268,18.358333333333334,4.840989556387966,1234.8852862979054,Bullish_VeryLowVol
2024-06-05,22625.85,61.12051756708556,0.00899632717490426,-0.018381444554645077,4.612670026821606,0.0028584628069625575,18.570333333333334,4.721996570222738,1218.3868535836727,Bullish_VeryLowVol
2024-06-06,22616.31428571429,60.836264185555024,0.008745188509630557,-0.018381444554645077,3.3575184818024244,0.002820878824604173,18.779999999999998,4.4757992929023,1204.2765860337747,Bullish_VeryLowVol
2024-06-07,22699.95,62.40893271795973,0.008469579011615855,-0.018381444554645077,3.43358308304095,0.0028280842349704413,18.996666666666666,4.2026357356350434,1194.9438497982103,Bullish_VeryLowVol
2024-06-10,22810.028571428575,64.34187120223015,0.008220386965099944,-0.018381444554645077,4.324049676478533,0.0029080530994355274,19.191666666666666,3.925201583519539,1188.538180013647,Bullish_VeryLowVol
2024-06-11,22914.907142857144,66.04787390280278,0.007987445678925086,-0.018381444554645077,5.156935797302217,0.0029768439036094805,19.322000000000003,3.6980436580104974,1185.9490292338858,Bullish_VeryLowVol
2024-06-12,22923.342857142856,66.18135135150226,0.007742385788609715,-0.018381444554645077,5.139800624742294,0.0029768401625306622,19.397333333333332,3.5687155356952425,1181.778054911819,Bullish_VeryLowVol
2024-06-13,23139.68571428571,69.35074992869696,0.007633674006411086,-0.018381444554645077,7.87640608650016,0.003292746860118382,19.41033333333333,3.5450893508834254,1192.1323202908613,Bullish_VeryLowVol
2024-06-14,23260.435714285715,70.91132447429267,0.007655181295738468,-0.018381444554645077,10.1047634769552,0.0033340548825643293,19.394999999999996,3.573001008521617,1199.3006297646673,Bullish_VeryLowVol
2024-06-18,23365.649999999998,72.17736018479938,0.007815015698678473,-0.018381444554645077,12.605942767036183,0.0033151448831231067,19.335,3.66603116227325,1208.4639255236616,Bullish_VeryLowVol
2024-06-19,23397.914285714283,72.55307509504584,0.008083170360537333,-0.018381444554645077,14.411308178121415,0.0032398994630232847,19.241333333333333,3.7739503983485707,1216.0235405921774,Bullish_VeryLowVol
2024-06-20,23441.885714285716,73.06155813748033,0.008455468275518092,-0.018381444554645077,15.837572573078086,0.0032022130249583646,19.116666666666667,3.908217984720387,1226.2538298667332,Bullish_VeryLowVol
2024-06-21,23475.635714285716,73.44878525308336,0.008939274426983196,-0.018381444554645077,17.43447506345507,0.0031451377713950053,18.989333333333335,4.0386024668265375,1236.2538116636908,Bullish_VeryLowVol
2024-06-24,23506.335714285717,73.80014512269778,0.009492107578172426,-0.018381444554645077,18.231606530797645,0.003126828788332828,18.846333333333337,4.13999540507268,1247.2630775722446,Bullish_VeryLowVol
2024-06-25,23552.39285714286,74.3229821621581,0.010059622210336593,-0.018381444554645077,18.245932095447984,0.0031270340290244837,18.702,4.223515776842948,1259.3515590387583,Bullish_VeryLowVol
2024-06-26,23609.992857142854,74.96383187640468,0.010644045803726934,-0.018381444554645077,18.45907969527895,0.00313101835923738,18.483,4.293605630509715,1277.3896476298683,Bullish_VeryLowVol
2024-06-27,23679.507142857143,75.71409377447932,0.011180077037179211,-0.018381444554645077,18.17829563864096,0.003109822479089095,18.279,4.3415549018199835,1295.4487194516737,Bullish_VeryLowVol
2024-06-28,23750.164285714283,76.44982068618422,0.011693962688241532,-0.018381444554645077,18.195540001411672,0.0031106709689200504,18.058749999999996,4.396967839926135,1315.1610319492927,Bullish_VeryLowVol
2024-07-01,23832.3,77.27077375485642,0.012188778566854408,-0.018381444554645077,18.600347620318622,0.003126690342265841,17.85875,4.449763493811995,1334.4886960173583,Bullish_VeryLowVol
2024-07-02,23921.264285714282,78.1181704863433,0.01269664958399028,-0.018381444554645077,19.51455111609499,0.0031454213194608465,17.654083333333332,4.499277551362579,1354.9989446661132,Bullish_VeryLowVol
2024-07-03,24028.214285714286,79.07984373277765,0.013276960374584087,-0.018381444554645077,20.752618512689626,0.003173313712164552,17.361916666666666,4.493933923066169,1383.960927070127,Bullish_VeryLowVol
2024-07-04,24111.192857142858,79.78674806344033,0.013956840420100107,-0.018381444554645077,22.72132465698503,0.0031403902885727007,17.074083333333338,4.496947646945384,1412.1515273426794,Bullish_VeryLowVol
2024-07-05,24176.200000000004,80.32105167835422,0.014699199614168755,-0.018381444554645077,24.068626159027783,0.0031179108974372003,16.786916666666666,4.4921887992751515,1440.1810934110397,Bullish_VeryLowVol
2024-07-08,24215.635714285716,80.63946648969863,0.01559452750601737,-0.018381444554645077,27.59899549502119,0.002953357610109924,16.513916666666667,4.42603103531533,1466.3774925766077,Bullish_VeryLowVol
2024-07-09,24276.007142857143,81.11914488812366,0.0166275283970029,-0.018381444554645077,31.240390802492527,0.002817556520473626,16.21558333333333,4.256100271219879,1497.078868137572,Bullish_VeryLowVol
2024-07-10,24302.07857142857,81.32409271116703,0.017785022326018644,-0.018381444554645077,34.78114259658636,0.0026738076735993736,15.891666666666667,3.993071819723635,1529.234099932579,Bullish_VeryLowVol
2024-07-11,24329.521428571432,81.54041608027971,0.019020634022699906,-0.018381444554645077,36.8659217753499,0.00260536624700715,15.549166666666668,3.677872987562705,1564.683301049666,Bullish_VeryLowVol
2024-07-12,24360.328571428574,81.78336080179972,0.02027879498867429,-0.0177401725138846,39.104981195415455,0.002535483295836505,15.205000000000002,3.320706392964543,1602.1261802978343,Bullish_VeryLowVol
2024-07-15,24400.97857142857,82.10214086855152,0.021518116200184314,-0.01670502593402856,39.74190903470467,0.0025229133523685123,14.852583333333335,2.7903589779048903,1642.8777421275918,Bullish_VeryLowVol
2024-07-16,24442.285714285714,82.42271950307752,0.022723603615768542,-0.013088656571456747,40.12676091894939,0.0025162192648008797,14.622333333333334,2.527078091029365,1671.5721873585414,Bullish_VeryLowVol
2024-07-18,24510.899999999998,82.94321321169119,0.023840640567675844,-0.009655462596946163,39.865844773655276,0.002508732144814022,14.242999999999999,1.3637306843031831,1720.9085164642281,Bullish_VeryLowVol
2024-07-19,24524.85714285714,83.047941403733,0.024825531134302373,-0.009084868994054807,38.445212616357715,0.00251848141974248,14.102166666666669,1.0267043721616114,1739.0843352338627,Bullish_VeryLowVol
2024-07-22,24551.257142857146,83.24749017363962,0.025650919725911298,-0.009084868994054807,37.2207478517541,0.0024711811011571237,14.063416666666667,0.9481093899068607,1745.753377345985,Bullish_VeryLowVol
2024-07-23,24574.557142857142,83.42411458373057,0.026348176896059144,-0.009084868994054807,35.95034097711755,0.0024451919872859355,13.926666666666666,0.8194616434325278,1764.5684879983587,Bullish_VeryLowVol
2024-07-24,24561.89285714286,82.93665621671678,0.02693346846120154,-0.009084868994054807,33.67927140778838,0.002444679880602566,13.771083333333333,0.7693427230918441,1783.5846507217072,Bullish_VeryLowVol
2024-07-25,24536.092857142856,81.93629547913795,0.027419416098889066,-0.009084868994054807,31.359846650865094,0.00248444779646856,13.698666666666668,0.7723675350473118,1791.1300022247558,Bullish_VeryLowVol
2024-07-26,24567.785714285714,82.2066937073758,0.02789183979201697,-0.009084868994054807,31.25779927100979,0.0024854738489658973,13.624916666666666,0.8022184980900251,1803.1512643589783,Bullish_VeryLowVol
2024-07-29,24572.821428571428,82.24999397643258,0.028392356029805808,-0.009084868994054807,31.571078272644556,0.002476453353178267,13.611416666666667,0.8103707334142606,1805.309618413814,Bullish_VeryLowVol
2024-07-30,24619.45,82.65094938025777,0.02897489786755438,-0.009084868994054807,32.95899090779995,0.0024480348489891667,13.610416666666667,0.8112841256125491,1808.8682075616102,Bullish_VeryLowVol
2024-07-31,24682.57857142857,83.17857937070363,0.02959064691508574,-0.009084868994054807,33.24441620590902,0.002449939069369435,13.617416666666667,0.8070878053683918,1812.57423310309,Bullish_VeryLowVol
2024-08-01,24758.557142857142,83.78723466192969,0.030435845239937084,-0.009084868994054807,45.81038225801588,0.0020106291162810493,13.590416666666668,0.816341207433311,1821.765862674591,Bullish_VeryLowVol
2024-08-02,24802.014285714286,84.12421865344182,0.03137874364261779,-0.009084868994054807,50.74584844241626,0.0018953361973515386,13.624083333333335,0.8251568511638518,1820.453800736266,Bullish_VeryLowVol
2024-08-05,24751.942857142854,82.10743706971476,0.03234207954883883,-0.005420439249613551,47.94482628727368,0.0019695279226141847,13.862666666666666,1.4778849538381782,1785.510930350788,Bullish_VeryLowVol
2024-08-06,24631.614285714288,77.5264219355072,0.03319634640457949,-0.006870409719026194,37.75682301037411,0.0022537788837454996,14.02175,1.725890093945435,1756.6719051269838,Bullish_VeryLowVol
2024-08-07,24554.67142857143,74.78978947598989,0.03391937036124847,-0.009972692310129094,32.54665309356718,0.002350035227796014,14.085083333333333,1.7696212193735543,1743.310340980453,Bullish_VeryLowVol
2024-08-08,24448.914285714283,71.24447543155125,0.034501145045617354,-0.014236746900165409,26.779949354319722,0.002499766989876793,14.172166666666667,1.8280954774607154,1725.1359556205907,Neutral_VeryLowVol
2024-08-09,24365.535714285714,68.6144023869667,0.03503615282853609,-0.01759851302399984,24.039577042477944,0.0026170894569723124,14.205333333333332,1.8402311667630553,1715.238575719381,Neutral_VeryLowVol
2024-08-12,24270.692857142858,65.78128522682175,0.03528670222134354,-0.021422511190047344,20.14689494142353,0.0024260501266016813,14.274166666666666,1.8631217237397417,1700.322927699891,Neutral_VeryLowVol
2024-08-13,24188.02142857143,63.439457685411035,0.03534293750093507,-0.02475576580473593,16.32581133972838,0.0024426510664534145,14.352083333333333,1.8925511977009302,1685.331729672563,Neutral_VeryLowVol
2024-08-14,24200.614285714284,63.64167606567701,0.03525728463399153,-0.02475576580473593,15.047071646940678,0.0023748601697875845,14.411916666666666,1.8976300649772164,1679.208591435163,Neutral_VeryLowVol
2024-08-16,24278.985714285714,64.88153532773805,0.03513788024166594,-0.02475576580473593,15.671166086203781,0.002402883189384075,14.451833333333333,1.883912259713424,1679.9934758648187,Neutral_VeryLowVol
2024-08-19,24318.292857142857,65.48696100490116,0.03496961582728307,-0.02475576580473593,15.573825661469517,0.002400590346921016,14.500499999999999,1.8599446599108063,1677.0658154644914,Neutral_VeryLowVol
2024-08-20,24401.414285714283,66.73091157235378,0.03477885371187905,-0.02475576580473593,16.21713076586384,0.002431732190265108,14.538,1.8334393203427821,1678.4574415816676,Neutral_VeryLowVol
2024-08-21,24458.942857142858,67.56086767918461,0.03457657122962491,-0.02475576580473593,16.60124377439677,0.0024411151857027277,14.529083333333334,1.8388010856182775,1683.4470761846312,Neutral_VeryLowVol
2024-08-22,24525.3,68.49079944044979,0.03438291758950778,-0.02475576580473593,16.84933281137796,0.0024516227707436188,14.486416666666667,1.8595135954817053,1692.9859581101837,Neutral_VeryLowVol
2024-08-23,24623.035714285714,69.79868199062224,0.0341996110553143,-0.02475576580473593,17.256223710457498,0.0024864870442577467,14.457083333333335,1.8673179507043456,1703.1814195545928,Neutral_VeryLowVol
2024-08-26,24746.87142857143,71.34439529495901,0.03405576468848257,-0.02475576580473593,17.6889947017118,0.0025482196266256745,14.450416666666666,1.8693804389621715,1712.5368769231407,Neutral_VeryLowVol
2024-08-27,24814.957142857143,72.14822022238752,0.0339082041011873,-0.02475576580473593,17.62246543361333,0.0025440863257201606,14.447333333333331,1.8706940134489423,1717.615048418888,Neutral_VeryLowVol
2024-08-28,24883.485714285718,72.93204397393488,0.033734397721675434,-0.02475576580473593,17.434715447089566,0.0025298724718119244,14.439416666666666,1.8723333546918512,1723.3026990438707,Neutral_VeryLowVol
2024-08-29,24948.214285714286,73.65043137069725,0.03351020726545926,-0.02475576580473593,17.133188610548608,0.002505687890711972,14.424916666666666,1.875752433316199,1729.522246971799,Neutral_VeryLowVol
2024-08-30,25014.742857142854,74.36756592888317,0.03321326032581205,-0.02475576580473593,16.700714810605678,0.002458403193410489,14.387666666666666,1.8850773940634058,1738.6240199112333,Neutral_VeryLowVol
2024-09-02,25081.485714285714,75.06582115091521,0.032845159271862615,-0.02475576580473593,16.482910375102335,0.002441463524467319,14.362166666666665,1.8841314121261827,1746.3580737088682,Neutral_VeryLowVol
2024-09-03,25146.72857142857,75.72871007572445,0.032435031063113656,-0.02475576580473593,16.453738204988653,0.0024398082887150427,14.309000000000001,1.8752240785642837,1757.4064275231372,Neutral_VeryLowVol
2024-09-04,25173.6,75.99826145680487,0.031947542726124205,-0.02475576580473593,16.228822960764973,0.002437622337442,14.363333333333335,1.8518894514062034,1752.629380366674,Neutral_VeryLowVol
2024-09-05,25191.792857142857,76.18194092327911,0.03136767729894067,-0.02475576580473593,15.553926962985173,0.002425361909228378,14.444833333333332,1.7861152622058702,1744.0002439494763,Neutral_VeryLowVol
2024-09-06,25163.192857142858,75.2533926182653,0.030708000882971993,-0.02475576580473593,14.480286153354042,0.0024470352709165233,14.5315,1.7572368346649065,1731.6307922198575,Neutral_VeryLowVol
2024-09-09,25132.4,74.25396475227228,0.029987667211332784,-0.02475576580473593,13.366234764052535,0.0024689211258700702,14.597833333333332,1.704824130545919,1721.6527566876366,Neutral_VeryLowVol
2024-09-10,25104.571428571428,73.35100632310103,0.029206058450957226,-0.02475576580473593,12.288110841727407,0.0024862592580219885,14.611666666666666,1.6925900033794143,1718.1182681810035,Neutral_VeryLowVol
2024-09-11,25053.10714285714,71.69728904120615,0.02836729092262908,-0.02475576580473593,10.603122077571042,0.0025205320436630313,14.636583333333332,1.6715907769470402,1711.6772796149244,Neutral_VeryLowVol
2024-09-12,25068.68571428571,71.89401922482868,0.027508341053067327,-0.02475576580473593,10.189985356856331,0.0025149906378653234,14.634333333333332,1.6735657695642463,1713.0049687460341,Neutral_VeryLowVol
2024-09-13,25091.22857142857,72.18100548411921,0.02663531139927846,-0.02475576580473593,9.505784744890404,0.0024907303861239566,14.621666666666666,1.6882834494677788,1716.030678542932,Neutral_VeryLowVol
2024-09-16,25125.321428571428,72.61474498209336,0.025806952855572624,-0.02475576580473593,9.818293295024608,0.00249370280620018,14.559666666666665,1.733296730935288,1725.6797153257696,Neutral_VeryLowVol
2024-09-17,25206.235714285718,73.61609033213087,0.025057365250366226,-0.02475576580473593,10.557802892883817,0.0025268520072815603,14.300416666666667,1.3803741501998326,1762.622467710315,Neutral_VeryLowVol
2024-09-18,25269.257142857143,74.36488172643826,0.02437147028575531,-0.02475576580473593,11.1154329796872,0.002543227519238299,14.121416666666667,1.1052421491840623,1789.4279121799968,Bullish_VeryLowVol
2024-09-19,25322.785714285714,74.98338643045352,0.023780158520141214,-0.02475576580473593,12.172147317678085,0.002545039192686486,13.998083333333334,1.0747797856506902,1809.018071351605,Bullish_VeryLowVol
2024-09-20,25447.428571428572,76.34634622249666,0.02331315742800751,-0.02475576580473593,14.230354818229948,0.0026101006493818753,13.871,0.9771769684073948,1834.57779334068,Bullish_VeryLowVol
2024-09-23,25526.02142857143,77.15140052377515,0.022871534383113026,-0.02475576580473593,14.81843903429459,0.0026321090607699577,13.819333333333335,0.9372628282371277,1847.123939546391,Bullish_VeryLowVol
2024-09-24,25609.435714285715,77.96768187557176,0.022463929707687503,-0.02475576580473593,15.894852523768238,0.0026540289890127538,13.736833333333333,0.8561823679135715,1864.289614124001,Bullish_VeryLowVol
2024-09-25,25698.06428571429,78.79330523850851,0.022049096993630703,-0.02475576580473593,16.357187607664173,0.0026784231293273024,13.622666666666667,0.7415718782251393,1886.419517890351,Bullish_VeryLowVol
2024-09-26,25811.992857142854,79.79170778542986,0.021649601614433342,-0.02475576580473593,16.81633192522347,0.0027210183938066665,13.50825,0.7166875280976202,1910.8317403914536,Bullish_VeryLowVol
2024-09-27,25926.47857142857,80.72689469643478,0.021152691597147402,-0.02475576580473593,17.126931752337942,0.0027542840553575042,13.426916666666667,0.7494088714505815,1930.9331557700816,Bullish_VeryLowVol
2024-09-30,25982.91428571429,81.1675249569816,0.02061854856420945,-0.02475576580473593,17.267143980786624,0.002757437382024269,13.376000000000001,0.738805711476286,1942.5025632262477,Bullish_VeryLowVol
2024-10-01,25983.764285714286,81.17417366001331,0.020131585346510092,-0.02475576580473593,18.32745572548218,0.0027154154329653677,13.314916666666667,0.7756653104594845,1951.4778001400148,Bullish_VeryLowVol
2024-10-03,25885.34285714286,77.90772235870024,0.019760685343385383,-0.02475576580473593,19.14589788368089,0.0026584892575756457,13.309499999999998,0.7761055518328936,1944.8771822489848,Bullish_VeryLowVol
2024-10-04,25753.08571428571,73.81396853351625,0.019458925903350296,-0.02475576580473593,17.69096260129198,0.002758807423176629,13.347083333333332,0.7878126317949764,1929.491640317351,Bullish_VeryLowVol
2024-10-07,25580.45714285714,68.96281394994433,0.019232295947087433,-0.02475576580473593,15.939628386726534,0.0029035762632998873,13.398,0.8485655746507725,1909.2743053334184,Neutral_VeryLowVol
2024-10-08,25408.614285714288,64.62640016402784,0.01900961737338659,-0.02475576580473593,13.907349772144528,0.003078198921620513,13.424416666666668,0.8733251663979495,1892.7164521647212,Neutral_VeryLowVol
2024-10-09,25237.614285714284,60.72902628611231,0.01890799574174288,-0.02871600865045676,12.355795072962577,0.003224321312850379,13.440750000000001,0.8818911277513432,1877.6938999471222,Neutral_VeryLowVol
2024-10-10,25121.557142857142,58.28238354769289,0.0188933012556109,-0.03318253403842564,11.798753567641446,0.003271104830061108,13.425583333333332,0.8767285102851196,1871.1706239597643,Neutral_VeryLowVol
2024-10-11,25002.60714285714,55.9143624191737,0.018861432193616592,-0.037760392684772714,9.769278524307945,0.003392201320304911,13.406666666666666,0.8747704953528483,1864.9383746536903,Neutral_VeryLowVol
2024-10-14,24985.15714285714,55.5746189388298,0.0187596729035431,-0.038431965895186826,8.612020606152356,0.003377338123110743,13.393416666666667,0.8779969570612604,1865.4804643717105,Neutral_VeryLowVol
2024-10-15,24991.264285714286,55.671302081811554,0.018644272477810944,-0.038431965895186826,8.199604039937181,0.0033749757867582958,13.358166666666667,0.8715164482325423,1870.8603440378008,Neutral_VeryLowVol
2024-10-16,25016.34285714286,56.07392831135824,0.018475898944681157,-0.038431965895186826,7.53070497607704,0.0033463706287683638,13.331833333333332,0.8683066490481596,1876.4368134272252,Neutral_VeryLowVol
2024-10-17,24978.728571428568,55.30125223685449,0.018247981857780458,-0.038679373136027095,6.342018078686376,0.0033508823590476023,13.298833333333333,0.8457142801666494,1878.2646526458639,Neutral_VeryLowVol
2024-10-18,24960.457142857143,54.924188125573814,0.01796899024651667,-0.0393825594938817,5.316134104523283,0.0033376120923725,13.259833333333335,0.8291819122953613,1882.4110767750078,Neutral_VeryLowVol
2024-10-21,24929.40714285714,54.27913184214364,0.01760750964137709,-0.04057753646714013,3.77322061080538,0.003297573380062312,13.211333333333332,0.7494454079783658,1886.9713233226882,Neutral_VeryLowVol
2024-10-22,24859.1,52.837968183402104,0.017124646878452294,-0.043283346991129346,1.3984529072416936,0.0032429129176429054,13.21658333333333,0.7573913041772448,1880.9021494460876,Neutral_VeryLowVol
2024-10-23,24760.178571428572,50.88819639392255,0.016562166766060336,-0.04709039463379183,-0.6735831053232102,0.0032772229451918764,13.258666666666667,0.7995367013347422,1867.4712317549709,Neutral_VeryLowVol
2024-10-24,24666.18571428571,49.12170721418837,0.015927646312951103,-0.05070776339181038,-2.6487347351702355,0.0032969324006744223,13.270083333333334,0.8073916291464286,1858.7815234231668,Neutral_VeryLowVol
2024-10-25,24553.257142857143,47.10668057272305,0.015218834056898955,-0.05505388392257038,-4.7470197262893485,0.0033349511010605138,13.318416666666668,0.8445153893303108,1843.5567648449558,Neutral_VeryLowVol
2024-10-28,24494.585714285717,46.09901323317544,0.01446917111666633,-0.057311887340638745,-6.278896595338772,0.0033117320640691,13.376416666666668,0.8496565440316041,1831.1769380902247,Neutral_VeryLowVol
2024-10-29,24439.27142857143,45.164810986559964,0.01366778929268643,-0.05944068919960188,-7.802629155372555,0.003281600711829482,13.444916666666668,0.8560405251778486,1817.7332024052282,Neutral_VeryLowVol
2024-10-30,24376.37857142857,44.12209788089244,0.012803169466903443,-0.06186115670582215,-9.419259394933837,0.0032522942833401202,13.54225,0.91916058735374,1800.0242626911015,Neutral_VeryLowVol
2024-10-31,24338.27142857143,43.49802597648254,0.01191241465336904,-0.06332773185013607,-10.239377967026643,0.0032406970562260835,13.614833333333333,0.9886428204546017,1787.6290390557917,Neutral_VeryLowVol
2024-11-01,24319.535714285714,43.18997634409304,0.011024020120167491,-0.06404878650871826,-10.716913548663925,0.0032308420791794107,13.72925,1.0483988510398714,1771.3666598165023,Neutral_VeryLowVol
2024-11-04,24261.814285714285,42.2446429691276,0.01014800708562662,-0.06627022863452925,-11.058296952789195,0.0032393153957436583,13.859166666666665,1.163196645791789,1750.596905950162,Neutral_VeryLowVol
2024-11-05,24266.45714285714,42.3487438567544,0.00931792723400217,-0.06627022863452925,-10.622904133748321,0.0032434858588921375,13.937083333333334,1.2341800788190054,1741.143147563668,Neutral_VeryLowVol
2024-11-06,24287.157142857144,42.82003196031764,0.008540539625607616,-0.06627022863452925,-10.004368926853049,0.00325461568492699,13.98625,1.2410979132091389,1736.502432235742,Neutral_VeryLowVol
2024-11-07,24248.942857142854,42.16734528228143,0.007815333301333898,-0.06676559291007833,-9.87376659841279,0.003250875435157035,14.059499999999998,1.2299587181184297,1724.7372137802097,Neutral_VeryLowVol
2024-11-08,24221.421428571426,41.69787052174134,0.007081065275027826,-0.06782477079780869,-10.42209423187492,0.0032428909075110568,14.14175,1.1686341036026293,1712.7598372599873,Neutral_VeryLowVol
2024-11-11,24212.27142857143,41.540163982724195,0.006353523430685096,-0.06817691377060453,-10.840464066441681,0.003231453410708728,14.218666666666667,1.0937959317119264,1702.8510475833243,Neutral_VeryLowVol
2024-11-12,24152.14285714286,40.507575561495585,0.005568270448193537,-0.07049099616326338,-12.028494703127746,0.003220102009256826,14.278749999999999,1.0614993766949732,1691.4745938645092,Neutral_VeryLowVol
2024-11-13,24089.814285714285,39.464613362664906,0.0046833434623513226,-0.0728897468116767,-14.034167325633623,0.003155974753118981,14.393666666666666,0.9890357402045605,1673.6398614469988,Neutral_VeryLowVol
2024-11-14,23992.585714285717,37.90322617831493,0.003697239841070398,-0.07663164388091781,-16.128678913031948,0.003132476835844125,14.447166666666668,0.9636451390541413,1660.7121844619394,Neutral_VeryLowVol
2024-11-18,23845.40714285714,35.709737112749636,0.0025758204700609727,-0.08229589521148795,-18.38286875086531,0.0031737084571492125,14.481833333333334,0.9704315902030685,1646.573786205048,Neutral_VeryLowVol
2024-11-19,23748.14285714286,34.36189026800601,0.0012652011297354848,-0.08603916676540047,-22.093723828725697,0.0030224114184522733,14.501249999999999,0.9884722952354128,1637.6617779255484,Neutral_VeryLowVol
2024-11-21,23634.100000000002,32.86991196997583,-0.0001688336755963289,-0.09042817121790603,-25.063312453972493,0.0029572054534120758,14.548,1.0251764776586123,1624.5600769865275,Neutral_VeryLowVol
2024-11-22,23600.66428571429,32.446280438714,-0.0017048448176564873,-0.09171496376720933,-27.649984916520314,0.002836845047758518,14.613833333333332,1.059741293521724,1614.9537049859807,Neutral_VeryLowVol
2024-11-25,23649.014285714286,33.713340285962246,-0.0032863391022046775,-0.09171496376720933,-28.73568212569215,0.002774793279283742,14.674083333333332,1.0452201309418674,1611.6178263751367,Neutral_VeryLowVol
2024-11-26,23739.79285714286,36.0240575244095,-0.004909302471878016,-0.09171496376720933,-29.294936380965087,0.0027404228111791206,14.743583333333333,1.0140539763512213,1610.1779547357569,Neutral_VeryLowVol
2024-11-27,23845.821428571428,38.588570078962576,-0.0065602061595452146,-0.09171496376720933,-29.264425687678006,0.0027423127500114885,14.797916666666667,0.9593247183459769,1611.430984895718,Neutral_VeryLowVol
2024-11-28,23911.585714285717,40.11565785842691,-0.008217129891373198,-0.09171496376720933,-28.811599110435278,0.002766901965317965,14.871333333333332,0.899603536558306,1607.8979052059253,Neutral_VeryLowVol
2024-11-29,23999.100000000002,42.0813585379052,-0.0098593782310997,-0.09171496376720933,-26.39169710936817,0.002894127556872942,14.917083333333332,0.8366100735884028,1608.8332728136088,Neutral_VeryLowVol
2024-12-02,24131.40714285714,44.88654334475993,-0.011397404918801804,-0.09171496376720933,-21.782144182049056,0.0031107071063171173,14.960833333333335,0.7866922056538319,1612.9721256296198,Neutral_VeryLowVol
2024-12-03,24209.964285714286,46.46551563458567,-0.012801360109443584,-0.09171496376720933,-18.963738132171688,0.003159707487051878,15.005333333333333,0.7079638522492977,1613.4239571961716,Neutral_VeryLowVol
2024-12-04,24245.042857142857,47.15884684073969,-0.01406604712373337,-0.09171496376720933,-16.949760914760578,0.00307995335863973,15.028250000000002,0.6767869545848709,1613.2978129285082,Neutral_VeryLowVol
2024-12-05,24318.457142857143,48.588086169707914,-0.015160155687755446,-0.09171496376720933,-14.16821534302414,0.0030282587105400984,15.032666666666668,0.6729332770802848,1617.707468813948,Neutral_VeryLowVol
2024-12-06,24376.014285714286,49.682461003520736,-0.016097780991180685,-0.09171496376720933,-11.635627922295962,0.002934050378354573,15.016583333333333,0.6886567019645067,1623.2730005636627,Neutral_VeryLowVol
2024-12-09,24476.707142857143,51.533595401587995,-0.01690606580873229,-0.09171496376720933,-8.632601439473545,0.002973517224057016,15.021166666666666,0.6818751823959632,1629.4810973087185,Neutral_VeryLowVol
2024-12-10,24545.12857142857,52.74517941846758,-0.01755031467079128,-0.09171496376720933,-6.210396171352736,0.0029462266515866294,14.992666666666667,0.7157088761514765,1637.1422854347838,Neutral_VeryLowVol
2024-12-11,24597.37857142857,53.65263898684867,-0.018109873624901116,-0.09171496376720933,-5.218548560227319,0.002974075518508324,14.958583333333333,0.7724244420510462,1644.3655139866344,Neutral_VeryLowVol
2024-12-12,24610.45714285714,53.880012433489476,-0.018649148898243567,-0.09171496376720933,-5.120190819493016,0.0029759848231883895,14.914416666666666,0.8340831439920491,1650.1119482507736,Neutral_VeryLowVol
2024-12-13,24653.435714285715,54.6301979420917,-0.019149864291862478,-0.09171496376720933,-4.856429180494282,0.002987133523654847,14.832500000000001,0.8922240711296415,1662.1227516794684,Neutral_VeryLowVol
2024-12-16,24647.7,54.50883745031587,-0.019585941613734878,-0.09171496376720933,-4.445000323112955,0.002981421329354183,14.7815,0.8935240189348546,1667.4694719751042,Neutral_VeryLowVol
2024-12-17,24598.87142857143,53.471666918922836,-0.01999545422772572,-0.09171496376720933,-4.841251590696626,0.002992272050698511,14.734250000000001,0.8693529971308482,1669.5027862681459,Neutral_VeryLowVol
2024-12-18,24538.850000000002,52.218989055770585,-0.020355318495873607,-0.09171496376720933,-5.2095565299635735,0.0030072662443324893,14.657083333333334,0.789030418574897,1674.1973448560138,Neutral_VeryLowVol
2024-12-19,24444.8,50.3242859897224,-0.020629811106124944,-0.09171496376720933,-5.495955794823112,0.0030323986944252737,14.603333333333333,0.7391051594876755,1673.9191965304724,Neutral_VeryLowVol
2024-12-20,24294.18571428571,47.493853151896474,-0.020847328403260736,-0.09171496376720933,-6.038689256123441,0.00311661247968495,14.610166666666666,0.7425712357946398,1662.8274179591183,Neutral_VeryLowVol
2024-12-23,24180.578571428574,45.513466447579454,-0.020993231599776882,-0.09171496376720933,-6.262442789155546,0.0031436869902396196,14.562833333333334,0.7657182602123838,1660.4309077740302,Neutral_VeryLowVol
2024-12-24,24031.914285714283,43.101341610420356,-0.021068298486799093,-0.09171496376720933,-6.624587877137724,0.0032052023318764936,14.519749999999998,0.8064022777871965,1655.1190127732423,Neutral_VeryLowVol
2024-12-26,23900.764285714286,41.12907405911819,-0.021118343866758885,-0.09171496376720933,-7.376581701952756,0.0032864770963841644,14.511916666666668,0.8100451464995669,1646.975022990137,Neutral_VeryLowVol
2024-12-27,23826.10714285714,40.05885656835252,-0.021116888130909922,-0.09171496376720933,-7.601811286288547,0.0033004374937277226,14.466833333333335,0.8425348998533836,1646.9469574906145,Neutral_VeryLowVol
2024-12-30,23746.971428571433,38.95680235391129,-0.02105911788437162,-0.09171496376720933,-7.791715369563929,0.003313823716626938,14.418083333333334,0.8267470225936715,1647.0269230356391,Neutral_VeryLowVol
2025-01-01,23717.14285714286,38.546835772426725,-0.02096396500694482,-0.09171496376720933,-7.705500217782413,0.003312004663793758,14.385166666666667,0.811748839334312,1648.722145993641,Neutral_VeryLowVol
2025-01-02,23803.021428571432,40.39894602406876,-0.020794661441423598,-0.09171496376720933,-6.284209095007618,0.0033796866112096166,14.321,0.782866527576496,1662.1060979380932,Neutral_VeryLowVol
2025-01-03,23838.92142857143,41.159282053443775,-0.020560878182245952,-0.09171496376720933,-5.155160266268129,0.003381153629971505,14.239333333333333,0.7286699424685695,1674.159939269495,Neutral_VeryLowVol
2025-01-06,23822.97857142857,40.92150479416843,-0.02035571457543609,-0.09171496376720933,-5.4072195394735685,0.0033798098109036967,14.224416666666665,0.6930283007023517,1674.794765205034,Neutral_VeryLowVol
2025-01-07,23816.93571428571,40.82980857534822,-0.020189124482612238,-0.09171496376720933,-5.739375519895462,0.0033733475864528325,14.203000000000001,0.6680405598875326,1676.894720431297,Neutral_VeryLowVol
2025-01-08,23799.157142857144,40.55558774027031,-0.020018269868664958,-0.09171496376720933,-5.505649769325775,0.0033690252532806316,14.175,0.6371484832084645,1678.9528848576467,Neutral_VeryLowVol
2025-01-09,23782.242857142857,40.29153595117064,-0.019819683045500414,-0.09171496376720933,-5.38432387606122,0.00336752121281609,14.176083333333334,0.6379670984289358,1677.631423146463,Neutral_VeryLowVol
2025-01-10,23737.757142857146,39.59610632770963,-0.019623443440552793,-0.09171496376720933,-5.806939811636991,0.0033749429297248853,14.166416666666665,0.623880612519603,1675.6359566009153,Neutral_VeryLowVol
2025-01-13,23580.228571428568,37.260385883829734,-0.019430538753569673,-0.09171496376720933,-6.766693882998759,0.003499441566037794,14.218833333333333,0.706891182345513,1658.3799822837248,Neutral_VeryLowVol
2025-01-14,23461.842857142856,35.639918011429614,-0.019194011812087113,-0.09171496376720933,-7.331125450681225,0.0035557873576077836,14.2445,0.7382479842211382,1647.080828189326,Neutral_VeryLowVol
2025-01-15,23404.292857142857,34.883512475803286,-0.018854283410952778,-0.09171496376720933,-6.95426663152417,0.0035258609627587985,14.274000000000001,0.7608744968782162,1639.645008907304,Neutral_VeryLowVol
2025-01-16,23347.707142857143,34.15254519839068,-0.01836344162967862,-0.09171496376720933,-6.0954731172220615,0.0034241712648009123,14.307833333333331,0.7909430025817368,1631.812909678182,Neutral_VeryLowVol
2025-01-17,23278.31428571429,33.275532084680506,-0.01774355782911085,-0.09171496376720933,-5.820363288156385,0.0033990666327428985,14.3485,0.8328784218101242,1622.3517639972324,Neutral_VeryLowVol
2025-01-20,23252.350000000002,32.95081423828286,-0.0169773548257474,-0.09171496376720933,-4.852793102095183,0.003328497241062503,14.424333333333333,0.9129591271331792,1612.0225082615027,Neutral_VeryLowVol
2025-01-21,23194.22857142857,32.22874339812762,-0.016163104448646354,-0.08985418641915677,-5.154000797649272,0.003341359117797096,14.522583333333333,1.0289225791332712,1597.1145104873608,Neutral_VeryLowVol
2025-01-22,23204.14285714286,32.48757535503988,-0.015347163665783573,-0.08636052128155836,-5.6655702276307105,0.0033203039622017204,14.622416666666664,1.0971710258921186,1586.8883636751468,Neutral_VeryLowVol
2025-01-23,23208.32857142857,32.599041239326354,-0.014563722499787927,-0.08227995118930043,-6.892137287302791,0.003248203578083208,14.736666666666666,1.1292040859896804,1574.8696157947459,Neutral_VeryLowVol
2025-01-24,23191.042857142857,32.37265516098209,-0.01383969966753156,-0.07974897511550472,-8.733028524710582,0.003144251610108489,14.855166666666666,1.1476799936462232,1561.143228987189,Neutral_VeryLowVol
2025-01-27,23122.092857142856,31.47832309610034,-0.013190273637970859,-0.07286914712904269,-10.604559887463116,0.003113487872711361,15.024499999999998,1.2433132182279731,1538.9592237440752,Neutral_VeryLowVol
2025-01-28,23086.957142857143,31.030283776637063,-0.012649051777195762,-0.06353997023306812,-12.550621810941056,0.0030283262638414895,15.163666666666668,1.355589122048347,1522.5181119028252,Neutral_VeryLowVol
2025-01-29,23061.007142857146,30.699292259730456,-0.012309692242133715,-0.06459256185967699,-15.616795119244507,0.002840347918045609,15.302166666666666,1.4895020189202626,1507.0419532870387,Neutral_VeryLowVol
2025-01-30,23093.12857142857,31.62522596606327,-0.012103271371001962,-0.06459256185967699,-16.58639003219467,0.0027812707660760908,15.40275,1.5259946374808846,1499.2860736835028,Neutral_VeryLowVol
2025-01-31,23143.564285714285,33.06545398048148,-0.011995880572174353,-0.06459256185967699,-16.21718094970495,0.00280141683341986,15.460666666666667,1.5239139622588755,1496.9318454819295,Neutral_VeryLowVol
2025-02-01,23183.10714285714,34.18030407763746,-0.012033569153655017,-0.06459256185967699,-16.92590679307296,0.0027583019163450995,15.428083333333335,1.5428323823595351,1502.6563340352586,Neutral_VeryLowVol
2025-02-03,23221.514285714286,35.25457684560665,-0.012200327236695936,-0.06459256185967699,-17.304269899213345,0.0027370199390160115,15.455833333333334,1.514557140993057,1502.4433678145867,Neutral_VeryLowVol
2025-02-04,23351.528571428575,38.726770387823166,-0.012464582516463409,-0.06459256185967699,-16.3065890364639,0.002819066591523373,15.483833333333333,1.4783156382980303,1508.1232191486977,Neutral_VeryLowVol
2025-02-05,23457.10714285714,41.34657163699461,-0.012807101857043235,-0.06459256185967699,-15.319278955861328,0.0028935688002018818,15.485416666666667,1.4767349649171737,1514.78695393131,Neutral_VeryLowVol
2025-02-06,23520.0,42.83975312291171,-0.013180911948660503,-0.06459256185967699,-15.047683682274762,0.002910783167149256,15.516666666666667,1.4369076490692627,1515.7894736842104,Neutral_VeryLowVol
2025-02-07,23564.350000000002,43.87317430488746,-0.013542318988429109,-0.06459256185967699,-14.46705749044019,0.002938165664955996,15.507083333333334,1.4484736442159512,1519.5862106026816,Neutral_VeryLowVol
2025-02-10,23546.235714285714,43.54339113679182,-0.01394650487357034,-0.06459256185967699,-15.471441356010386,0.0029028049187675093,15.507000000000001,1.4485367765794488,1518.4262406839307,Neutral_VeryLowVol
2025-02-11,23487.614285714288,42.4834546988627,-0.014396536527194293,-0.06459256185967699,-16.19321179741471,0.002906569307532563,15.519083333333334,1.441406084847887,1513.4665998774167,Neutral_VeryLowVol
2025-02-12,23442.5,41.682578797507226,-0.01482950474974453,-0.06459256185967699,-16.175629774483717,0.0029061697089292865,15.557666666666668,1.4071574939015934,1506.8133610438583,Neutral_VeryLowVol
2025-02-13,23341.37857142857,39.95117084991872,-0.015270353261595673,-0.06459256185967699,-16.58944786346549,0.002941568879458687,15.604833333333334,1.3601237477506005,1495.7787803839774,Neutral_VeryLowVol
2025-02-14,23231.8,38.18817397893463,-0.015708087141163594,-0.06459256185967699,-16.741140433257264,0.002964075577523068,15.583666666666666,1.3643311379656788,1490.7788068704413,Neutral_VeryLowVol
2025-02-17,23139.821428571428,36.790474420273895,-0.016087958310926666,-0.06459256185967699,-16.439409624703913,0.0028903758358429276,15.619083333333332,1.3532727703946799,1481.5095697189718,Neutral_VeryLowVol
2025-02-18,23052.014285714282,35.51765217856993,-0.016444357325922747,-0.06459256185967699,-16.28174054237382,0.002866545137789674,15.659083333333335,1.335603551307089,1472.117734800203,Neutral_VeryLowVol
2025-02-19,22987.91428571429,34.62085602406657,-0.01673685353360279,-0.06459256185967699,-15.712324704195817,0.0027648507138472818,15.684499999999998,1.3230826074764335,1465.6453368430166,Neutral_VeryLowVol
2025-02-20,22965.25,34.30672692812783,-0.016932919339860728,-0.06459256185967699,-14.641748930095623,0.0026732875724488365,15.67675,1.3284155959975013,1464.9241711451673,Neutral_VeryLowVol
2025-02-21,22929.62857142857,33.81217920700733,-0.01709794497823039,-0.06459256185967699,-14.184251138837194,0.0026526528046384003,15.627833333333335,1.3431348003658312,1467.2301708337839,Neutral_VeryLowVol
2025-02-24,22861.335714285717,32.88016560672372,-0.017248813116784743,-0.06459256185967699,-14.098198931010232,0.002645350712338127,15.5935,1.3603624643757617,1466.0811052224142,Neutral_VeryLowVol
2025-02-25,22806.807142857142,32.15433898129159,-0.017417763676832412,-0.06459256185967699,-14.458255517612006,0.0026547480845578787,15.54225,1.4017883205710444,1467.4070448523955,Neutral_VeryLowVol
2025-02-27,22747.600000000002,31.38283800075483,-0.01772130609201147,-0.06459256185967699,-17.32655789710135,0.002559066230304803,15.470416666666667,1.4598946117095513,1470.393492956988,Neutral_VeryLowVol
2025-02-28,22630.37142857143,29.924754980508254,-0.018158516967663775,-0.06459256185967699,-19.50299507684313,0.0025994215157978335,15.409166666666668,1.4861783223243619,1468.6304534252185,Neutral_VeryLowVol
2025-03-03,22514.14285714286,28.57471462418455,-0.018640730331166602,-0.06459256185967699,-20.601123448988044,0.002666847442173646,15.320666666666666,1.5031706337015478,1469.527622197219,Neutral_VeryLowVol
2025-03-04,22395.5,27.285933843955647,-0.019171733358716487,-0.06459256185967699,-21.874347065372273,0.0027283886875282106,15.213166666666666,1.4901240884068325,1472.1129723156478,Neutral_VeryLowVol
2025-03-05,22329.985714285714,26.606305442777185,-0.019741144152847032,-0.06459256185967699,-22.579274553326005,0.0027340151252880614,15.10975,1.485825172745849,1477.8527582710312,Neutral_VeryLowVol
2025-03-06,22328.75,26.59349141971252,-0.020309011693061586,-0.06459256185967699,-22.29429567271772,0.0027413616668416807,15.010916666666668,1.4753172486604742,1487.5007633333516,Neutral_VeryLowVol
2025-03-07,22329.457142857143,26.614235645027037,-0.020834654609439188,-0.06459256185967699,-21.553850203720636,0.0027525209724878225,14.90175,1.4637001633200537,1498.4452928587007,Neutral_VeryLowVol
2025-03-10,22317.350000000002,26.48281707775108,-0.02122948873697629,-0.06459256185967699,-20.378036569953558,0.002628156642661421,14.763666666666667,1.3384455622057263,1511.640062315143,Neutral_VeryLowVol
2025-03-11,22370.664285714283,28.086615461167284,-0.021500338008738504,-0.06459256185967699,-17.714163334686685,0.0026255062851380548,14.626166666666666,1.1757843554727212,1529.4960597363822,Neutral_VeryLowVol
2025-03-12,22420.83571428571,29.569575594985082,-0.02173307760458888,-0.06459256185967699,-15.726205837020744,0.0026719969583005217,14.461166666666665,0.9104829462444536,1550.416797696293,Neutral_VeryLowVol
2025-03-13,22465.77142857143,30.878940511613948,-0.02195805066583326,-0.06459256185967699,-13.95919063850111,0.0027060290482784867,14.324166666666667,0.7495841759144092,1568.3824372730069,Neutral_VeryLowVol
2025-03-17,22490.264285714286,31.589930702898954,-0.02214603390560399,-0.06459256185967699,-12.516258729820407,0.00270475363973976,14.229916666666666,0.6732891739670848,1580.491636918531,Neutral_VeryLowVol
2025-03-18,22531.635714285712,32.78766004931579,-0.02234372986306707,-0.06459256185967699,-11.321794674642389,0.0027376694182322183,14.200416666666666,0.6983268437821899,1586.6883516999417,Neutral_VeryLowVol
2025-03-19,22582.364285714284,34.23568635408287,-0.022467913116318152,-0.06459256185967699,-9.543364051550924,0.0027642268456593224,14.165333333333335,0.716621543620673,1594.1992859832183,Neutral_VeryLowVol
2025-03-20,22686.7,37.09453748849007,-0.022519131794941093,-0.06459256185967699,-7.733222716291063,0.002883608836464263,14.118083333333335,0.7713464166896055,1606.924924889474,Neutral_VeryLowVol
2025-03-21,22808.485714285718,40.20636110323926,-0.0224586526940765,-0.06459256185967699,-5.68471389208277,0.003030657550223491,14.068,0.8209218430602607,1621.3026524229258,Neutral_VeryLowVol
2025-03-24,22978.178571428572,44.15437240259889,-0.022228056558305287,-0.06459256185967699,-2.8024278163234957,0.0032752773982109157,14.052166666666666,0.8233640345151073,1635.2053826642561,Neutral_VeryLowVol
2025-03-25,23150.85714285714,47.75469131249819,-0.02179070648529759,-0.06459256185967699,0.35912465669698046,0.003464026686613081,14.050666666666666,0.8240966667155106,1647.6696581080714,Neutral_VeryLowVol
2025-03-26,23290.585714285717,50.40810320453483,-0.021190313103595364,-0.06459256185967699,2.4630312424651573,0.0035809816617534966,14.018166666666666,0.8272286859449656,1661.4573266322784,Neutral_VeryLowVol
2025-03-27,23383.807142857146,52.0736529906052,-0.020438992348813342,-0.06328964290981187,3.863631210054106,0.003622927056873613,13.965833333333332,0.8211197499012054,1674.3581700237828,Neutral_VeryLowVol
2025-03-28,23471.2,53.572902787421604,-0.019632111815728027,-0.061243854449727575,4.4743977443454925,0.003658950190258292,13.893333333333334,0.8321959767253231,1689.3857965451054,Neutral_VeryLowVol
2025-04-01,23467.635714285716,53.50289136831258,-0.01886342231155891,-0.06106476801118721,3.837839211961252,0.0036485787411572627,13.854166666666666,0.8077990887688248,1693.9045327604729,Neutral_VeryLowVol
2025-04-02,23465.057142857142,53.451061264878774,-0.01809992005387183,-0.06106476801118721,3.3387943032706118,0.003642594208428328,13.811000000000002,0.77766687975104,1699.0121745606502,Neutral_VeryLowVol
2025-04-03,23406.735714285714,52.27628831651697,-0.017379629940660717,-0.06106476801118721,2.1780536476189467,0.0036621161957531875,13.74025,0.6892957269108645,1703.5159996568996,Neutral_VeryLowVol
2025-04-04,23306.52142857143,50.32691602238572,-0.016802244336872496,-0.06106476801118721,-0.5321334485533148,0.0036219760239095226,13.676749999999998,0.5858530289683302,1704.097934711933,Neutral_VeryLowVol
2025-04-07,23117.2,46.93567516397321,-0.016407597083690852,-0.06106476801118721,-3.851255504289631,0.0037625606347289446,13.922416666666667,1.743513407300453,1660.4301216862493,Neutral_VeryLowVol
2025-04-08,22981.342857142852,44.71789858394668,-0.016128255673968916,-0.06106476801118721,-5.982681667172613,0.0038280641827989903,14.114333333333333,2.1086973971253777,1628.2273001777994,Neutral_LowVol
2025-04-09,22821.31428571429,42.30301352084429,-0.015978532306179065,-0.06106476801118721,-8.010091906509853,0.003936558638142205,14.344333333333333,2.4962781721281293,1590.9637454312474,Neutral_LowVol
2025-04-11,22773.149999999998,41.609381209042525,-0.015812376511754607,-0.06106476801118721,-8.328813161627762,0.003942058283317889,14.533333333333333,2.709325317890158,1566.959862385321,Neutral_LowVol
2025-04-15,22772.60714285714,41.60149582624647,-0.015585236428841314,-0.06106476801118721,-7.736852823237445,0.003934659351246578,14.613666666666667,2.720085550547729,1558.3089215248608,Neutral_LowVol
2025-04-16,22799.335714285717,42.155078295349,-0.015319807988490246,-0.06106476801118721,-6.960283908990424,0.003941767832116557,14.699000000000002,2.717931959768443,1551.0807343551066,Neutral_LowVol
2025-04-17,22934.649999999998,44.86865724490373,-0.014900509648798776,-0.06106476801118721,-4.321639971246796,0.004032084223178803,14.751,2.7172391541212106,1554.786116195512,Neutral_LowVol
2025-04-21,23215.214285714286,49.869711329648446,-0.014255776411359661,-0.06106476801118721,-0.16076467370298614,0.004440794700971486,14.809666666666667,2.7141029931583223,1567.5716954498832,Neutral_LowVol
2025-04-22,23448.271428571432,53.46603257055255,-0.01346207708769767,-0.06106476801118721,2.8560386605457984,0.0046672459712096635,14.856333333333334,2.7087081579707277,1578.335037486017,Neutral_LowVol
2025-04-23,23723.95714285714,57.19193200585335,-0.012481057948446126,-0.06106476801118721,5.885284459878054,0.004952859435977241,14.932666666666668,2.7063895447285113,1588.7287697792628,Neutral_LowVol
2025-04-24,23926.55,59.6283023834235,-0.011398898759917446,-0.06106476801118721,8.054953647315973,0.005069142033666427,15.016666666666667,2.7068818214694947,1593.3329633740286,Neutral_LowVol
2025-04-25,24028.092857142856,60.77590427896922,-0.010307911981850059,-0.06106476801118721,9.103746334832794,0.005083674465096539,15.139666666666667,2.717991757787727,1587.095237046799,Neutral_LowVol
2025-04-28,24155.42142857143,62.15929646752819,-0.009149778155393931,-0.06106476801118721,10.47006254280592,0.005105882197547688,15.238,2.7283080521792127,1585.2094388089927,Neutral_LowVol
2025-04-29,24224.60714285714,62.88872739468056,-0.007923896592247277,-0.06106476801118721,11.77736133829891,0.0050632891789539934,15.348,2.746059747698648,1578.3559514501655,Neutral_LowVol
2025-04-30,24254.414285714283,63.20216173827437,-0.00664073719111057,-0.06106476801118721,12.631401891443112,0.005024983892689983,15.499,2.776128971961723,1564.9018830707969,Neutral_LowVol
2025-05-02,24280.05,63.47428142383606,-0.00523551901402327,-0.06106476801118721,13.525815360165643,0.0049806643571996285,15.665,2.78773390854065,1549.9553143951484,Neutral_LowVol
2025-05-05,24298.935714285715,63.677236498078294,-0.0036765419938245636,-0.06106476801118721,15.171165458169574,0.004859955769570427,15.829,2.7958162709107706,1535.0897538875302,Neutral_LowVol
2025-05-06,24317.92142857143,63.88414955705661,-0.0019935618738215113,-0.06106476801118721,16.930812881411498,0.004732057311680526,16.022,2.808605495185461,1517.783137471691,Neutral_LowVol
2025-05-07,24371.5,64.46996952629391,-0.00016082745680205693,-0.06106476801118721,19.242022649528884,0.004585381303311484,16.214,2.8129866322297405,1503.1145923276183,Neutral_LowVol
2025-05-08,24363.68571428571,64.31391914197118,0.0017241373111700105,-0.059357214515994294,20.104988139669057,0.004529962659739721,16.494333333333334,2.85908676441212,1477.0942978974017,Neutral_LowVol
2025-05-09,24316.835714285717,63.37070220645112,0.0035715909658579773,-0.053043227498097534,19.51190263557335,0.0045632164897087815,16.796000000000003,2.908844538940494,1447.775405708842,Neutral_LowVol
2025-05-12,24401.192857142858,64.3366126377178,0.005434788089322803,-0.05291892201567194,20.369977814833515,0.004554761403923147,16.952333333333332,2.8623738440302153,1439.4002511243011,Neutral_LowVol
2025-05-13,24434.285714285714,64.71102919217138,0.007238926655906483,-0.05065642439896367,20.91655475810981,0.004534974960972548,17.104333333333333,2.800827074071226,1428.5435882302174,Neutral_LowVol
2025-05-14,24463.678571428572,65.04533240603655,0.008933215186458055,-0.048527300168020426,20.616668169722573,0.004538108042073892,17.229666666666667,2.715412565762092,1419.8579139524022,Neutral_LowVol
2025-05-15,24561.178571428572,66.13674377227039,0.010589830826102872,-0.04662036387290858,20.997277487248766,0.004546409636580753,17.349333333333334,2.6134531699007333,1415.6842859338633,Neutral_LowVol
2025-05-16,24647.664285714283,67.0721113780875,0.01220890941091509,-0.045580960827933614,21.343943907497408,0.004550272582296707,17.476999999999997,2.4690723512813264,1410.291485135566,Neutral_LowVol
2025-05-19,24743.614285714288,68.07551014104192,0.013810031797768893,-0.04382528207713299,22.00929088894275,0.004552270330674983,17.596333333333334,2.3687032438596223,1406.180129518325,Neutral_LowVol
2025-05-20,24840.17142857143,69.04897336213371,0.015398667638724934,-0.041672514382349535,22.48138423906885,0.004557438620059346,17.718666666666664,2.253576059837143,1401.9210302828335,Neutral_LowVol
2025-05-21,24824.278571428575,68.69535410606774,0.016889305290656954,-0.037244821096274694,21.659470248202503,0.004583547803091067,17.85033333333333,2.1158229561116495,1390.6899164214624,Neutral_LowVol
2025-05-22,24828.757142857143,68.74162181864571,0.01827310766810502,-0.03207660239787158,20.60810225219982,0.004581648036104949,17.967,1.97426398332693,1381.9088964689233,Neutral_LowVol
2025-05-23,24855.364285714284,69.0206166289463,0.019540811139854123,-0.030787147354156885,19.691431928645653,0.004557412384027126,17.783333333333335,1.7541327227992878,1397.6774668630337,Neutral_LowVol
2025-05-26,24846.657142857144,68.81446714656295,0.020613412329720027,-0.030787147354156885,18.10217248108882,0.004492021463712066,17.702666666666666,1.681905596869648,1403.5544819720462,Neutral_LowVol
2025-05-27,24819.0,68.1513278523897,0.02145165842931937,-0.030787147354156885,16.282195578843453,0.004425406791503174,17.606333333333335,1.5376324912542507,1409.6631893826084,Neutral_LowVol
2025-05-28,24791.428571428572,67.48637863998208,0.022109159151758068,-0.030787147354156885,14.671749831340362,0.004392106871375081,17.53666666666667,1.4659616905501829,1413.691041898607,Neutral_LowVol
2025-05-29,24812.81428571429,67.73680577876641,0.022665001120382555,-0.030787147354156885,13.966376937611814,0.004375577899144377,17.546333333333333,1.4572967021717818,1414.1310218116391,Neutral_LowVol
2025-05-30,24803.85,67.51324667686666,0.023141149170829413,-0.030787147354156885,12.993688838966868,0.004369667052076466,17.553333333333335,1.4494501533775725,1413.056399544246,Neutral_LowVol
2025-06-02,24819.12142857143,67.69951373775962,0.02365446718160676,-0.030787147354156885,13.195245854037895,0.004364400882326929,17.60966666666667,1.397602586039959,1409.4032498384274,Neutral_LowVol
2025-06-03,24774.742857142857,66.5620296112198,0.024167839949504086,-0.030787147354156885,12.721520033172773,0.004387392293214092,17.644333333333336,1.3562694354769742,1404.1189536098193,Neutral_LowVol
2025-06-04,24720.321428571428,65.18451492472758,0.024733401659575126,-0.030787147354156885,12.80950365148775,0.004381121155541014,17.66166666666667,1.3273647299957223,1399.6596071664485,Neutral_LowVol
2025-06-05,24709.56428571429,64.91217068313507,0.025464952310122163,-0.030787147354156885,14.015714334492014,0.004295149070607384,17.632333333333335,1.3751305476166038,1401.3780149562897,Neutral_LowVol
2025-06-06,24745.364285714284,65.40552841012442,0.026464389547636528,-0.030787147354156885,17.591681496591125,0.004003645723099672,17.578333333333333,1.4604465149358734,1407.719595280987,Neutral_LowVol
2025-06-09,24783.87857142857,65.93404689647946,0.02765411547965858,-0.030787147354156885,20.585090302220127,0.0038102695477757313,17.496,1.5516211766606884,1416.5454144620812,Neutral_LowVol
2025-06-10,24834.385714285716,66.61995624305925,0.029054143187936424,-0.030418767824744286,24.995718420225053,0.003529010165595984,17.398666666666667,1.6744278144330242,1427.3729240335877,Neutral_VeryLowVol
2025-06-11,24895.071428571428,67.42815392633835,0.030520363759002033,-0.02976383214930889,26.915650681875054,0.0034617946993964945,17.275333333333332,1.8075831326965353,1441.076183493117,Neutral_VeryLowVol
2025-06-12,24944.457142857143,68.0733537725858,0.03197638118357661,-0.028625050517838257,27.70243757991746,0.003442699275326164,17.13533333333333,1.8925456917607357,1455.7322380378057,Neutral_VeryLowVol
2025-06-13,24958.514285714282,68.25691969122707,0.03338384308125295,-0.02285993046797785,27.457485712916572,0.0034490985353569366,17.029333333333334,1.9162875986968553,1465.618987964744,Neutral_VeryLowVol
2025-06-16,24986.457142857143,68.62470611267443,0.03460949195374212,-0.010906375229460585,26.300152856169007,0.00340162275386698,16.912666666666667,1.9401349639034742,1477.3812808658488,Neutral_VeryLowVol
2025-06-17,24965.078571428574,68.00640546792268,0.03547774422992688,-0.005865936959282281,25.006166749166532,0.0030142866340405246,16.759333333333334,1.9512223106932067,1489.622413665733,Neutral_VeryLowVol
2025-06-18,24923.485714285714,66.80534228953364,0.036038039414591556,-0.005865936959282281,22.852298161481894,0.002753051875615371,16.6,1.9520387220579407,1501.4148020654043,Neutral_VeryLowVol
2025-06-19,24879.057142857142,65.5372718747223,0.0362492542678889,-0.005865936959282281,21.642109056812497,0.002249742806687435,16.375,1.8100481037615637,1519.33173391494,Neutral_VeryLowVol
2025-06-20,24874.914285714283,65.41851306412539,0.036218868021019666,-0.005865936959282281,20.67414927946268,0.001917200180185332,16.109666666666666,1.5822495625408497,1544.0986334735428,Neutral_VeryLowVol
2025-06-23,24886.87142857143,65.60302335543261,0.036079591739333235,-0.005865936959282281,19.386888471094757,0.0018435451813262685,15.965,1.5648768817936445,1558.8394255290593,Neutral_VeryLowVol
2025-06-24,24933.40714285714,66.3203207112542,0.03581567831923731,-0.005865936959282281,18.862564030478286,0.0017074825597975015,15.812999999999999,1.561758844910108,1576.7664037726645,Neutral_VeryLowVol
2025-06-25,24976.014285714282,66.96718906101043,0.03546723930373244,-0.005865936959282281,18.450801130701073,0.0016811379364809927,15.670666666666667,1.6215954964240515,1593.8067484289722,Neutral_VeryLowVol
2025-06-26,25075.385714285712,68.41816375382993,0.03510920505900125,-0.005865936959282281,19.285020217541007,0.0017551617797229705,15.527333333333333,1.6983256122008068,1614.9190061151762,Neutral_VeryLowVol
2025-06-27,25193.350000000002,70.0214438867909,0.03475250861464489,-0.005865936959282281,20.237056648773425,0.0018587309628825955,15.388666666666666,1.7798212489350411,1637.1366373521641,Neutral_VeryLowVol
2025-06-30,25296.75,71.32992149928975,0.034366673650768925,-0.005865936959282281,21.329881949432046,0.001925191845805029,15.236333333333333,1.800726832819611,1660.2911899188343,Neutral_VeryLowVol
2025-07-01,25358.09285714286,72.07164125193947,0.03393188071379628,-0.005865936959282281,22.07432039578339,0.0019377204724001895,15.074333333333332,1.8188148534867778,1682.2032720391965,Neutral_VeryLowVol
2025-07-02,25426.87857142857,72.87860246897927,0.03341594078874963,-0.005865936959282281,22.239616493066375,0.001947146903935098,14.904333333333334,1.8177831958531783,1706.0057637440052,Neutral_VeryLowVol
2025-07-03,25478.442857142858,73.4680199994603,0.03290023622618636,-0.005865936959282281,23.587720426919184,0.0019397747576925758,14.741999999999999,1.8176138203699248,1728.2894354322927,Neutral_VeryLowVol
2025-07-04,25509.335714285717,73.81766221198286,0.03244737202244033,-0.005865936959282281,26.14191213045779,0.0018759185437106731,14.576666666666666,1.8043287668410997,1750.0115971382838,Neutral_VeryLowVol
2025-07-07,25496.807142857146,73.41524245157875,0.031905450518766455,-0.005865936959282281,24.1726926492433,0.0018574691045688243,14.394666666666666,1.7183507195569951,1771.2676321918175,Neutral_VeryLowVol
2025-07-08,25480.33571428571,72.87950804187474,0.03131759415096912,-0.005865936959282281,22.80479864378205,0.001877269196410749,14.183333333333334,1.5748242010991436,1796.4984052375353,Neutral_VeryLowVol
2025-07-09,25474.485714285714,72.68629527411636,0.030726570089287638,-0.005865936959282281,21.88587341531711,0.001887915957331354,13.980666666666668,1.4503553270534701,1822.1223866972757,Neutral_VeryLowVol
2025-07-10,25447.83571428571,71.79694450981445,0.030052500058267387,-0.005865936959282281,19.490624554251745,0.0018521696292278795,13.822333333333335,1.4340578628572553,1841.0665623955704,Neutral_VeryLowVol
2025-07-11,25404.471428571425,70.36020507140206,0.029295732824775426,-0.005865936959282281,16.633346634886273,0.0018459919979974665,13.680333333333333,1.4135611261883905,1857.006756309892,Neutral_VeryLowVol
2025-07-14,25358.32857142857,68.85642545428188,0.02843504295005712,-0.005919681505958563,13.665999002447322,0.0018178949546278995,13.507666666666667,1.2843237408317616,1877.3285717811048,Neutral_VeryLowVol
2025-07-15,25320.442857142858,67.63905980977987,0.027482588019089732,-0.007404852061164258,10.940517982312656,0.0017672348943463946,13.338333333333333,1.2001381625442633,1898.3213437817963,Neutral_VeryLowVol
2025-07-16,25284.83571428571,66.5056367214582,0.026556517174488484,-0.008800699575813864,10.400831395248005,0.0017837698945715873,13.187999999999999,1.1697108395990767,1917.2608215260625,Neutral_VeryLowVol
2025-07-17,25226.114285714284,64.67260608088719,0.025652550077911115,-0.01110265793447629,8.712097646930413,0.0018369752681283572,13.06,1.165628437870373,1931.5554583242176,Neutral_VeryLowVol
2025-07-18,25153.585714285717,62.49070727747234,0.02475056971112206,-0.013945874717575357,6.299461680058569,0.0019046504129319555,12.952,1.1652449794222137,1942.061898879379,Neutral_VeryLowVol
2025-07-21,25115.79285714286,61.38391827271833,0.023926875829960077,-0.015427405148871198,5.63174994214877,0.0019233574407858688,12.835666666666668,1.159948522440695,1956.7190009979633,Neutral_VeryLowVol
2025-07-22,25103.085714285717,61.011275185457464,0.02321376385736133,-0.015925542105453272,5.978653520001357,0.0019145280360462486,12.726666666666667,1.1978409696222003,1972.4792337050067,Neutral_VeryLowVol
2025-07-23,25122.742857142857,61.38322328869731,0.02260981497255969,-0.015925542105453272,7.024594476102733,0.0019024679598039667,12.621666666666668,1.2492565605281778,1990.445756541095,Neutral_VeryLowVol
2025-07-24,25103.64285714286,60.8051379519455,0.02202348882447528,-0.015925542105453272,6.142401667707352,0.0019081953460233082,12.511666666666665,1.2670440302974264,2006.4187710517806,Neutral_VeryLowVol
2025-07-25,25050.06428571429,59.20106207228165,0.02146513312117917,-0.018004052857959252,5.106089351081624,0.0019440424378023404,12.385,1.1889715927117699,2022.6131841513354,Neutral_VeryLowVol
2025-07-28,24988.557142857142,57.417617540836055,0.02086036883510976,-0.020415214933916515,3.431774476396091,0.0019892978539023777,12.292333333333335,1.0957116513883591,2032.8571041183234,Neutral_VeryLowVol
2025-07-29,24967.514285714286,56.817020618358555,0.020288785977346662,-0.021240123013787526,3.947852831117047,0.001970936152213019,12.196666666666665,1.0285789773485436,2047.076875024402,Neutral_VeryLowVol
2025-07-30,24933.85,55.85831375394079,0.01972589388800302,-0.02255980793586232,4.4319569316505625,0.0019489753650339865,12.094333333333335,0.964907297077662,2061.614254609596,Neutral_VeryLowVol
2025-07-31,24892.057142857142,54.683439871897285,0.019103041206163192,-0.02419814370481188,3.7501505125706784,0.001969391616065231,12.003666666666668,0.8782996242084774,2073.7044633187475,Neutral_VeryLowVol
2025-08-01,24798.55,52.16561306592196,0.018303579025966413,-0.027863748481998463,1.0464271317639189,0.002053960810823329,11.947333333333335,0.8199997196521346,2075.655655376374,Neutral_VeryLowVol
2025-08-04,24750.071428571428,50.918947803660984,0.01737403186263859,-0.029764173172454944,-0.6611491748872397,0.0020631924311648605,11.878000000000002,0.7176273165905367,2083.6901354244337,Neutral_VeryLowVol
2025-08-05,24723.292857142857,50.23874672713221,0.01630096718799516,-0.030813928906140098,-2.190890895266959,0.002041794190081992,11.813666666666668,0.6361006390408657,2092.7704797107463,Neutral_VeryLowVol
2025-08-06,24708.05,49.84997275789502,0.015136599722048479,-0.03141146924641325,-3.755119983968612,0.0020005719495874027,11.780333333333333,0.5990825360976254,2097.3982060496305,Neutral_VeryLowVol
2025-08-07,24675.914285714283,49.02955826360072,0.013907933582831503,-0.0326712321287419,-5.44690683156942,0.001976467154296911,11.750333333333334,0.5793485243300177,2100.0182365647174,Neutral_VeryLowVol
2025-08-08,24605.664285714283,47.284767271951566,0.012645059171386988,-0.03542512587128488,-7.023526734697044,0.0020128719714819733,11.738333333333335,0.5692831749955589,2096.1804020202426,Neutral_VeryLowVol
2025-08-11,24579.47857142857,46.65009223438305,0.011410340248044692,-0.036451640813853436,-8.138022694475838,0.0020014648388998716,11.719333333333333,0.5418228068498769,2097.344436949932,Neutral_VeryLowVol
2025-08-12,24568.342857142856,46.37857549729985,0.010333246735911877,-0.03688817567350011,-7.9451350637428595,0.0020001707682103017,11.709333333333335,0.5289608116198927,2098.1845983667886,Neutral_VeryLowVol
2025-08-13,24553.571428571428,46.01421114285722,0.009407940229159684,-0.037467235384692654,-7.458561651106508,0.0019899274301167507,11.699,0.5168828987635142,2098.775231094233,Neutral_VeryLowVol
2025-08-14,24550.964285714286,45.94886334355828,0.008664532083120333,-0.03756943886369901,-6.670246232346345,0.001977065199708059,11.698,0.5155271824664142,2098.7317734411254,Neutral_VeryLowVol
2025-08-18,24594.214285714286,47.22410146607675,0.008048619798370632,-0.03756943886369901,-5.629655800296101,0.002004467305791525,11.698666666666666,0.5163715137665666,2102.309176462926,Neutral_VeryLowVol
2025-08-19,24649.14285714286,48.79766330111822,0.007499068506268805,-0.03756943886369901,-4.681625142309593,0.0020403958881203997,11.673,0.4905742588517725,2111.6373560475336,Neutral_VeryLowVol
2025-08-20,24747.321428571428,51.45128903174847,0.007015764695547714,-0.03756943886369901,-3.5169617807507976,0.002122089791894346,11.659333333333334,0.48100421772678287,2122.5331432818994,Neutral_VeryLowVol
2025-08-21,24818.564285714285,53.254352731944486,0.006560071970939009,-0.03756943886369901,-2.9230810219393066,0.002156645073032188,11.640333333333334,0.48079304697830055,2132.118005129946,Neutral_VeryLowVol
