Date,NIR,RV,KER,ADX,Close,CCI,VIX,VIX_Change,NIR_VIX,VIX_smooth,VIX_ADX,micro_regime
2019-03-05,0.01637593777326238,0.014977125590693844,6353.056390252968,37.541769576128104,10987.45,2.2515632687562666,15.6575,-0.03794162826420877,0.0866359446472283,16.647321137959946,587.8102571382258,Elevated_Vol
2019-03-06,0.005774770306116629,0.013122158343360632,1175.153538062423,58.13987875031371,11053.0,3.0493208128116254,15.61,-0.0030336899249561178,0.09244770870672346,16.30154742530663,907.563507292397,Elevated_Vol
2019-03-07,0.005604813172889067,0.011408594194288198,1106.6822271151557,67.09564664546934,11058.2,2.5833845888814726,15.2925,-0.020339525944907066,0.08808456112230328,15.965198283537754,1026.06017632584,Elevated_Vol
2019-03-08,0.0036217467580585494,0.011911411430443468,405.9689750996009,40.84923407466601,11035.4,1.8625681819404765,14.94,-0.023050514958313006,0.16298839289652545,15.623465522358504,610.2875570755101,Elevated_Vol
2019-03-11,0.010969244431546621,0.01414730120455165,6823.477959061127,54.733151536629244,11168.05,2.234616567144431,14.895,-0.003012048192771122,0.11445783124868959,15.380643681572337,815.2502921380925,Elevated_Vol
2019-03-12,0.008363143073313246,0.014418902070359226,2686.0591988102137,72.9616825101422,11301.2,2.673813102091235,15.0975,0.013595166163141936,0.09113796569913529,15.28626245438156,1101.5390016968718,Elevated_Vol
2019-03-13,0.006698403709334577,0.014552612698408133,563.0935225650878,81.19394993759349,11341.7,2.333924842574848,15.2775,0.011922503725782407,0.218248054169069,15.283341636254374,1240.4405701715846,Elevated_Vol
2019-03-14,0.006145463202160105,0.014691014044800969,2509.1467691648995,68.02686817571734,11343.25,2.040089325852716,15.15,-0.008345606283750584,0.1152020945081316,15.238894424169583,1030.6070528621178,Elevated_Vol
2019-03-15,0.010243977695977633,0.011637643474928603,4508.409411506123,57.61715372444712,11426.85,2.0904636567245407,15.865,0.04719471947194709,0.30016501630352127,15.447596282779724,914.0961438383536,Elevated_Vol
2019-03-18,0.01029592582381817,0.010160230809386347,1099.0268878373154,53.714889759779126,11462.2,1.8527973316858481,16.9,0.06523794516230685,0.1840529466220908,15.931730855186483,907.7816369402672,Elevated_Vol
2019-03-19,0.008078728341847077,0.006301952752036858,1935.121989428923,45.310734461996766,11532.4,1.716445635659263,16.4925,-0.0241124260355029,0.15547337268906888,16.118653903457655,747.2872881144816,Elevated_Vol
2019-03-20,0.004595747632752422,0.008126418473767664,3165.9641377756166,26.248812914482613,11521.05,1.5309100541823706,16.0325,-0.027891465817796002,0.12172199477233775,16.089935935638437,420.8340930514425,Elevated_Vol
2019-03-22,0.011999774326114373,0.011896699243069714,7281.051009173513,15.007926721331517,11456.9,1.2029898689793437,16.275,0.015125526274754497,0.25760174629184357,16.15162395709229,244.25400738967042,Elevated_Vol
2019-03-25,0.007336190417994912,0.013757028427235727,2668.9137457247193,53.26103104878154,11354.25,0.42721465516036955,16.6725,0.024423963133640703,0.17019969267576054,16.325249304728196,887.9945401608102,Elevated_Vol
2019-03-26,0.012708897549364526,0.018643317625028064,4173.56634281941,21.128900315037292,11483.25,0.8591210265774083,16.485,-0.01124606387764282,0.06927575344472886,16.378499536485464,348.30992169338975,Elevated_Vol
2019-03-27,0.011599503624834844,0.01736423725042033,3653.640758758182,6.527909176761927,11445.05,0.9310869735812075,17.0475,0.034121929026387665,0.17455262349132383,16.60149969099031,111.28453169084895,Elevated_Vol
2019-03-28,0.011887235092889975,0.02140970413481228,4153.426866058448,45.81304192788187,11570.0,1.3320089877316943,16.6525,-0.023170552866989325,0.0928288604822825,16.618499793993543,762.9016807040529,Elevated_Vol
2019-04-01,0.008068280034565226,0.02074064482098193,173.14268252155594,54.266441820027595,11669.15,2.561440518859172,18.005,0.04771603142275249,0.06022694206562297,17.20655546399713,977.0672849695968,Elevated_Vol
2019-04-02,0.006298659285375285,0.013744442271032362,70.93149591798341,49.837683416443404,11713.2,2.5534765088758116,18.0825,0.004304359900027865,0.06178839207898435,17.498536975998086,901.1899103778378,Elevated_Vol
2019-04-03,0.011256531093116124,0.01633885608700175,5003.661524603224,48.5339402852179,11643.95,1.9410950317803466,18.7825,0.03871146135766623,0.08806857453998702,17.926524650665392,911.5887334071052,Elevated_Vol
2019-04-04,0.00887585398425017,0.016638526086443943,4562.355184045232,12.406867508506227,11598.0,0.9956077323977529,18.65,-0.00705443897244773,0.057234127481839904,18.167683100443597,231.38807903364113,Elevated_Vol
2019-04-05,0.006910674254175765,0.014080645109033488,1752.8603759245914,3.4266483095169953,11665.95,1.293084422458048,18.3925,-0.013806970509383398,0.12399463800322004,18.242622066962397,63.02462903279133,Elevated_Vol
2019-04-08,0.013817991676619625,0.012288957359168635,6624.647301847747,28.98652442366658,11604.5,0.7638500947914166,20.1525,0.09569117846948494,0.11227402467730113,18.8792480446416,584.1509334479407,Elevated_Vol
2019-04-09,0.009841009953026886,0.013416158750715631,3536.2921929034637,9.072333469307253,11671.95,0.8517861632608416,20.28,0.006326758466691507,0.20406897397143337,19.3461653630944,183.9869227575511,Elevated_Vol
2019-04-10,0.009278655237548693,0.014261647865814416,3364.832898882034,15.741464685542336,11584.3,0.4471033376259692,21.13,0.041913214990138004,0.12721893484851146,19.940776908729603,332.61714880550954,Elevated_Vol
2019-04-11,0.004847077510074237,0.013847059466450675,288.3490102993565,7.608110532653846,11596.7,0.09369003340443616,20.9575,-0.008163748225272105,0.0912210127348693,20.279684605819735,159.446976488093,Elevated_Vol
2019-04-12,0.006773478662027417,0.012972348551018262,2426.4146244158605,12.119341563286731,11643.45,0.5124560131368214,20.9975,0.0019086245973993776,0.12537277818185708,20.518956403879827,254.47587447511313,Elevated_Vol
2019-04-15,0.004839630865418065,0.011871666940016502,2557.5701724859223,39.162624455492356,11690.35,1.2151986321595052,21.3875,0.018573639719014157,0.16573401587534978,20.808470935919885,837.5906305418428,Elevated_Vol
2019-04-16,0.0067919266745592325,0.013180175190158091,3118.176352714859,78.4671532816567,11787.15,2.6315420043407944,21.6925,0.014260666277031042,0.1034482758137005,21.103147290613258,1702.148722562338,Elevated_Vol
2019-04-18,0.009981208349762226,0.009263671354711893,6789.269873187941,66.39946559564447,11752.8,2.425514402826339,22.735,0.04805808459144867,0.2095194190574995,21.647098193742174,1509.5918503169771,Elevated_Vol
2019-04-22,0.012175821931784493,0.01907434551437345,5375.402699995596,0.7369196757372407,11594.45,-0.608868704638184,24.05,0.05784033428634272,0.1827578622464228,22.44806546249478,17.72291820148064,Elevated_Vol
2019-04-23,0.006999038332989616,0.01840239965956065,2057.47855355981,34.95172038528676,11575.95,-1.2880376139691483,24.645,0.024740124740124658,0.1471933471321441,23.180376974996523,861.3851488953923,Elevated_Vol
2019-04-24,0.013994531766279229,0.023112443066907427,4444.775185803115,18.992528319619645,11726.15,0.5723260671375449,23.7125,-0.037837289511057026,0.06816798536491459,23.35775131666435,450.3603277789808,Elevated_Vol
2019-04-25,0.014706446702443143,0.02187736393958706,4314.4439733000645,31.457586618124605,11641.8,0.6678712672280572,23.2325,-0.02024248813916696,0.11839746963905225,23.316000877776233,730.83838110558,Elevated_Vol
2019-04-26,0.008688518957542026,0.024952665482577543,2374.252561230857,32.89344530411379,11754.65,1.242344679636462,21.7175,-0.06521037339933289,0.10889917137247415,22.783167251850823,714.3633983920913,Elevated_Vol
2019-04-30,0.008537047040951026,0.018754811339349767,34.404014632961584,12.706270626739897,11748.15,0.9580580420761937,21.8275,0.005065039714515995,0.09278231836409226,22.464611501233883,277.34612210516514,Elevated_Vol
2019-05-02,0.007639500687335759,0.018871156117284613,65.3685357795429,8.740359896891006,11724.75,1.1315568407039516,22.9825,0.05291490092772877,0.0686061161064685,22.63724100082259,200.87532133029757,Elevated_Vol
2019-05-03,0.006102475532522079,0.013732768700726771,2866.3163108874173,10.319128606523265,11712.25,0.8218716287552958,24.0325,0.0456869357119547,0.13292722718027747,23.10232733388173,247.99445823627033,Elevated_Vol
2019-05-06,0.0052252982987851734,0.015469622798837497,590.2434292157461,31.485771011532563,11598.25,-1.5329053677282243,26.4325,0.09986476646208264,0.3368355350725745,24.212384889254487,832.2476422623345,Elevated_Vol
2019-05-07,0.014881555407052764,0.009889378782818564,7896.483290663225,55.86287494985422,11497.9,-2.3578347437749216,26.4775,0.0017024496358648555,0.14064125597630134,24.967423259502993,1479.1092714847653,Elevated_Vol
2019-05-08,0.01149340314317264,0.010923022250921975,3919.2286665748406,75.8746904924996,11359.45,-3.4425224498546423,26.365,-0.004248890567462915,0.14276272301283618,25.433282173002,2000.4362148347518,Elevated_Vol
2019-05-09,0.009027725814182095,0.009620331806280576,799.4232884425052,73.91050356177377,11301.8,-3.1244585694986635,25.485,-0.03337758391807322,0.1141665085855618,25.450521448668,1883.6091832718043,Elevated_Vol
2019-05-10,0.008383620308262061,0.008858721864992172,1841.4392935490935,66.6666666647628,11278.9,-2.4703603572381856,26.335,0.03335295271728467,0.07808514809570911,25.745347632445334,1755.6666666165283,Elevated_Vol
2019-05-13,0.015480233001431483,0.009604457574318236,5912.469225843524,59.22408026597375,11148.2,-2.4102854753534886,27.3825,0.03977596354661106,0.16517941896139005,26.29106508829689,1621.7033778830262,Elevated_Vol
2019-05-14,0.016724673041372908,0.017204570148214225,3478.4957757069906,32.196138656599395,11222.05,-1.789586295044972,27.1325,-0.009129918743723153,0.19611065454355497,26.571543392197928,873.5617321001831,Elevated_Vol
2019-05-15,0.013353175221983952,0.014908903275646184,4777.36900758107,27.940888627364654,11157.0,-1.514580711255602,28.6575,0.05620565742191097,0.21754353626921824,27.266862261465285,800.7160158387026,Elevated_Vol
2019-05-16,0.012386842341119928,0.019152565288459062,3587.627608460292,3.645943097921299,11257.1,-1.1507631310832243,28.37,-0.010032277763238118,0.19349210496606756,27.63457484097686,103.43540568802726,Elevated_Vol
2019-05-17,0.014772898881581538,0.023539697259029428,5169.417204655904,31.63421570703084,11407.15,-0.4091601440880961,28.075,-0.010398308071907003,0.13165315469451785,27.78138322731791,888.1306059748908,Elevated_Vol
2019-05-20,0.022222904055770088,0.03495232942180214,2978.0417901759406,75.62726418790277,11828.25,1.5347450636193212,23.675,-0.15672306322350837,0.29617097050893276,26.41258881821194,1790.4754796485981,Elevated_Vol
2019-05-21,0.016972079555287574,0.04153615852499345,2562.246584541941,74.51878442687972,11709.1,1.514517444253795,25.6525,0.08352692713833143,0.3319957759949331,26.159225878807963,1911.593117510532,Elevated_Vol
2019-05-22,0.0087453348250431,0.03866304757124346,201.2197753953495,61.65677280003155,11737.9,1.4018959811134293,27.6325,0.07718545950687061,0.4343631223333543,26.650317252538645,1703.7307743968718,Elevated_Vol
2019-05-23,0.03634806907535727,0.042424538099257905,12576.643529739533,40.326116743760885,11657.05,1.5362893279577658,19.405,-0.2977472179498778,0.31394191610822697,24.235211501692433,782.52829541268,Elevated_Vol
2019-05-24,0.017234205909713633,0.04300232882615846,3784.4086873844717,35.013679890081995,11844.1,1.4439098881529902,16.4675,-0.15137851069312036,0.2531564028584611,21.645974334461624,576.5877735899253,Elevated_Vol
2019-05-27,0.012221274727491137,0.023581034260972654,2328.252672894684,45.83952931989602,11924.75,1.621240522403377,16.19,-0.01685137391832392,0.23409746456104602,19.827316222974417,742.1419796891166,Elevated_Vol
2019-05-28,0.00785341411768977,0.01894211936514225,1276.3666762315368,22.607017144938908,11928.75,1.4165125987904625,15.9225,-0.01652254478072901,0.07164916610769034,18.52571081531628,359.96023049028975,Elevated_Vol
2019-05-29,0.00797233574347024,0.021241327975431032,3487.850345842626,21.424287855429228,11861.1,1.1067645536057669,16.4075,0.030460040822735124,0.1274925419202434,17.81964054354419,351.51900298795505,Elevated_Vol
2019-05-30,0.009202350540835808,0.018218112717992285,6126.463304058945,3.340046995523638,11945.9,1.1475708456957145,15.61,-0.0486058205089136,0.09477373146745467,17.083093695696128,52.138133600123986,Normal
2019-05-31,0.017562510987018446,0.012477253468255553,5218.809907444937,19.140200458419542,11922.8,1.0970575707641779,16.0675,0.029308135810377944,0.16639974364740578,16.744562463797422,307.53517086565597,Normal
2019-06-03,0.01534454993792108,0.0174070334673896,5864.672716543133,34.10041840936249,12088.55,1.556970989078769,15.9675,-0.006223743581764363,0.13427726769299703,16.485541642531615,544.4984309514955,Normal
2019-06-04,0.007391291759551514,0.019312740254369902,1450.6435298045164,27.898776186934356,12021.65,1.5935521529239494,15.6275,-0.02129325191795839,0.08141537492944075,16.199527761687744,435.98812486131663,Normal
2019-06-06,0.017431051477943955,0.024935888444153714,5726.694336121124,23.202241360938302,11843.75,0.5709891610295844,15.525,-0.0065589505679091165,0.12478003511452251,15.974685174458497,360.21479712856717,Normal
2019-06-07,0.010807387862787707,0.02356781040053072,241.11081926417864,55.364253922338754,11870.65,-0.29898120267160333,14.8575,-0.04299516908212564,0.13542673099167366,15.602290116305664,822.574402651148,Normal
2019-06-10,0.008702135097902158,0.02416751480143852,568.6501598915911,35.93166647729569,11922.7,0.5527380389217323,14.975,0.007908463738852456,0.13494867902746183,15.393193410870442,538.076705497503,Normal
2019-06-11,0.008051867446125413,0.018256296933420665,560.7462523068552,12.819732033714505,11965.6,0.9072630889492427,14.49,-0.03238731218697821,0.09983305502515316,15.092128940580295,185.7579171685232,Normal
2019-06-12,0.0080313565554523,0.018127435817527706,4344.574359677194,21.641915567440762,11906.2,0.05117925588019823,14.1225,-0.025362318840579712,0.09661835742124339,14.768919293720197,305.6379526011822,Normal
2019-06-13,0.00960004031512196,0.008316481967608657,4353.842393213239,20.02907446228295,11914.05,-0.6738176628984589,13.66,-0.03274915914321119,0.07187112758231823,14.3992795291468,273.59715715478507,Normal
2019-06-14,0.009581124806417953,0.011841015041296907,6555.585086390128,32.3279781742246,11823.3,-1.893692398495349,13.895,0.017203513909223922,0.10797950211714528,14.231186352764533,449.19725673085077,Normal
2019-06-17,0.01575702215116268,0.014593191492356664,8159.838275345534,50.029979612662885,11672.15,-3.4836659910492793,14.65,0.05433609211946755,0.10363440078903614,14.370790901843023,732.9392013255112,Normal
2019-06-18,0.007372249328523654,0.013371349705217426,655.0632574284291,45.25340879739511,11691.5,-2.9443468866333884,14.6,-0.0034129692832765013,0.22064846401320923,14.447193934562016,660.6997684419686,Normal
2019-06-19,0.015173416584685274,0.014106643389546881,3668.7955949751235,18.065591995151806,11691.45,-2.050691853662174,14.73,0.008904109589041198,0.30890410937746304,14.541462623041346,266.1061700885861,Normal
2019-06-20,0.017829268396975774,0.021186681780636166,13035.871233008274,21.12735749054585,11831.75,-1.0885434355435293,14.0,-0.04955872369314329,0.15970807864242487,14.360975082027565,295.7830048676419,Normal
2019-06-21,0.010383079426111651,0.021777992292087697,4904.536981874968,22.692682926386343,11724.1,-1.0955027347927682,14.61,0.043571428571428594,0.30214285692704085,14.443983388018378,331.5400975545045,Normal
2019-06-24,0.00714767018363267,0.01705372189359563,1127.92912634042,1.4561947958593322,11699.65,-1.3467009367955376,15.2225,0.0419233401779604,0.2607802872958382,14.703488925345587,22.166925279968684,Normal
2019-06-25,0.013966229758997917,0.018810893708131746,5933.41108477057,6.8209174800904115,11796.45,-0.7002176045585596,15.01,-0.013959599277385437,0.043192642441653745,14.805659283563724,102.38197137615708,Normal
2019-06-26,0.009689355695985164,0.018785805874723366,5404.661655849551,22.94605809065176,11847.55,0.23991216027671078,14.75,-0.017321785476349105,0.05363091268911996,14.787106189042483,338.4543568371135,Normal
2019-06-27,0.007604947858411597,0.014766451537039572,1471.933288060714,42.727025556206215,11841.55,0.6352419451349092,14.645,-0.007118644067796609,0.08406779655317427,14.739737459361656,625.73728927064,Normal
2019-06-28,0.008123936477903609,0.011480500451269708,7783.662493710618,17.032601463172682,11788.85,0.17151625938850953,14.9525,0.020996927278934763,0.07357459878895559,14.810658306241105,254.67997337808953,Normal
2019-07-01,0.004567875577342547,0.0117031824488391,2241.162365466281,2.3750443104435988,11865.6,1.051446825733931,14.6025,-0.023407456946998972,0.03661595048545995,14.741272204160738,34.68158454325265,Normal
2019-07-02,0.008659486245947394,0.009796048099195364,1357.9555563696838,0.06785411365358485,11910.3,1.4551556997898911,14.25,-0.02413970210580374,0.055298750176135024,14.577514802773827,0.9669211195635841,Normal
2019-07-03,0.004882328740665863,0.009358135497776726,1423.4033806642653,28.63264510990905,11916.75,1.9313875131934652,13.695,-0.03894736842105262,0.05614035083779629,14.283343201849219,392.1240747802044,Normal
2019-07-04,0.003826546667502641,0.009166608111909131,2629.5683005302894,39.643861291488,11946.75,2.0549300007140174,13.53,-0.012048192771084376,0.04983570642582284,14.032228801232813,536.3814432738326,Normal
2019-07-05,0.0153891225647014,0.015461630990217438,10659.71546668266,25.110356535649995,11811.15,0.7763684681693558,13.065,-0.03436807095343675,0.09608277893859371,13.709819200821876,328.06680813826716,Normal
2019-07-08,0.02104790812069865,0.024306082297280714,6008.479949338468,71.78557802228576,11558.6,-2.5096670341639298,13.8525,0.06027554535017221,0.14810562560420545,13.757379467214585,994.4097195537134,Normal
2019-07-09,0.010515979443868124,0.022743997738004982,737.1162223344255,77.98567214364957,11555.9,-2.9258481232566904,13.6875,-0.011911207363291765,0.06262407503149328,13.734086311476391,1067.4288874662034,Normal
2019-07-10,0.010215560882311108,0.02140061414760411,1403.093221922638,61.75940847356561,11498.9,-2.316738697114867,13.635,-0.003835616438356171,0.11452054786153755,13.701057540984262,842.089534537067,Normal
2019-07-11,0.006913704789147732,0.02440766813500208,1719.9636006469468,13.497203414379959,11582.9,-1.5698338880097902,12.47,-0.08544187752108534,0.10689402265721007,13.290705027322842,168.3101265773181,Normal
2019-07-12,0.00871543395867285,0.02361670963362745,3273.413721429916,17.86273895274637,11552.5,-1.3013474207495235,11.9975,-0.03789093825180434,0.08019246184427227,12.859636684881895,214.30821058557459,Normal
2019-07-15,0.007452932265736925,0.010775913175601622,2025.6521845768864,13.773289221180628,11588.35,-1.076529656939337,12.02,0.0018753907063970843,0.1562825587361679,12.579757789921263,165.55493643859114,Normal
2019-07-16,0.008292811314804575,0.012151216053121137,5434.652725524648,30.337277060556154,11662.6,-0.6049765979117833,11.56,-0.038269550748752046,0.07965890176401086,12.239838526614177,350.69892282002917,Normal
2019-07-17,0.00475880163942452,0.008816597332084874,1438.316242705273,34.47623054125017,11687.5,-0.22571633407422304,11.8,0.02076124567474058,0.23767301017502337,12.093225684409452,406.819520386752,Normal
2019-07-18,0.008106951871650817,0.012344001460295975,4829.936948507963,7.596416049567761,11596.9,-0.5882358733062178,11.75,-0.00423728813559332,0.23389830488652683,11.978817122939635,89.25788858242119,Normal
2019-07-19,0.02078572722018757,0.020121224856283055,8279.88615952798,53.5914353279323,11419.25,-1.4200139160159269,12.515,0.06510638297872351,0.1772340424023541,12.157544748626425,670.6968131290728,Normal
2019-07-22,0.008485671125504282,0.019161022516105543,1583.0880310813443,75.38511256974255,11346.2,-2.315718506777298,13.01,0.039552536955653084,0.14702357159646537,12.441696499084284,980.7603145323505,Normal
2019-07-23,0.008403694629031422,0.014901742933475586,1787.3333275361188,61.87279929441273,11331.05,-2.1989100896872356,13.4275,0.03209069946195231,0.16833205213809985,12.77029766605619,830.7970125257269,Normal
2019-07-24,0.01146848703340697,0.011454819850580736,3932.959718454024,49.82522574862109,11271.3,-2.390726925607811,12.76,-0.04971141314466587,0.19605287641329147,12.766865110704128,635.7698805524051,Normal
2019-07-25,0.01082838714255596,0.012638407135361624,4604.33673690978,20.54124082278571,11252.15,-1.9899000074543836,12.635,-0.009796238244514144,0.12166927890151312,12.722910073802753,259.5385777958974,Normal
2019-07-26,0.00866945428206293,0.008176986112906235,3748.969273801052,28.794163924223064,11284.3,-1.7117309496578408,12.1325,-0.03977047882865059,0.10981400861906299,12.526106715868504,349.3451938106363,Normal
2019-07-29,0.014050494935428922,0.009562008871364545,9111.29410232358,22.557186301135804,11189.2,-1.6832074403189443,13.0625,0.07665361631980216,0.12322274871360177,12.70490447724567,294.65324605858643,Normal
2019-07-30,0.01740964501482027,0.011220721440129054,6239.761671988559,36.97050343674927,11085.4,-1.7958770502801475,13.6125,0.04210526315789487,0.10468899513516629,13.00743631816378,503.26097803274945,Normal
2019-07-31,0.013161455608265649,0.013217481235030326,4066.3094601327134,42.19328993405699,11118.0,-1.8085116112465405,13.59,-0.0016528925619835322,0.08301193749641002,13.201624212109188,573.4068102038345,Normal
2019-08-01,0.01760658391795502,0.016189566281827012,3256.201944848841,46.97940107240806,10980.0,-2.132535876716557,14.5575,0.07119205298013243,0.1477189108552472,13.653582808072793,683.9026311115803,Normal
2019-08-02,0.021056466302348663,0.015462281109435075,3959.661621676234,36.42729197139826,10997.35,-1.88169329958611,15.1875,0.043276661514683123,0.1183238879489445,14.164888538715196,553.2394968156111,Normal
2019-08-05,0.010293388861852716,0.01689245652874939,1264.9830026705595,31.744637235057493,10862.6,-2.230096677278362,16.585,0.09201646090534976,0.1733333332192044,14.971592359143465,526.4848085434286,Normal
2019-08-06,0.018849078489478716,0.02084038709145738,6117.05698397348,3.7421238665477468,10948.25,-1.5378957979249457,16.12,-0.028037383177570097,0.07190232133138243,15.354394906095644,60.323036728749685,Normal
2019-08-07,0.01276459708171373,0.020265891147790524,3586.22286221889,10.084935180865648,10855.5,-1.5225511955219317,16.74,0.038461538461538325,0.0728908188133432,15.816263270730431,168.82181492769092,Normal
2019-08-08,0.019814840403463718,0.02615329434909774,4080.2854409627976,36.66011436675021,11032.45,-0.8534810149934132,16.0925,-0.038679808841099006,0.07317801668268924,15.908342180486954,589.9528904469278,Elevated_Vol
2019-08-09,0.010754637455859205,0.026853108890015305,684.614252211742,40.8454897282757,11109.65,0.15612959792509606,15.845,-0.0153798353270157,0.07052974983965847,15.887228120324638,647.1967847445285,Elevated_Vol
2019-08-13,0.021989891670734844,0.029889694152624047,5359.892434086952,7.330703484429531,10925.85,-0.6133340671367733,17.7775,0.12196276427895225,0.1822341431478484,16.51731874688309,130.321581194446,Elevated_Vol
2019-08-14,0.013047039818400288,0.030371274684690936,791.9623094115552,6.928152492541191,11029.4,-0.31894217636268346,16.3575,-0.07987624806637594,0.09379834054630949,16.464045831255397,113.32725439674255,Elevated_Vol
2019-08-16,0.01308774729358528,0.027769327821266346,149.87372239763147,31.888344578391997,11047.8,-0.19069859634529163,16.6475,0.017728870548678,0.08772734214413726,16.525197220836933,530.8612163687808,Elevated_Vol
2019-08-19,0.00987074349643373,0.02276678267775082,3496.3396811891234,16.50234163134061,11053.9,0.7742985382042453,16.7475,0.006006907944135609,0.1390599188232106,16.599298147224623,276.37296647087686,Normal
2019-08-20,0.008232388568732997,0.02134150057574617,8437.35672707804,4.1811846688675125,11017.0,0.3344388134816887,16.6325,-0.006866696521868887,0.11882370495965137,16.610365431483082,69.5435540049389,Normal
2019-08-21,0.011577561949703668,0.015149418878982784,7761.697596697514,16.163003662510487,10918.7,-0.6831975794428108,17.0225,0.02344806854050807,0.20006012313238533,16.74774362098872,275.1347298450848,Normal
2019-08-22,0.017396759687492717,0.016564686507433764,5751.9153767028065,76.27401837746073,10741.35,-2.8439847255544657,17.8525,0.04875899544720208,0.21324717273417693,17.115995747325815,1361.6819130836177,Elevated_Vol
2019-08-23,0.020984326923504937,0.020734214870287565,3889.621786521989,62.9167796139345,10829.35,-2.274080004545589,17.3475,-0.0282873547122251,0.25542641072374933,17.193163831550546,1091.4488343527287,Elevated_Vol
2019-08-26,0.02897219131339464,0.032916393482310694,1263.8493371626107,8.349672097784456,11057.85,0.0898285634383027,16.655,-0.039919296728635145,0.3138780802341098,17.013775887700366,139.06378878860014,Elevated_Vol
2019-08-27,0.00834248972448682,0.03278786213974949,35.72672024268003,31.366803927282945,11105.35,1.6402766794543109,16.01,-0.0387271089762834,0.14485139589021226,16.67918392513358,502.1825308758,Elevated_Vol
2019-08-28,0.012786629867574829,0.03150848744131859,1796.235718133667,39.66240875840039,11046.1,0.9388379069536101,16.835,0.051530293566520946,0.20331043085364747,16.73112261675572,667.7166514476705,Elevated_Vol
2019-08-29,0.00893528032517462,0.02651351377718956,2583.2215446612963,15.54686408672855,10948.3,-0.32323513720068925,16.425,-0.02435402435402434,0.21220671208066125,16.629081744503814,255.35724262451646,Normal
2019-08-30,0.015326580382328564,0.026272778465090112,1685.2951107177828,40.29988465881661,11023.25,-0.09792418771186356,16.2825,-0.008675799086758085,0.13302891924929747,16.51355449633588,656.1828719571814,Normal
2019-09-03,0.0176717392783274,0.024488031759825953,4511.274510156792,39.65501337441804,10797.9,-1.650668062371589,18.055,0.10885920466758803,0.12206356510237157,17.02736966422392,715.9712664751177,Normal
2019-09-04,0.010409431463515641,0.024503638542010906,1715.7665020324043,33.170042392215215,10844.65,-1.6318213371372507,17.235,-0.04541678205483246,0.06549432286596811,17.09657977614928,571.6856806298292,Normal
2019-09-05,0.009599203293781207,0.02496217605830324,520.4927208618176,14.366770152780639,10847.9,-0.9193426299054046,17.2725,0.0021758050478677404,0.09544531471108479,17.155219850766187,248.1500374639036,Normal
2019-09-06,0.008259663160603982,0.026592631319183983,4557.770550412141,22.09427299179781,10946.2,-0.16373214193900154,16.275,-0.0577507598784196,0.080330004295655,16.861813233844124,359.5842929415093,Normal
2019-09-09,0.012703038497366578,0.026109348339240005,4558.5891634724185,48.28271359499619,11003.05,0.5350581443330895,15.8525,-0.02596006144393237,0.18294930864334907,16.52537548922942,765.401717264677,Normal
2019-09-11,0.003921639908930743,0.0071786545289447235,418.05500809499057,44.90748457926582,11035.7,1.2604471186492157,15.3725,-0.030279135782999456,0.07601324707395464,16.14108365948628,690.3403066947639,Normal
2019-09-12,0.010583832470970887,0.011648807055890203,5828.096957061098,16.596228868121393,10982.8,0.8776877966018984,14.9,-0.030736705155309796,0.049764189266700835,15.727389106324189,247.28381013500876,Normal
2019-09-13,0.012628837819123943,0.012515792201578698,5487.198601872401,13.002441008527416,11075.9,1.0751724928590418,14.12,-0.05234899328859066,0.08775167779345532,15.19159273754946,183.5944670404071,Normal
2019-09-16,0.007629176861467123,0.01447880884231917,436.71099225984864,18.14427312725369,11003.5,0.6179788299496162,14.9525,0.058958923512747896,0.08427762033691383,15.111895158366307,271.30224393526083,Normal
2019-09-17,0.018503203526133986,0.021664486611214902,5719.525663715931,42.10410233696321,10817.6,-1.2921897377899532,16.0175,0.07122554756729627,0.2026416985770663,15.413763438910872,674.4024591823081,Normal
2019-09-18,0.0074230883005403266,0.02137345800045705,1257.7196134045132,43.468354429279664,10840.65,-1.4007271351754895,15.3525,-0.04151709068206644,0.1425003901092553,15.39334229260725,667.347911375516,Normal
2019-09-19,0.01613833118861317,0.02326523980372531,4449.09808320813,66.26284477952943,10704.8,-2.3026878893513465,15.55,0.012864354339684247,0.11643054869472035,15.445561528404834,1030.3872363216826,Normal
2019-09-20,0.0645411404229275,0.0636796149202092,7772.636372874874,42.49854674161062,11274.2,2.040449527529085,15.4,-0.009646302250803873,0.20691318314667967,15.43037435226989,654.4776198208035,Elevated_Vol
2019-09-23,0.0198240229905272,0.06625287949760673,607.5769683319271,55.58103381223796,11600.2,4.590270997461189,16.7925,0.0904220779220779,0.2227272725826446,15.884416234846595,933.344510292006,Elevated_Vol
2019-09-24,0.00998689677763303,0.05946807684782723,30.06934812156228,69.22356200041379,11588.2,3.2401485586004646,16.7325,-0.003573023671281761,0.15691528947034955,16.167110823231063,1158.283251171924,Elevated_Vol
2019-09-25,0.012844962979571625,0.06485164761711983,2917.7233896240227,26.79226644049133,11440.2,1.8963853248256741,16.17,-0.03361721201255041,0.19796802617781678,16.168073882154044,433.23094834274485,Elevated_Vol
2019-09-26,0.012630898061211664,0.0579725209462791,4012.7590793479,16.833842127849454,11571.2,1.7414699795139676,16.3425,0.010667903525046318,0.20841063685317837,16.22621592143603,275.10706497437974,Elevated_Vol
2019-09-27,0.00811065403760364,0.03648581461153153,1499.792530977802,17.6820888681247,11512.4,1.3518242851973348,16.115,-0.013920758757840157,0.05445923203031399,16.189143947624018,284.9468621098295,Elevated_Vol
2019-09-30,0.010202043014479927,0.01965180053005418,842.2056508215608,16.329966329543648,11474.45,0.8994693491884167,15.8725,-0.015048091839900635,0.04405833072041065,16.08359596508268,259.1973905656816,Elevated_Vol
2019-10-01,0.026694089912783107,0.021009264482469096,8468.997631527143,48.270244368983704,11359.9,0.5582352965720832,16.7575,0.05575681209639316,0.20601669541281048,16.308230643388455,808.8886200132445,Elevated_Vol
2019-10-03,0.009951672109780874,0.018021317079562484,476.3270261858854,46.55698308445223,11314.0,0.232574615494099,17.7025,0.05639266000298382,0.0971206921694044,16.772987095592306,824.1749930525156,Elevated_Vol
2019-10-04,0.02138500972244874,0.008888835959680744,8115.801706479155,36.579464690207466,11174.75,-0.08498838130465214,17.58,-0.0069199265640447205,0.09024149126380936,17.041991397061537,643.0669892538472,Elevated_Vol
2019-10-07,0.010845880221024387,0.009115475100943559,3376.0551767650513,30.386392271516677,11126.4,-0.4938654548841884,17.83,0.014220705346985163,0.08162684864526339,17.304660931374357,541.7893742011423,Elevated_Vol
2019-10-09,0.020801876617755313,0.025737538577299754,4796.249126906322,9.577867473771091,11313.3,-0.29142852992282203,17.155,-0.03785754346606829,0.11174985972420086,17.254773954249572,164.3083165125431,Elevated_Vol
2019-10-10,0.007495602520920168,0.024840925367232262,1636.0785529449774,9.193266287511983,11234.55,-0.4782304805975642,17.2275,0.00422617312736806,0.10565432812261477,17.245682636166382,158.37699496811268,Normal
2019-10-11,0.015443431201057947,0.02598432974851437,1576.5458171993214,30.861290954858333,11305.05,-0.6005718369840213,17.14,-0.005079088666376297,0.14526193577404625,17.21045509077759,528.9625269662719,Normal
2019-10-14,0.011534668135026922,0.021037033652461467,319.54926397127366,31.10241037486594,11341.15,-0.29664266034294823,17.43,0.016919486581096876,0.05250875142794113,17.283636727185062,542.1150128339133,Normal
2019-10-15,0.010602981179147966,0.019155818919716256,3932.2650435021137,39.75535168102178,11428.3,0.32157916535457065,16.85,-0.0332759609868043,0.04231210554084221,17.13909115145671,669.877675825217,Normal
2019-10-16,0.006120770368290796,0.012814778150129326,67.84985732893743,36.743896748973675,11464.0,0.8567007298429685,16.36,-0.02908011869436211,0.08649851626914042,16.87939410097114,601.1301508132093,Normal
2019-10-17,0.013908757850650875,0.007134034095891938,5588.716926340368,50.955504847377036,11586.35,1.611825823130577,15.8775,-0.029492665036674803,0.05149755498074718,16.54542940064743,809.0460282142288,Normal
2019-10-18,0.011353877623227983,0.0071417079444262965,4014.7370377401953,61.60132982236869,11661.85,2.284921036871935,15.9275,0.00314911037631882,0.07321681620329595,16.339452933764953,981.1551807457773,Normal
2019-10-22,0.012064981113620915,0.014610202067379894,2928.7262834310386,54.04215890539622,11588.35,2.0421010583467716,16.81,0.055407314393344675,0.2228849472780505,16.496301955843304,908.4486911997104,Normal
2019-10-23,0.008387734233080365,0.014162058132023547,557.2003451225648,25.984571659873023,11604.1,1.6186925691449998,16.535,-0.016359309934562694,0.12016656744784865,16.509201303895537,429.65489239600043,Normal
2019-10-24,0.012491274635678408,0.0149902858239184,8308.346034227838,10.030037873578795,11582.6,1.3227632043439266,16.24,-0.017840943453281022,0.12503779853339114,16.41946753593036,162.88781506691961,Normal
2019-10-25,0.01348142904010022,0.010456567279050717,18726.511013982155,8.82500627645419,11583.9,0.9888627762732004,15.315,-0.05695812807881773,0.06434729060077127,16.05131169062024,135.1549711238959,Normal
2019-10-29,0.01571577793315223,0.020263341652881666,7333.828878842367,27.838966957314163,11786.85,1.8010949323708296,16.42,0.05357715752325953,0.06737247348901342,16.070582973608996,457.1158374390986,Normal
2019-10-30,0.008441610778105735,0.017287017176662797,1769.725674490274,40.14340642127969,11844.1,2.1332101782104145,16.6575,0.014464068209500525,0.036084043826988856,16.266221982405998,668.6887924624664,Normal
2019-10-31,0.00759027701555405,0.017026224661904746,516.018978605355,69.99295609133631,11877.45,2.2326093737212656,16.28,-0.022662464355395318,0.07759267592520339,16.270814654937332,1139.4853251669551,Normal
2019-11-01,0.00631027703757421,0.01581880329113348,455.58057322617657,44.97911748520178,11890.6,1.9695124485992062,15.7325,-0.03363022113022118,0.08015970511046698,16.09137643662489,707.633965835937,Normal
2019-11-04,0.007047583805689266,0.014622193526224363,1514.63882023647,43.78644314709255,11941.3,1.965581744074137,15.925,0.012235817575083408,0.18242491645801684,16.035917624416598,697.2991071174489,Normal
2019-11-05,0.009802115347567105,0.00619338422790443,7768.0645119417095,5.386336258633985,11917.2,1.4865705461413286,15.9175,-0.00047095761381477086,0.17786499203901723,15.996445082944401,85.73700739680646,Normal
2019-11-06,0.012809216930140596,0.005822982725185863,5254.688506087825,13.944331296294393,11966.05,1.3927484885252104,15.775,-0.008952410868540928,0.17402230238792377,15.922630055296269,219.97182619904407,Normal
2019-11-07,0.00623012606498694,0.00607656386803834,908.4938668820812,0.29048656498845915,12012.05,1.5177798292631077,15.2075,-0.03597464342313794,0.1519809824710104,15.684253370197514,4.417574437061992,Normal
2019-11-08,0.01210451171947158,0.012657851108221506,4761.048367318169,4.2002147073487635,11908.15,1.0455763015422177,15.855,0.04257767548906788,0.1499260232451579,15.74116891346501,66.59440418501465,Normal
2019-11-11,0.0066089191016180365,0.011706257630296608,2647.048322251274,24.912104469281424,11913.45,0.6475112692153954,16.25,0.02491327656890574,0.0990223903506639,15.91077927564334,404.82169762582316,Normal
2019-11-13,0.010374828450188214,0.01303737468094084,4457.288469499833,35.562266320518965,11840.45,0.33303126413068285,16.4625,0.013076923076922986,0.1352307691475504,16.094686183762228,585.4438093015434,Normal
2019-11-14,0.0078544312082667,0.012362736327309947,1443.9220020355608,29.15678970439737,11872.1,0.07618935554453274,15.65,-0.049354593773728084,0.14396355344330228,15.946457455841486,456.3037588738188,Normal
2019-11-15,0.007951415503568881,0.011444787174593482,812.6400707596835,8.392267797944324,11895.45,0.6340808722836131,15.03,-0.0396166134185304,0.19984025546336082,15.640971637227658,126.1357850031032,Normal
2019-11-18,0.006607568440028269,0.007813025760390504,5512.226645699754,16.76734394959641,11884.5,0.09046651320817338,15.755,0.048236859614105176,0.22621423803977775,15.678981091485106,264.16950392589143,Normal
2019-11-19,0.006487441625641422,0.009371749361517762,2729.427657335616,30.709426626600212,11940.1,0.5667254775043495,15.4125,-0.021739130434782705,0.19961916839122879,15.590154060990072,473.30903788247576,Normal
2019-11-20,0.006076163516213459,0.0053125776306155535,536.0417004500447,31.766325726523654,11999.1,2.491496740874008,15.16,-0.016382806163828034,0.24687753430859524,15.446769373993382,481.5774980140986,Normal
2019-11-21,0.0059421123250861865,0.007451459621225778,4701.011580199953,33.71810449438141,11968.4,1.6393043050528127,14.975,-0.012203166226912976,0.19689973601787622,15.289512915995587,504.92861480336154,Normal
2019-11-22,0.0070686140169053235,0.00958669284831391,4404.021554097914,1.0993325480523524,11914.4,-0.24213652936821298,14.8725,-0.006844741235392249,0.24307178614819905,15.150508610663726,16.349823320908612,Normal
2019-11-25,0.013827805009053055,0.015865539469436127,7400.346560267115,10.373889058830176,12073.75,2.302802489744745,15.0025,0.008740964868044987,0.14876449813497092,15.101172407109152,155.63427060509972,Normal
2019-11-26,0.01044414535665356,0.01678800518842761,3473.5065594178313,23.86512726255947,12037.7,2.359369627218572,14.8375,-0.010998166972171264,0.13464422587259173,15.013281604739435,354.0988257582261,Normal
2019-11-27,0.0049635727755260855,0.016861958059715184,1491.1579757703248,44.01446170208867,12100.7,2.2527446105672966,14.6175,-0.014827295703454091,0.16714406054446906,14.881354403159623,643.3813939302811,Normal
2019-11-28,0.004863355012515797,0.016055771066017042,1537.708419851299,35.03719244573618,12151.15,2.390842476490194,13.9875,-0.04309902514109798,0.11835129117951,14.58340293543975,490.08272933473484,Normal
2019-11-29,0.010698575854951426,0.01820668533489093,5232.405906389832,14.325426241130199,12056.05,1.2671812286100081,13.8975,-0.006434316353887359,0.08239499547281857,14.354768623626502,199.08761118610695,Normal
2019-12-02,0.009410213129499696,0.011964262836308913,7025.528509248166,12.628655448044082,12048.2,1.0583443891134097,14.2025,0.02194639323619363,0.16891527240948712,14.304012415751002,179.35847900084607,Normal
2019-12-03,0.009312594412435682,0.01245025759075329,5667.634014461053,41.694490816870584,11994.2,0.1260450717993446,14.5625,0.025347650061608773,0.3008273189221424,14.390174943834001,607.1760225206779,Normal
2019-12-04,0.009954811492213061,0.011800921984301811,7946.029415554698,25.619475437600123,12043.2,0.03984022729857915,13.3225,-0.08515021459227468,0.24789699553792488,14.034283295889335,341.31546151742765,Normal
2019-12-05,0.006846187059912005,0.009923906958824317,4973.383428588643,19.710237222744738,12018.4,0.2982908884548975,14.305,0.07374741977857013,0.1720773126875005,14.124522197259557,281.9549434713635,Normal
2019-12-06,0.013995207348720208,0.010093078405109052,8858.17925597476,28.239427103682136,11921.5,-1.3451082290760685,13.64,-0.04648724222299894,0.23173715467896736,13.96301479817304,385.18578569422436,Normal
2019-12-09,0.007876525604992886,0.010664452791398035,139.5671752661183,24.437672325513475,11937.5,-1.7929552620647335,14.5975,0.07019794721407613,0.2124266860612708,14.174509865448695,356.72892177168296,Normal
2019-12-10,0.00908900523559448,0.011575628966560591,5796.484727360103,41.56772800751278,11856.8,-2.285913882484421,14.29,-0.021065250899126586,0.2690529198362371,14.213006576965796,594.0028332273575,Normal
2019-12-11,0.007666486741778961,0.011864639901756225,3396.3240049500073,19.28060006753238,11910.15,-1.8523510885223022,13.3775,-0.06385584324702587,0.19156752960702056,13.934504384643866,257.9262274034144,Normal
2019-12-12,0.006003282914148014,0.013993377008702354,1673.156043220542,9.007633587480356,11971.8,-0.6628721490218956,13.3475,-0.002242571481965938,0.14501962239206168,13.738836256429245,120.22938930889406,Normal
2019-12-13,0.006285604503912289,0.013613439336234837,3128.672627181723,52.10660708419598,12086.7,0.9009713156858576,13.3,-0.003558718861209953,0.18617718659960497,13.592557504286164,693.0178742198066,Normal
2019-12-16,0.007309687507750441,0.014704287893645125,4427.05364610895,68.04505229064945,12053.95,0.9935783220425267,13.415,0.008646616541353236,0.1210526314879303,13.53337166952411,912.8243764790624,Normal
2019-12-17,0.00932474417099012,0.011095239628352554,3835.9840433950135,51.49622312459326,12165.0,1.7928625474675746,12.5175,-0.06690272083488624,0.10957882958659801,13.194747779682741,644.6039729620961,Normal
2019-12-18,0.006103575832300778,0.011084729907625582,1486.8072363965382,47.64927933947687,12221.65,2.5364819510304177,12.3375,-0.014379868184541622,0.10585180738497951,12.908998519788494,587.8729838507959,Normal
2019-12-19,0.006316659370865436,0.011277457725927892,2137.445699567576,47.70740410177698,12259.7,2.4112083260386212,12.1225,-0.017426545086119516,0.08834853083011263,12.646832346525663,578.3330062237915,Normal
2019-12-20,0.0033565258529952664,0.009873842693260753,610.9319040170096,57.71028037083509,12271.8,2.200248013993745,12.325,0.01670447514951534,0.06846772524770656,12.539554897683775,711.2792055705424,Normal
2019-12-23,0.006021936472232225,0.008542560036639571,5643.090890374226,8.68660598134213,12262.75,1.655608564090584,11.9575,-0.029817444219066958,0.3091277887958396,12.345536598455851,103.8700910218985,Normal
2019-12-24,0.00665429858717937,0.007500181512726111,9672.771127312397,12.763793541176726,12214.55,1.2400098756927664,11.625,-0.027806815805979435,0.20259251498842368,12.105357732303903,148.37909991617946,Normal
2019-12-26,0.008408005206897906,0.009116185481770685,7184.610883803959,51.859024010385085,12126.55,0.5190950681959334,11.1225,-0.04322580645161289,0.12946236548003243,11.777738488202603,576.8019945555081,Normal
2019-12-27,0.008291723532242739,0.014376847681762431,3476.572282635605,18.184693231555844,12245.8,0.9189151139832112,10.525,-0.05371993706450884,0.09372892776468503,11.36015899213507,191.39389626212525,Normal
2019-12-30,0.0059326462950515385,0.014360489347263096,1066.6880811760152,5.97233523170096,12255.85,1.071331702148222,11.0075,0.04584323040380056,0.17434679318351856,11.242605994756714,65.74048006294832,Normal
2019-12-31,0.0077758784580362296,0.01596867268290119,4422.071440787185,0.9397278029512144,12168.45,0.3780126065579006,11.6675,0.05995911878264826,0.12287076981796893,11.38423732983781,10.964274140933295,Normal
2020-01-01,0.004676026938513507,0.015819046160015126,2157.7725640426856,14.554794519924632,12182.5,0.19865816361057187,11.5975,-0.0059995714591815075,0.05528176554079124,11.45532488655854,168.79922944482593,Normal
2020-01-02,0.007769341268206192,0.015143339707113382,5078.994944066787,2.124091671245182,12282.2,1.1416529480714348,11.49,-0.00926923906014232,0.08363871516823554,11.466883257705694,24.405813302607143,Normal
2020-01-03,0.00604533389783097,0.013221503092124746,2485.334910307082,25.004899077992714,12226.65,0.4711853413522851,12.695,0.10487380330722362,0.1962576151468601,11.87625550513713,317.43719379511754,Normal
2020-01-06,0.016758474316336203,0.022717736443953026,5581.140993275821,34.02485023221617,11993.05,-3.5754228770747774,14.7775,0.16404096100827092,0.18905080725557244,12.843337003424754,502.80222430657443,Normal
2020-01-07,0.012240422578066202,0.02401719761273357,913.5951900060079,43.99880573160819,12052.95,-2.6023245370565378,14.61,-0.011334799526306893,0.030451700199322095,13.432224668949836,642.8225517387957,Normal
2020-01-08,0.009570271178417288,0.023722105918363576,3268.2498858451513,54.757898671625355,12025.35,-2.76995145025868,15.64,0.07049965776865164,0.17761806969362204,14.168149779299892,856.4135352242206,Normal
2020-01-09,0.007608926143515482,0.02875771784841126,2712.908423538811,21.479788007451035,12215.9,0.12039307560307619,13.9975,-0.1050191815856778,0.16911764695069212,14.111266519533263,300.66333263429584,Normal
2020-01-10,0.008022331551495983,0.028634703691273147,660.9664057917788,45.351743838939456,12256.8,1.208164335936616,14.0775,0.0057153063046972985,0.07626361844882035,14.100011013022176,638.4391738926702,Normal
2020-01-13,0.004238463546762478,0.014695634461653782,1307.2400593668972,77.53210644571597,12329.55,1.944785879428705,14.275,0.014029479666133993,0.06517492447865383,14.158340675348118,1106.7708195125954,Normal
2020-01-14,0.005316495735849735,0.01499248661253937,2445.6007834636907,61.431492840023544,12362.3,2.0708610863109835,13.9125,-0.0253940455341507,0.08493870396851931,14.076393783565413,854.6656441368275,Normal
2020-01-15,0.00618007975861594,0.014540716550797146,602.2525175173395,14.388176482747156,12343.3,1.5035804556449452,14.12,0.014914645103324409,0.06271338719661203,14.09092918904361,203.16105193638984,Normal
2020-01-16,0.0059343935576337496,0.006213102062343558,1621.136059521522,18.19203957642454,12355.5,1.5726461686823507,14.1825,0.004426345609065185,0.1251770537357103,14.12145279269574,258.00860129264106,Normal
2020-01-17,0.005183926186714358,0.006476713458680748,8614.244994454453,1.7885442607290223,12352.35,1.386929433960815,14.1275,-0.0038780186849991516,0.14295787051439598,14.123468528463828,25.26765904344926,Normal
2020-01-20,0.017292256129386507,0.011350979912477627,17770.308098257694,20.119692219432345,12224.55,0.635596716687351,15.41,0.09078039285082284,0.21447531395188435,14.55231235230922,310.04445710145245,Normal
2020-01-21,0.005542126295032912,0.010102378424404408,1688.13942960006,46.06253618859103,12169.85,-0.4599835340528997,15.8625,0.02936404931862424,0.06278390651344323,14.989041568206147,730.6669802915253,Normal
2020-01-22,0.011269654104190842,0.010042073591318772,5574.328106018408,55.79450418026775,12106.9,-0.8278324021134642,16.36,0.031363278171788744,0.0789598108249268,15.446027712137433,912.7980883891804,Normal
2020-01-23,0.00783850531514436,0.013714478038992737,3601.8791055126294,43.028685789091874,12180.35,-0.6024053685786347,15.855,-0.030867970660146682,0.056845965735424206,15.582351808091623,682.2198131860516,Normal
2020-01-24,0.010057182264869189,0.016114906887667174,4383.259863586453,2.467917077916578,12248.25,-0.06908061352284811,15.56,-0.01860611794386624,0.10233364862672115,15.574901205394415,38.40078973238195,Normal
2020-01-27,0.00894821709223039,0.016254468053043234,3518.9883191455665,11.29234629830498,12119.0,-1.0178842910060175,17.175,0.10379177377892024,0.1707904883221141,16.108267470262945,193.94604767338802,Elevated_Vol
2020-01-28,0.011473718953699523,0.016427710290371347,4324.797017259362,10.42701092327641,12055.8,-1.9885439049025089,17.2975,0.007132459970887739,0.038282387168394466,16.50467831350863,180.36122144537367,Elevated_Vol
2020-01-29,0.005457953847935974,0.017428967022737354,667.253796961573,30.220756152493365,12129.5,-1.2170827040762917,16.4975,-0.04624945801416391,0.09510044798664519,16.502285542339088,498.56692462575927,Normal
2020-01-30,0.011517374994837687,0.017277299459990472,5875.662721395753,43.21742453080535,12035.8,-1.6937051117739252,16.7975,0.01818457342021529,0.10668283066726302,16.600690361559394,725.9446885562029,Normal
2020-01-31,0.01310257731101114,0.014257450396309088,6928.296550824847,36.940661477700424,11962.1,-1.9943113079040828,17.3675,0.03393362107456466,0.1599940466378961,16.85629357437293,641.5669382139621,Normal
2020-02-03,0.011314902901654994,0.021776849723592524,2292.099461989766,75.86046511510304,11707.9,-3.988419918626589,15.7825,-0.06251856251856258,0.0919215918669905,16.49363047749908,1197.2677906791137,Elevated_Vol
2020-02-04,0.01731736690609134,0.037386448334188534,3823.2918530979396,20.394359006823024,11979.65,-1.6848111289568963,14.38,-0.0888642483763662,0.09329954057132929,15.789086984999388,293.2708825181151,Elevated_Vol
2020-02-05,0.012087164483092444,0.03823503098927278,1554.0527658455787,2.1994420294269688,12089.15,-0.4806330786894061,14.1725,-0.014429763560500741,0.049200278129902415,15.250224656666258,31.171592162053713,Elevated_Vol
2020-02-06,0.00628249297923658,0.03727285302057531,493.29433348793617,82.31462925686743,12137.95,0.4049209578044549,13.78,-0.027694478744046624,0.11271829238827427,14.76014977111084,1134.2955911596332,Elevated_Vol
2020-02-07,0.0066526884688051496,0.03661638835918427,3211.740725554627,54.311774459227415,12098.35,0.3863579214749948,13.7475,-0.002358490566037652,0.0738388968985204,14.422599847407227,746.6511193782289,Elevated_Vol
2020-02-10,0.009323585447594592,0.025676103397171073,5524.483082023183,11.669758812182536,12031.5,-0.24037844149292847,14.21,0.03364248045099116,0.11893071458888471,14.351733231604818,165.82727272111384,Normal
2020-02-11,0.006092340938364987,0.014065726643018833,33.02935384822981,7.522057723716927,12107.9,0.7369606024851184,13.88,-0.023223082336382816,0.19950738902216233,14.19448882106988,104.40616120519094,Normal
2020-02-12,0.007222557173409799,0.013221980625435434,2563.6746835115696,11.922108888278693,12201.2,1.4308415793720701,13.6225,-0.018551873198847324,0.052773775178116863,14.003825880713254,162.40892833057652,Normal
2020-02-13,0.007036193161322656,0.013402397345241646,2766.1859126061886,35.29243937131854,12174.65,1.3603917180692608,13.37,-0.018535511102954816,0.1374564139200172,13.79255058714217,471.8599143945288,Normal
2020-02-14,0.012772441096858824,0.014137005981889947,5144.689589811477,1.7387732748708373,12113.45,1.0161050084434449,13.615,0.01832460732984309,0.15594614797610615,13.733367058094782,23.67339813736645,Normal
2020-02-17,0.010120981223342576,0.014167386737162183,6725.283333835426,29.482071712337092,12045.8,0.21708668702764233,14.415,0.058758721997796526,0.09089239802358244,13.960578038729855,424.98406373333916,Normal
2020-02-18,0.01018612296401226,0.012352861256574752,2377.5750655722163,55.72922928806706,11992.5,-0.8211796062506124,14.51,0.006590357266736069,0.23898716598058473,14.143718692486571,808.631116969853,Normal
2020-02-19,0.007721492599534971,0.01569602308375725,1670.3647348937986,19.674574586519203,12125.9,0.5200381112818385,14.0225,-0.03359751895244656,0.07081323220481513,14.103312461657715,275.8867221394655,Normal
2020-02-20,0.00664280589481464,0.015887780212242745,1980.4194562528555,2.135922330038042,12080.85,0.46025556894816977,13.7,-0.022998752005705225,0.2754501691742199,13.968874974438478,29.262135921521175,Normal
2020-02-24,0.0164847672142138,0.02529507358146813,5137.051157275624,27.90697674361693,11829.4,-2.6303369825099643,16.9975,0.24069343065693438,0.37080291943737015,14.978416649625654,474.34883719962875,Normal
2020-02-25,0.008719799820778099,0.025333600584741874,2927.3328712536404,60.78909453483833,11797.9,-3.061192773728073,16.8975,-0.005883218120311673,0.09986762753353867,15.618111099750438,1027.1837249024306,Elevated_Vol
2020-02-26,0.012175895710243167,0.026055250059477307,1787.3489378166053,81.65059557417955,11678.5,-3.0407008478908084,18.26,0.08063322976771725,0.1398135818080699,16.49874073316696,1490.9398751845188,Elevated_Vol
2020-02-27,0.010887528364078499,0.017040833338605923,1678.3085257709847,68.61748294932137,11633.3,-2.670408835423217,17.765,-0.027108433734939763,0.12746440299700745,16.92082715544464,1218.9895845946942,Elevated_Vol
2020-02-28,0.01803013762215534,0.03205240215594614,3528.3010813026845,79.7586866212205,11201.75,-3.330899843986658,23.235,0.307908809456797,0.3498452010414606,19.025551436963095,1853.1930836440583,Extreme_Crisis
2020-03-02,0.035418572990795705,0.032029807387468925,5402.513032559148,60.52869181319702,11132.75,-2.6077015783310364,25.2025,0.08467828706692493,0.27641489120877344,21.08453429130873,1525.474355422098,Extreme_Crisis
2020-03-03,0.017039814960349446,0.04205032073666769,1463.9220897347602,47.012682009891925,11303.3,-1.8697070226000054,24.5425,-0.026187878186687885,0.1963098898139827,22.237189527539154,1153.8087482277726,Extreme_Crisis
2020-03-04,0.02428051984816451,0.042125754075058926,3843.885889713847,23.753832178678703,11251.0,-1.6217858536550729,24.225,-0.012936742385657451,0.15738005494249566,22.89979301835944,575.4365845284916,Elevated_Vol
2020-03-05,0.012878855212858488,0.04302583844590949,1719.5368086419055,5.963266279622112,11269.0,-1.19555913921064,23.2475,-0.04035087719298258,0.08668730646576381,23.015695345572958,138.63103283551504,Elevated_Vol
2020-03-06,0.018431094152082387,0.032446973370337084,1508.0318272529057,52.81375224980765,10989.45,-1.8854314542352064,25.6425,0.10302183030433376,0.1850736637552109,23.89129689704864,1354.2766420656926,Extreme_Crisis
2020-03-09,0.04159443830215184,0.05606935031864297,3856.0084888238653,71.57627779889525,10451.45,-2.5312375839095513,30.8,0.20113093497123935,0.504241005945504,26.19419793136576,2204.5493562059737,Extreme_Crisis
2020-03-11,0.020198154323065064,0.04844434319926099,1667.3826527547185,70.50159531000587,10458.4,-2.247817009614301,31.555,0.024512987012986986,0.11647727268945537,27.981131954243843,2224.6778400072353,Extreme_Crisis
2020-03-12,0.05093991432719064,0.0800949828822618,3391.123035208903,73.19956908121083,9590.15,-3.225815808646699,41.1625,0.3044683885279671,0.3966883218517864,32.37492130282923,3013.077262305341,Extreme_Crisis
2020-03-13,0.1672810122884759,0.10347960455923667,6961.836792750339,64.31709301251266,9955.2,-2.586832472154259,51.4725,0.2504706954145155,0.44506528990098626,38.74078086855282,3310.5615700865574,Extreme_Crisis
2020-03-16,0.04390670202502825,0.11616649332719536,1979.6605965131973,53.18334703624134,9197.4,-2.2716400713347222,58.875,0.14381465831269136,0.16304822960550824,45.45218724570188,3131.1695567587085,Extreme_Crisis
2020-03-17,0.053080218322511585,0.11473787140540857,2286.4837899644945,41.711331980219924,8967.05,-2.0621302773980235,62.925,0.06878980891719744,0.10513800422842663,51.27645816380125,2624.6855648553387,Extreme_Crisis
2020-03-18,0.08034972482580073,0.11019806728955778,3953.5970228169417,37.92525515290219,8468.8,-2.124264473681811,63.955,0.01636869288835907,0.05442987682885496,55.50263877586751,2425.5096933038594,Extreme_Crisis
2020-03-19,0.08772199130917288,0.0965734583232925,1908.7810041638597,68.27987292442984,8263.45,-2.0935341969597454,72.1975,0.12887968102572134,0.16022984908760385,61.06759251724502,4929.636125461524,Extreme_Crisis
2020-03-20,0.08529125244288369,0.11451397077626095,3337.1573194413977,35.76699566444166,8745.45,-1.4324289504466825,67.1,-0.07060493784410837,0.10505903942587233,63.07839501149668,2399.965409084035,Extreme_Crisis
2020-03-23,0.06582279928412389,0.15139147780145382,1579.468078345266,33.01527083200925,7610.25,-1.9421537851631254,71.985,0.07280178837555895,0.10506706406779943,66.04726334099779,2376.604270842186,Extreme_Crisis
2020-03-24,0.06909759863333116,0.16343718492557008,221.61743286291482,15.028213166081395,7801.05,-1.702926251139348,83.6075,0.1614572480377856,0.20351462107334667,71.90067556066519,1256.4713322831503,Extreme_Crisis
2020-03-25,0.08486037136015682,0.17976693132463026,2635.17787199302,13.929437800510975,8317.85,-1.1983037680333444,77.625,-0.07155458541398796,0.10316060160832934,73.80878370711014,1081.2726092646644,Extreme_Crisis
2020-03-26,0.05339721201986879,0.18059667201555465,1462.488612593783,39.19117647034808,8641.45,-0.628832997753524,71.5325,-0.07848631239935588,0.112463768101454,73.05002247140676,2803.442830865174,Extreme_Crisis
2020-03-27,0.05971220107729638,0.17096594396509202,2691.299163435514,61.76679098688922,8660.25,-0.27642661652675043,70.385,-0.016041659385593876,0.10341453184169243,72.16168164760451,4347.455583612198,Extreme_Crisis
2020-03-30,0.03833607574834637,0.09274747419161007,1235.5594169940555,27.844376634496932,8281.1,-0.6976892402175459,71.89,0.021382396817503757,0.04383036157649627,72.07112109840301,2001.7322362539844,Elevated_Vol
2020-03-31,0.03867843643955663,0.09495946538651989,812.4119839331526,8.518560306829762,8597.75,-0.23107532154937105,64.4075,-0.10408262623452502,0.11521073861243417,69.51658073226868,548.6591729621379,Elevated_Vol
2020-04-01,0.04533162746062012,0.0900937552077137,2706.8705660898413,27.723955971243605,8253.8,-0.5371845866857895,60.0525,-0.06761634902767533,0.07184722275016925,66.36188715484579,1664.8928659631067,Elevated_Vol
2020-04-03,0.03643776200048883,0.075744487250331,2759.540756785212,18.216612748729148,8083.8,-0.8516720451827279,55.3025,-0.07909745639232335,0.09475042669418426,62.67542476989719,1007.4242265365937,Elevated_Vol
2020-04-07,0.05671218981165192,0.12742876531193903,2333.483924384392,11.189273898581355,8792.2,0.8667710377937746,51.8,-0.06333348401970984,0.09692147731170896,59.05028317993146,579.6043879465142,Elevated_Vol
2020-04-08,0.054343622756472504,0.11436044775481415,528.847980320188,41.779216061541035,8748.75,1.6764529893383464,52.2425,0.008542471042471078,0.13045366792848387,56.781022119954315,2182.6506950950575,Elevated_Vol
2020-04-09,0.025580797256721848,0.11533882255605234,1035.5546791300073,48.659761456066235,9111.9,2.112646800598343,49.745,-0.04780590515384986,0.10221562901809522,54.43568141330288,2420.579833632015,Elevated_Vol
2020-04-13,0.021910907714064082,0.10231981736789456,1853.339947058599,29.544487015471958,8993.85,1.6708308335422035,51.4575,0.03442557040908656,0.1780580962552904,53.44295427553526,1520.2854405986484,Elevated_Vol
2020-04-15,0.04304052213452191,0.09685837348500992,4366.505746126212,15.434366430222793,8925.3,1.5016760045268849,49.735,-0.033474226303260024,0.13234222413985483,52.20696951702351,767.6282144071306,Elevated_Vol
2020-04-16,0.025976717869398293,0.04898463878943637,5030.162942962965,11.843391155486973,8992.8,1.1921317684048445,46.095,-0.07318789584799434,0.15039710462442998,50.16964634468235,545.921115312172,Elevated_Vol
2020-04-17,0.025870696557216986,0.05290240148986607,1242.1158655093425,38.64652949493611,9266.75,1.8609647177936308,42.5925,-0.07598438008460784,0.1256101529177546,47.643930896454904,1646.0523075130664,Elevated_Vol
2020-04-20,0.017271427415202566,0.037983047992105,3329.026675224317,39.39980638861275,9261.85,1.8299537426993315,43.455,0.020250044021834723,0.0878675823002013,46.247620597636605,1712.118586617167,Elevated_Vol
2020-04-21,0.014575921657104599,0.04949880794841604,579.4331822481421,1.8608510133714091,8981.45,0.6322642647626576,45.1975,0.040098952939822796,0.22431250713972778,45.8975803984244,84.10581367685425,Elevated_Vol
2020-04-22,0.029338247164957393,0.052981580682224756,2988.479427612607,11.494845360676447,9187.3,0.9824017614152827,42.8225,-0.05254715415675648,0.10974058297256681,44.87255359894961,492.2380154575671,Elevated_Vol
2020-04-23,0.018879322543055296,0.05356817091907595,1217.6350091663624,2.8122624777954925,9313.9,1.41765549969936,39.23,-0.08389281335746401,0.1360266214872959,42.99170239929974,110.32505700391717,Elevated_Vol
2020-04-24,0.016706213294090905,0.048734883890261024,176.50018602488072,44.35239110746692,9154.4,1.0449719973494496,39.1175,-0.002867703288299661,0.12656130509136843,41.70030159953316,1734.9546591463372,Elevated_Vol
2020-04-27,0.013845800926315382,0.051454721225452506,503.60694350610606,32.562637362064855,9282.3,1.4529171535647543,38.0425,-0.02748130632070056,0.12666964910163742,40.48103439968878,1238.7641318463523,Elevated_Vol
2020-04-28,0.015556489232177808,0.034027932315425974,213.3333682618511,14.572910876142718,9380.9,1.6023496643397679,35.355,-0.07064467372018135,0.1799303410186159,38.77235626645919,515.2252640260257,Elevated_Vol
2020-04-29,0.022119412849489792,0.03191759292923961,3368.0885597169254,51.69354150581534,9553.35,2.3165587867364232,33.8375,-0.042921793239994344,0.10953189079068523,37.12740417763946,1749.1802107030264,Elevated_Vol
2020-04-30,0.016491597188403474,0.040272177047864774,1741.5872389443155,73.23510478401772,9859.9,3.425812980510206,33.9875,0.0044329516069450126,0.050757295884519486,36.08076945175964,2489.078123846802,Elevated_Vol
2020-05-04,0.02703374273570005,0.07836961879863338,2223.949291728362,1.751481352372366,9293.5,0.6902087007446305,43.67,0.2848841485840383,0.29223979395594285,38.61051296783977,76.48719065810123,Elevated_Vol
2020-05-05,0.027992683058021165,0.07796666269930097,2260.80575316069,21.159993270347048,9205.6,0.11363458272747982,43.6075,-0.0014311884588962265,0.13092512018985,40.276175311893184,922.734406536659,Elevated_Vol
2020-05-06,0.02502824367773413,0.07737758768786387,595.9737838793974,56.7604983843401,9270.9,-0.2592191820633606,41.2475,-0.054119130883448885,0.07871352403171172,40.59995020792879,2341.2286571080685,Elevated_Vol
2020-05-07,0.010996774854640947,0.07312450833915202,1440.2226287334106,25.392405062862696,9199.05,-0.6644836758831244,39.93,-0.031941329777562366,0.04988181100675644,40.37663347195253,1013.9187341601074,Elevated_Vol
2020-05-08,0.015702708431831754,0.058810858595183264,6106.03404991177,5.921116387131914,9251.5,-0.10941501807213606,38.4075,-0.03812922614575509,0.08471074378043808,39.72025564796836,227.41527763876897,Elevated_Vol
2020-05-11,0.023774523050290347,0.016864179073650558,7370.821293910267,32.057368941007624,9239.2,-0.0383559736637385,38.0375,-0.009633535116839065,0.040291609701154286,39.15933709864558,1219.3821710935777,Elevated_Vol
2020-05-12,0.021311368949669503,0.014396399178840322,2378.213084596686,2.323257556793809,9196.55,-1.3967280503074233,38.205,0.004403549129148754,0.09378902396482713,38.84122473243039,88.76005495730747,Elevated_Vol
2020-05-13,0.025379082373253647,0.024966377878649054,7635.247352122011,27.944831013569253,9383.55,0.8765436179317482,38.835,0.016489988221437102,0.14677398242461095,38.83914982162027,1085.237512411962,Elevated_Vol
2020-05-14,0.01719498484047385,0.03743945936327333,1406.78510625521,7.506039003034246,9142.75,-1.2926989551958687,38.1825,-0.016801853997682636,0.07827990212996523,38.62026654774685,286.5993342333551,Elevated_Vol
2020-05-15,0.014481419704121277,0.036521810597236,976.6091534555794,5.42625773123212,9136.85,-1.6858515933619427,38.0175,-0.004321351404439233,0.11536698746405635,38.41934436516457,206.29275329711712,Elevated_Vol
2020-05-18,0.03847606122455928,0.04832617031411519,5526.159427306487,72.79839518458333,8823.25,-2.642672873067885,40.915,0.07621490103241935,0.3501019266521728,39.25122957677638,2978.5463389772267,Elevated_Vol
2020-05-19,0.019839628254872375,0.050741684081579995,2000.1090537241423,45.29339410975631,8879.1,-2.1842520152129214,39.4525,-0.03574483685689844,0.07240620797448213,39.318319717850926,1786.937631115161,Elevated_Vol
2020-05-20,0.024602718743989015,0.05126462967579355,2872.2325091897737,23.137305365807194,9066.55,-1.4192716407977775,35.81,-0.09232621506875349,0.1357962105986196,38.14887981190062,828.5469051495556,Elevated_Vol
2020-05-21,0.013505688492300142,0.04584488411549555,842.2380144895433,27.043795619944348,9106.25,-0.5829440627586234,32.985,-0.07888857860932708,0.09033789441766601,36.42758654126708,892.0395985238642,Elevated_Vol
2020-05-22,0.019881949210685215,0.046336508562015856,872.2071654712801,11.619886962129694,9039.25,-0.9334191872816903,32.3775,-0.018417462482946845,0.24329240556516823,35.077557694178054,376.22289011635417,Elevated_Vol
2020-05-26,0.018253726802535328,0.023755080577406506,5495.641962466676,1.9743863393384729,9029.05,-0.7251257987210075,31.47,-0.028028723650683318,0.06910663267111218,33.87503846278537,62.13393809898174,Elevated_Vol
2020-05-27,0.03652100719340737,0.0362143424650368,5796.943766646136,14.331163065783555,9314.95,0.6445681634478511,31.2725,-0.006275818239593223,0.10041309180158466,33.007525641856915,448.1712969747162,Elevated_Vol
2020-05-28,0.018760165110903695,0.035371598838117156,2425.5761027246863,52.333405686240745,9490.1,2.1922716956559882,30.0175,-0.04013110560396527,0.06643216881719334,32.010850427904614,1570.9180051867315,Elevated_Vol
2020-05-29,0.023387530162987412,0.03485280565914692,2636.2205992880404,58.44919786018126,9580.3,2.2976405037657908,30.22,0.0067460647955359665,0.10518863992498084,31.413900285269747,1766.3347593346775,Elevated_Vol
2020-06-01,0.023449161299726014,0.029113986156570685,1839.9180794870429,77.65577285325631,9826.15,3.097805954673686,30.7425,0.017289874255459914,0.110522832524645,31.190100190179834,2387.332596941232,Elevated_Vol
2020-06-02,0.017458516305961794,0.019335178285104993,1936.636203878711,65.03088077248864,9979.1,2.5636544052632693,30.115,-0.02041148247540059,0.09807270062679592,30.831733460119892,1958.4049744634954,Elevated_Vol
2020-06-03,0.014094457415985459,0.015909633518771404,944.6367711016965,80.19306896200834,10061.55,2.4327633398614723,30.0425,-0.0024074381537438905,0.03544745142439065,30.568655640079932,2409.2002742911354,Elevated_Vol
2020-06-04,0.01785013243484571,0.0236587143526908,929.6553820083539,27.96169630591964,10029.1,1.7774776676755741,29.69,-0.011733377714903903,0.060414412894927425,30.27577042671996,830.1827633227542,Normal
2020-06-05,0.013665234168555763,0.023570558167753913,2124.3759273921596,27.26494099681645,10142.15,1.6634182819804002,28.68,-0.03401818794206812,0.12697878069148574,29.74384695114664,781.9585077886958,Normal
2020-06-08,0.020533121675364165,0.016507118467859454,9375.056705500569,21.125710557802243,10167.45,1.5709601435538205,29.6475,0.03373430962343105,0.08185146440660689,29.71173130076443,626.3245037624421,Normal
2020-06-09,0.02652582505935447,0.020722155519868023,5244.114544979051,16.891406686078607,10046.65,1.1745204542800678,30.205,0.018804283666413513,0.10456193604703203,29.87615420050962,510.2049389530043,Normal
2020-06-10,0.011138041038544017,0.020201414453233202,2045.2413304057493,8.798847164384455,10116.15,0.9938031283000238,29.4375,-0.025409700380731648,0.04891574241055593,29.729936133673082,259.0160634015674,Normal
2020-06-11,0.022439366755116878,0.030410710976996675,4806.355749124423,40.900930307803286,9902.0,0.5638596932038115,29.66,0.0075583864118895505,0.06895966027381417,29.70662408911539,1213.1215929294456,Normal
2020-06-12,0.045617047061153576,0.028291642982794418,12141.448816197584,61.97307159856592,9972.9,0.06291536141716729,30.8225,0.039194200944032476,0.10839514493985328,30.078582726076927,1910.1649993467984,Elevated_Vol
2020-06-15,0.021758966800006257,0.029562252812958868,2385.276402684636,52.99402808357469,9813.7,-0.20598689727735467,32.5775,0.05693892448698179,0.12531429957812834,30.911555150717955,1726.4129498926545,Elevated_Vol
2020-06-16,0.03236801614066824,0.0330453164819471,3023.0465675072483,23.417659218196512,9914.0,-0.15562914570133696,32.965,0.011894712608395475,0.1505640395516648,31.596036767145307,771.9631361278481,Elevated_Vol
2020-06-17,0.017127294734701412,0.03088809876511068,150.86191649479366,14.005449591089745,9881.15,-0.364384863012073,33.355,0.011830729561656206,0.15069012584538438,32.182357844763544,467.1517711107984,Elevated_Vol
2020-06-18,0.026935123948096336,0.03162335208644876,6556.22872995876,27.919320594109223,10091.65,0.23338196151363957,31.455,-0.056962974066856464,0.06610703041040109,31.939905229842363,878.2022292877056,Elevated_Vol
2020-06-19,0.01979359173175864,0.03360110382316077,3154.4812488976695,42.28409627116089,10244.4,1.6871543544110692,29.965,-0.047369257669686804,0.07105388648194132,31.28160348656158,1267.0429447653362,Elevated_Vol
2020-06-22,0.011328140252224238,0.02072268064930266,175.74442859728632,63.40729903172521,10311.2,2.3481827207574595,30.46,0.016519272484565306,0.03395628231805236,31.00773565770772,1931.3863285063499,Elevated_Vol
2020-06-23,0.017742842734097222,0.021460154527313997,3311.83463071911,70.2133659165294,10471.0,2.4403694872158206,29.34,-0.03676953381483916,0.06254103740560048,30.451823771805145,2060.0601559909724,Elevated_Vol
2020-06-24,0.025900105052023673,0.032644546009470345,5917.868785237044,46.528007954151036,10305.3,1.7944424160944816,29.5775,0.00809475119291081,0.09338786636217189,30.160382514536767,1376.1821552639024,Elevated_Vol
2020-06-25,0.01623436484137647,0.029300915941506935,1620.900954374518,11.593853085339127,10288.9,1.0353052431880012,29.7275,0.005071422534020709,0.0753106246047466,30.016088343024514,344.65626759441886,Normal
2020-06-26,0.00958314299875638,0.026960471856958716,154.35665347746976,5.192599874784175,10383.0,1.3804003592376082,28.735,-0.033386594903708655,0.058868051447693866,29.589058895349677,149.20935740192328,Normal
2020-06-29,0.011013194645082368,0.02790551832529782,25.660356710046106,28.381548083806816,10312.4,0.8340734734562628,28.91,0.006090133982947554,0.08595789104368957,29.36270593023312,820.510555102855,Normal
2020-06-30,0.012964974205797801,0.020377349457396297,4750.8987927333,5.675643038143335,10302.1,0.8751024696008493,29.1175,0.0071774472500865105,0.042459356609318766,29.280970620155415,165.26053616313854,Normal
2020-07-01,0.014312615874419368,0.017958671694114622,5255.170894091083,4.868913857567161,10430.05,1.0842127882556545,28.1175,-0.03434360779599899,0.04207091953565011,28.89314708010361,136.90168539014465,Normal
2020-07-02,0.010800523487413142,0.019099098884111355,2338.3283828733756,57.92343645542134,10551.7,1.728977499677772,26.5075,-0.05725971370143146,0.06410598379510762,28.09793138673574,1535.4054918420811,Normal
2020-07-03,0.0065060606347730286,0.018451859285202505,258.8797947730712,58.26163967463929,10607.35,2.006295967071724,25.7675,-0.027916627369612423,0.043289634992628535,27.321120924490494,1501.2568003162678,Normal
2020-07-06,0.010964095650646922,0.01435320651192243,1256.6097397193034,80.64409030366015,10763.65,2.7319564924935924,25.1975,-0.022120888716406162,0.06335500143073447,26.613247282993665,2032.0294654264767,Normal
2020-07-07,0.01152954620411136,0.010974890499559539,137.02326826598676,50.96259963087795,10799.65,2.3846148688222777,25.1025,-0.003770215299136903,0.055759499928262964,26.10966485532911,1279.2886572341138,Normal
2020-07-08,0.01586162514524475,0.02028496573418208,4216.715677510959,41.795975572294054,10705.75,1.7760320094641864,26.1,0.03973707798028103,0.05278358727107513,26.106443236886076,1090.874962436875,Normal
2020-07-09,0.009700394647727002,0.019707880974242416,2619.9876213379457,6.717467760686919,10813.45,1.7047500662294819,24.9125,-0.045498084291187735,0.11197318003372672,25.708462157924053,167.34891558811287,Normal
2020-07-10,0.009839597908151535,0.021686598128110142,172.08910173004548,3.436888453927928,10768.05,1.3121372746817208,24.9425,0.0012042147516306834,0.07997992972203513,25.453141438616036,85.72459026209734,Normal
2020-07-13,0.012815690863236319,0.016324396573374877,2812.371772074258,14.553928095484483,10802.7,1.3572983113733497,25.2525,0.012428585747218612,0.12438608795253636,25.38626095907736,367.52306923122194,Normal
2020-07-14,0.017842761531822744,0.024216354704215962,5627.499539248584,28.603882692511235,10607.35,0.3541745052103075,26.6375,0.05484605484605476,0.07969507966352038,25.80334063938491,761.935925221768,Normal
2020-07-15,0.023540281031526753,0.023571778286516014,3708.9827221450014,7.4422310755784125,10618.2,0.42985025552492306,26.29,-0.013045518535898637,0.10877522285921158,25.96556042625661,195.65625497695646,Normal
2020-07-16,0.015077885140593297,0.02446593537188588,1103.9336480669167,18.68072660069741,10739.95,0.4739507846565492,25.3625,-0.03527957398250281,0.05144541648860955,25.764540284171073,473.7899284101881,Normal
2020-07-17,0.017113673713548938,0.028821195368685847,5433.827997768354,41.43046577090333,10901.7,1.5804390442626564,24.1575,-0.04751108920650571,0.06830951204798054,25.22886018944738,1000.8564768605972,Normal
2020-07-20,0.007787776218380779,0.030089809640467938,605.3738244876258,57.69701919032914,11022.2,2.6231680715549817,24.7125,0.0229742316050916,0.03984269893828315,25.05674012629826,1425.8375867410086,Normal
2020-07-21,0.006015133095020877,0.012064311319019654,931.218662071663,87.10604660533654,11162.25,3.46762171905765,24.4275,-0.011532625189681345,0.03995953463228738,24.846993417532172,2127.7829534518582,Normal
2020-07-22,0.016264641985248355,0.015622498503745835,3732.61721868206,64.1233424528706,11132.6,2.5437648568104474,24.885,0.018728891618053467,0.08484290243174983,24.859662278354783,1595.709376939685,Normal
2020-07-23,0.012274760612963448,0.015515706032680704,3527.80224093458,42.45610345825977,11215.45,2.1731762380547006,24.64,-0.00984528832630105,0.03727144864887619,24.78644151890319,1046.1183892115207,Normal
2020-07-24,0.012045883134415462,0.016111594492412305,3684.083245505576,10.456651224123949,11194.15,1.6241712783132372,24.535,-0.0042613636363636465,0.10379464281501845,24.702627679268794,256.55393778388105,Normal
2020-07-27,0.012251935162551611,0.017263616876556767,6250.353595173341,3.325996576098747,11131.8,1.2433155756232375,25.0175,0.01966578357448534,0.09894028934218867,24.80758511951253,83.20811934255039,Normal
2020-07-28,0.01494367487736493,0.019227070655792718,6471.977656911693,16.903099083000935,11300.55,1.525110194888792,23.6425,-0.0549615269311482,0.06675327268242093,24.419223413008353,399.63152006984956,Normal
2020-07-29,0.016959351535972146,0.021970139549661555,2520.8721852100402,22.136959688739587,11202.85,1.2168059577944814,24.1125,0.019879454372422556,0.036163688257940724,24.3169822753389,533.7774404947334,Normal
2020-07-30,0.01919154500861906,0.022366304647510476,4639.615688955028,8.707391157463649,11102.15,0.7789793224260333,24.7275,0.025505443234836722,0.1265940901496758,24.453821516892603,215.31201484618236,Normal
2020-07-31,0.011146489643887763,0.02237338404603025,3266.652430671971,18.74999999964664,11073.45,0.2988220136039687,24.1925,-0.02163583055302798,0.05681933068170273,24.36671434459507,453.6093749914513,Normal
2020-08-03,0.015875811061578867,0.02667911019907324,5927.623648199908,50.476460042447776,10891.6,-0.6976029842479418,25.185,0.041025111088147215,0.10034101473583101,24.63947622973005,1271.249646169047,Normal
2020-08-04,0.018743802563426143,0.0299401585042519,3941.105831131363,27.725914861319517,11095.25,-0.3204035212838034,23.815,-0.054397458804844034,0.06472106409977321,24.364650819820035,660.2926624223243,Normal
2020-08-05,0.014564791239481283,0.029408759430246692,1515.5381050156966,4.045688377294642,11101.65,0.2593659151695078,23.5675,-0.010392609699769184,0.08849464619420765,24.098933879880025,95.34676083189147,Normal
2020-08-06,0.011664932690175185,0.02933275346947681,513.3710232474242,36.98362485975098,11200.15,0.9635445511672356,23.15,-0.017715073724408614,0.05006895086450876,23.782622586586683,856.1709155032352,Normal
2020-08-07,0.008022213988198384,0.028858915830962485,2563.0368618916837,35.55090998436893,11214.05,0.9120411397068717,22.5775,-0.02473002159827209,0.06717062632087661,23.380915057724458,802.6506701720895,Normal
2020-08-10,0.008854963193485915,0.016533491997509985,6.6153873987109435,37.08078750747894,11270.15,2.016624213126165,22.51,-0.002989702137083383,0.06920606795738851,23.090610038482975,834.688526793351,Normal
2020-08-11,0.0066059457948594,0.0074557194222798105,22.959515896597026,44.763860368195814,11322.5,2.278226150101982,21.36,-0.05108840515326529,0.10195468676057107,22.513740025655316,956.1560574646626,Normal
2020-08-12,0.007008169573851206,0.008649256629121731,1780.962778187146,27.793182187969695,11308.4,1.4589912014545203,20.845,-0.02411048689138584,0.23747659164912135,21.957493350436877,579.3488827082283,Normal
2020-08-13,0.00790120618300728,0.006538519849192615,5217.379034527656,6.2717770032544315,11300.45,1.4312156968712553,20.5675,-0.013312544974814045,0.08299352358695443,21.494162233624586,128.9947735144355,Normal
2020-08-14,0.02254777464612239,0.014290475706216109,13718.948916823558,41.91037735750247,11178.4,0.3287127999325049,21.6725,0.05372553786313361,0.32235322702207203,21.553608155749725,908.3026532804722,Normal
2020-08-17,0.010967580333490544,0.014886020546151032,101.9872601529777,25.96679164379315,11247.1,0.3784054773658674,21.3075,-0.01684161956396346,0.1531895258261901,21.47157210383315,553.2874129501226,Normal
2020-08-18,0.013207849134431899,0.019399970246893907,4294.024787429978,4.492481202923003,11385.35,1.684276494557721,20.43,-0.04118268215417109,0.14337674521019508,21.124381402555436,91.78139097571695,Normal
2020-08-19,0.005818881281641918,0.019172105998197977,2138.0699414935925,54.86939238912909,11408.4,2.05594571650403,19.9575,-0.02312775330396477,0.12701908951198276,20.73542093503696,1095.0558986060437,Normal
2020-08-20,0.006280460011915663,0.021806438051169937,230.7795555971018,25.545663411098268,11312.2,0.9188060870004333,20.6175,0.03307027433295762,0.17123888253977743,20.696113956691306,526.6877153783186,Normal
2020-08-21,0.0049769275649254345,0.0170262848581164,2422.3491219709713,3.8012670889022004,11371.6,1.4549331529890737,19.9375,-0.03298169031162845,0.27804049944074666,20.443242637794206,75.78776258498762,Normal
2020-08-24,0.007615463083464438,0.017591857645438837,2472.2674930095636,8.985879332220701,11466.45,2.2189862870268335,19.23,-0.03548589341692787,0.10934169273512641,20.03882842519614,172.7984595586041,Normal
2020-08-25,0.00894348294371055,0.014176431357764733,2897.624243218978,49.162929744419586,11472.25,2.132226431985584,19.315,0.004420176807072407,0.2278991158461263,19.797552283464096,949.5819880134644,Normal
2020-08-26,0.008707969230091093,0.015131680488283237,2357.409636348198,43.66046936776427,11549.6,2.2872456130040155,19.3025,-0.0006471654154803774,0.12270256271151826,19.63253485564273,842.7562099712698,Normal
2020-08-27,0.0066452517836058,0.007873288785581467,6191.458829955576,43.01575931078054,11559.25,2.2882224709514567,18.895,-0.021111255018779862,0.10452013982410553,19.386689903761823,812.7827721771982,Normal
2020-08-28,0.00836126911347328,0.008555052633069925,2933.4235494752675,52.77640467777972,11647.6,2.377664429652794,18.3475,-0.02897591955543788,0.11854988085813706,19.040293269174548,968.3150848255635,Normal
2020-08-31,0.040214293073216584,0.02726659816930079,12660.036916753235,20.723268099996712,11387.5,0.8994507627455705,22.835,0.2445837307535086,0.4072761954450055,20.305195512783033,473.21582706342497,Normal
2020-09-01,0.016390779363322564,0.02863653192910915,159.77117594913398,24.921660164674623,11470.25,0.44576462732575906,21.8,-0.04532515874753673,0.09338734394859324,20.80346367518869,543.2921915899068,Normal
2020-09-02,0.010841088903894156,0.028334519040020555,1601.7561177404561,33.66050808270883,11535.0,0.7612195401639242,21.105,-0.031880733944954165,0.12121559627467182,20.90397578345913,710.4050230855698,Normal
2020-09-03,0.006701343736448554,0.02830639984720899,2856.338809153109,8.086531032498767,11527.45,1.0141107918024261,20.5025,-0.028547737502961357,0.13954039320561934,20.77015052230609,165.79410249380598,Normal
2020-09-04,0.012873619057108977,0.03003010106191634,889.8310235312929,40.56880949487381,11333.85,-1.4296941197931636,22.1525,0.08047799048896476,0.13608096566951294,21.230933681537394,898.7005523351921,Normal
2020-09-07,0.011421538135751284,0.021483668168287402,235.51045163553587,52.43293461729284,11355.05,-1.8530040988427245,22.0075,-0.006545536621148873,0.2709626451773105,21.48978912102493,1153.9178085900721,Normal
2020-09-08,0.012928168524125387,0.019162004425879307,2783.676154079521,39.96600339886056,11317.35,-1.4082796380217568,22.7225,0.03248892423037608,0.25002839929568177,21.900692747349957,908.127512230609,Normal
2020-09-09,0.009984669556026822,0.016161919919357587,6853.120777704991,24.764353041381675,11278.0,-2.367330146103592,22.23,-0.02167455165584775,0.13521839580362258,22.01046183156664,550.5115681099146,Normal
2020-09-10,0.012116510019496228,0.025755916904377413,3910.1042866626162,25.09407590527678,11449.25,-0.523146132573016,21.2625,-0.04352226720647778,0.2037786773712197,21.76114122104443,533.5627889359475,Normal
2020-09-11,0.006428368670431345,0.017032910111082662,832.9581226303613,22.98073242253442,11464.45,0.033091647327761604,20.7125,-0.025867136978248162,0.1492063491361757,21.411594147362955,475.98842030174416,Normal
2020-09-14,0.016167369564160396,0.017623143108632687,5370.06906878822,60.84269662784623,11440.05,0.10159643198287341,21.19,0.02305371152685587,0.2031382014710256,21.337729431575305,1289.2567415440617,Normal
2020-09-15,0.008190523642809151,0.017133047201946767,3263.573944547754,29.547696208833294,11521.8,0.5707851851141548,20.5975,-0.027961302501179897,0.1081878243944371,21.090986287716873,608.6086726614437,Normal
2020-09-16,0.008796368622950615,0.014774687670513468,4016.6954211487914,41.178776789304884,11604.55,1.5499915737884293,19.66,-0.04551523243112032,0.20742808583205338,20.61399085847792,809.5747516777341,Normal
2020-09-17,0.0076435536061221065,0.014144748306292356,1061.5031436365696,21.068249257465407,11516.1,1.1547599948759228,20.1,0.02238046795523907,0.1592065106006072,20.442660572318616,423.4718100750547,Normal
2020-09-18,0.011983223487107628,0.014300472998249724,5018.301875395902,3.329473074599612,11504.95,0.845627034804731,20.045,-0.002736318407960181,0.15858208947334224,20.310107048212412,66.73928778034923,Normal
2020-09-21,0.027531627690665725,0.027317679067049083,8248.52704376728,53.18295292344545,11250.55,-1.2348021544841972,22.1875,0.10688450985283104,0.2357196307130359,20.935904698808276,1179.996767988946,Normal
2020-09-22,0.01933683242150897,0.02416704163943908,4672.9040902033985,61.55734047208745,11153.65,-2.408583386981755,21.41,-0.035042253521126776,0.3389295773120316,21.093936465872186,1317.9426595073924,Normal
2020-09-23,0.021082784559295728,0.018885998445810938,3883.1492578467073,54.8053804658548,11131.85,-2.291569447289812,20.99,-0.019617001401214473,0.14514245672809778,21.059290977248125,1150.3649359782921,Normal
2020-09-24,0.020221257023746844,0.028158132608614165,5151.740252321577,53.91829797880119,10805.55,-3.354413351920805,23.51,0.12005717008099115,0.13780371598961225,21.876193984832085,1267.6191854816161,Normal
2020-09-25,0.020151681311899764,0.04512994680989067,2594.0139593470576,28.103335900596957,11050.25,-1.9510952551681728,20.675,-0.1205869842620162,0.20597618026117562,21.47579598988806,581.0364697448421,Normal
2020-09-28,0.01262414877490317,0.04619522629418296,1274.944606029759,1.2722486838644471,11227.55,-0.6991814920893458,19.5725,-0.053325272067714535,0.08452236997121039,20.841363993258707,24.901087364936892,Normal
2020-09-29,0.011079888310440732,0.04505284923145861,1690.959998207672,49.96985617001168,11222.4,-0.42806598070742646,19.775,0.010346148933452426,0.09043300544619609,20.48590932883914,988.1539057619809,Normal
2020-09-30,0.0098775662959707,0.044858107918826065,165.3805872437758,54.8603746894104,11247.55,-0.33067645238805227,19.53,-0.01238938053097327,0.12844500625615926,20.16727288589276,1071.4231176841852,Normal
2020-10-01,0.0072504678796652235,0.021952527337880636,2955.9455213649117,47.86211866327486,11416.95,0.5638645662390748,18.35,-0.06041986687147971,0.11034306189946597,19.561515257261842,878.2698774710938,Normal
2020-10-05,0.011014325191919895,0.01656196614508829,625.2559139083388,62.39514348648126,11503.35,1.166414203153918,19.705,0.07384196185286096,0.09128065390120929,19.609343504841227,1229.496302401113,Normal
2020-10-06,0.010084019003151182,0.015333220860847869,1617.0545803273803,74.14756308853515,11662.4,1.711801000430715,19.635,-0.003552397868561097,0.077772139011534,19.617895669894153,1455.8874012433878,Normal
2020-10-07,0.01146419261900503,0.011923171373578234,2132.427544255746,70.89560148233427,11738.85,1.9603000824600696,20.06,0.021645021645021467,0.06468041758865267,19.765263779929434,1422.1657657356254,Normal
2020-10-08,0.009758196075416545,0.008743818943894052,28.032456618764883,68.61780104568396,11834.6,2.256029711476378,20.38,0.0159521435692922,0.09359421730129906,19.970175853286293,1398.430785311039,Normal
2020-10-09,0.011272032852811831,0.006732810329213206,2899.0602603179873,59.52298651781298,11914.2,2.0444578403230165,20.38,0.0,0.17161432768811852,20.106783902190863,1213.0784652330285,Normal
2020-10-12,0.012997095902357569,0.009933953638415989,2615.324074560718,56.91056910444073,11930.95,1.799397043853049,21.1275,0.036678115799803734,0.13297350336949293,20.447022601460578,1202.3780487540716,Normal
2020-10-13,0.008322891303703213,0.007882139575448982,17.79468886643792,30.021932653076135,11934.5,1.4984461456356128,20.715,-0.019524316648917406,0.05324813629002573,20.536348400973722,621.9043349084722,Normal
2020-10-14,0.014667560434023579,0.007582956701438498,11256.841280143739,3.8909599253517655,11971.05,1.282467483720228,20.21,-0.02437846970794111,0.12249577594858992,20.42756560064915,78.63630009135919,Normal
2020-10-15,0.030419219700836372,0.027695927559523034,12411.51264469093,35.64604541839224,11680.35,0.714500834464181,22.0575,0.09141514101929737,0.16019297369609437,20.970877067099433,786.2626468161869,Normal
2020-10-16,0.010436331103082978,0.027824193371039557,1019.6350923104374,34.42746936871227,11762.45,0.41806225910728967,21.645,-0.018701122067324105,0.08761192334234984,21.195584711399626,745.1825744857772,Normal
2020-10-19,0.006618519101032027,0.030268446810847772,151.04888308677678,8.418428881427754,11873.05,0.8510361797678485,21.8175,0.007969507969507905,0.31658581643955375,21.40288980759975,183.66907212055003,Normal
2020-10-20,0.009433127966268622,0.030400152138116348,1942.2700457488386,43.14308898990699,11896.8,0.9251490021091201,22.69,0.039990833046866125,0.18345364950913096,21.831926538399834,978.9166891809897,Normal
2020-10-21,0.020417255060167058,0.030457613216419623,1408.6559491037074,46.64764621873556,11937.65,0.9457478830852101,22.915,0.009916262670780052,0.22774349923854406,22.19295102559989,1068.9308131023254,Normal
2020-10-22,0.00972553224461274,0.011051157544120168,725.9180514373222,25.56263269584795,11896.45,0.6530741332888195,22.635,-0.012219070477852867,0.2651101897162949,22.34030068373326,578.6101910705183,Normal
2020-10-23,0.0055310617873352095,0.010229111254744589,2830.122321592156,23.884694577353454,11930.35,1.1486013906424302,21.8275,-0.03567483984979014,0.13021868781523369,22.169367122488843,521.3431708871825,Normal
2020-10-26,0.019374955470694982,0.016050658631451744,8512.305532355014,38.09803690988379,11767.75,-0.9149241791143528,22.8325,0.04604283587217961,0.09552170422837172,22.390411414992563,869.8734277449216,Normal
2020-10-27,0.014960379001920474,0.020136950351114003,3069.0311619615995,33.391716463354825,11889.4,-0.6935297928279062,22.195,-0.027920727033833304,0.04576809370600332,22.32527427666171,741.1291469041604,Normal
2020-10-28,0.020568741904536274,0.02327030860582077,5159.429798506706,36.08745684639675,11729.6,-1.5642283865647173,23.28,0.048884883982879046,0.15251182691934595,22.64351618444114,840.1159953841163,Normal
2020-10-29,0.011739530759777102,0.0233213570153401,1302.486403188065,20.875873186084938,11670.8,-2.579215641524343,24.0225,0.031894329896907214,0.0892396906833163,23.103177456294095,501.4906636127254,Normal
2020-10-30,0.01829351886758552,0.022005622810417333,1725.9592366789097,31.481326059060294,11642.4,-2.3948275561115095,24.7525,0.030388177750026113,0.19044645636780244,23.652951637529398,779.24152327689,Normal
2020-11-02,0.014451487665760966,0.0196921923918497,2894.0802104845434,28.761189719342347,11669.15,-1.9003202673247572,25.21,0.0,0.06733439108792771,24.517978505568625,725.0695928246206,Normal
2020-11-03,0.009675083446515359,0.02127985370969818,4622.457260913128,7.206632652930093,11813.5,-0.1234771771142477,24.24,-0.03847679492264988,0.09579531927973209,24.425319003712417,174.68877550702544,Normal
2020-11-04,0.014665425149181304,0.016102343476738553,5510.905273257914,40.11404974849831,11908.5,0.7427812248821578,23.2,-0.04290429042904287,0.1471740923485255,24.016879335808277,930.6459541651608,Normal
2020-11-05,0.008691270940917251,0.017870392353948907,1515.8061416996254,72.02877953327355,12120.3,2.8655081951878145,20.965,-0.09633620689655176,0.13836206890587846,22.999586223872186,1510.08336291508,Normal
2020-11-06,0.012256297286360627,0.012827367623897577,2839.5894686172323,79.8992715157853,12263.55,3.166161905269345,20.4975,-0.022299069878368716,0.0802528022512508,22.16555748258146,1637.7353178948092,Normal
2020-11-09,0.008700580174575217,0.008563446404660098,1348.7415853536522,91.77343223041497,12461.05,3.355492563064851,20.1125,-0.018782778387608112,0.16916697149936974,21.481204988387642,1845.793155734221,Normal
2020-11-10,0.013534172481441314,0.008499214355450601,1796.9610908529683,92.65516306635344,12631.1,2.8679924206493963,21.5775,0.07284027346177746,0.09695463015689014,21.513303325591764,1999.2667810642413,Normal
2020-11-11,0.015727054650809695,0.007497069741754484,1753.3248557846657,82.66047297157674,12749.15,2.402673906700468,22.0325,0.02108678021086763,0.1566446529224216,21.686368883727845,1821.2168707462645,Normal
2020-11-12,0.009122176772561939,0.018169432133839095,411.68999897612804,58.46184262438809,12690.8,1.8480013670094053,20.62,-0.06410983773970258,0.10189492790110283,21.3309125891519,1205.4831949148825,Normal
2020-11-13,0.010105745894655889,0.018975453290956772,3714.6175915100453,24.09131205620387,12719.95,1.5310344417782225,19.7025,-0.04449563530552858,0.4833899124716827,20.788108392767935,474.65907578735676,Normal
2020-11-17,0.010766551755304951,0.01699885622703552,3068.3653026253305,38.77638487005724,12874.2,1.667688942665537,19.8025,0.03515420805018299,0.10467851536608552,20.09110373011908,767.8693613893084,Normal
2020-11-18,0.01005887744480429,0.014515489067716401,4028.6337820559884,41.48564162251818,12938.25,1.4923628968532403,19.12,-0.034465345284686144,0.2061608381738866,19.767402486746057,793.2054678225477,Normal
2020-11-19,0.016791297122859126,0.021300679013923192,2261.9316809375605,24.83730052554443,12771.7,1.1598206490138931,19.57,0.023535564853556457,0.19129184090413617,19.701601657830707,486.0659712849045,Normal
2020-11-20,0.012699953804103895,0.02103088603941028,1849.1438680426195,14.598683563913802,12859.05,1.0586900498730683,19.6175,0.0024271844660193054,0.14358712307430407,19.67356777188714,286.389674815079,Normal
2020-11-23,0.011132237606968501,0.021170724664768423,1356.5242988810421,2.430156907722484,12926.45,1.1881477317382558,20.7975,0.06015037593984962,0.20147827184836078,20.035752343060953,50.54118828835836,Normal
2020-11-24,0.007821172866480909,0.020119953232692837,2384.6123632707086,37.36899563237177,13055.15,1.560728964774589,21.0575,0.012501502584445268,0.09496333689387514,20.376334895373972,786.8976255286686,Normal
2020-11-25,0.02391393434772956,0.026439375742227624,8973.034985884005,6.957236841990714,12858.4,1.2089496744680046,23.1275,0.09830226760061733,0.13368158606972266,21.29338993024932,160.90349506314024,Normal
2020-11-26,0.017700491507483308,0.023530504443054132,2299.571497104786,11.170481623060617,12987.0,1.024757471162344,20.0225,-0.13425575613447194,0.1595503188154577,20.869759953499546,223.66096829773122,Normal
2020-11-27,0.009317009317002143,0.02346302984734721,1628.763794370686,25.771791767164594,12968.95,1.2162639376377338,19.8175,-0.010238481708078506,0.18254463719188685,20.519006635666365,510.7324833457843,Normal
2020-12-01,0.012768959707599508,0.025100117101901943,2110.9469865703254,13.059120964351152,13109.05,1.8495386776674825,20.1825,0.018418064841680515,0.100416298675203,20.40683775711091,263.56570886301716,Normal
2020-12-02,0.011057246711233091,0.023491692919942183,609.5074898996492,25.605375969746074,13113.75,1.7829010425088638,19.9075,-0.013625665799578912,0.12832899783063098,20.24039183807394,509.73902211771997,Normal
2020-12-03,0.008289009627293325,0.012763647251139825,6410.548681743448,43.2438878940193,13133.9,2.2001624125229107,19.0,-0.04558583448449072,0.10975762897914969,19.826927892049294,821.6338699863668,Normal
2020-12-04,0.009684861313083095,0.01248382527973944,7127.296828670965,37.93146573191748,13258.55,2.4362856319402506,18.0275,-0.05118421052631583,0.13184210519376727,19.22711859469953,683.8094984821423,Normal
2020-12-07,0.009405251705496066,0.010531229978121517,4951.4143672736745,62.74535634138468,13355.75,2.5908096795500946,18.025,-0.00013867702121761472,0.07571765354279991,18.826412396466353,1130.9850480534587,Normal
2020-12-08,0.009314340265421881,0.008774764205496334,45.90161595120838,55.37001897393127,13392.95,2.4208125480147724,18.6175,0.032871012482663,0.14022191393052896,18.75677493097757,1030.8513282471654,Normal
2020-12-09,0.007414348593844158,0.008748167078981517,3500.599232138846,66.37452166235363,13529.1,2.538876628309763,18.92,0.01624815361890697,0.18316100433293353,18.811183287318382,1255.8059498517307,Normal
2020-12-10,0.007705612346713598,0.012924360484763985,610.5593545564551,32.17115689303458,13478.3,1.814761550688698,18.7125,-0.01096723044397474,0.10372621558999681,18.778288858212257,602.0027733609095,Normal
2020-12-11,0.013095123272213042,0.011855567412262881,93.60893564395565,30.059491616439793,13513.85,1.6848959774476002,18.79,0.004141616566466277,0.10273881090033996,18.782192572141504,564.8178474729037,Normal
2020-12-14,0.009253469588600342,0.011024358140586655,1375.3066589851499,10.119392604378733,13558.15,1.620452678791185,19.4025,0.032597126130920806,0.22964342723276016,18.988961714761004,196.34151500645837,Normal
2020-12-15,0.010517659120152468,0.011271541289750863,3114.0958561678376,15.433975008095448,13567.85,1.3461078538845572,19.345,-0.002963535626852254,0.21311686627335813,19.107641143174003,298.5702465316064,Normal
2020-12-16,0.006331143106677648,0.009889606089707787,1573.2320859596189,24.34017595245824,13682.7,1.7178065803079816,19.2,-0.007495476867407591,0.04083742567028301,19.13842742878267,467.33137828719816,Normal
2020-12-17,0.007286573556383452,0.006429356904926596,2023.2144412725415,43.12977099119015,13740.7,1.8367744159055286,19.1575,-0.002213541666666652,0.3942708331279839,19.144784952521782,826.2585877637252,Normal
2020-12-18,0.008314714679740976,0.006813690441343072,272.1152570138754,49.83010784311362,13760.55,1.669363427469594,18.6225,-0.027926399582408945,0.2577319586283534,18.970689968347855,927.9611833083834,Normal
2020-12-21,0.04694943152704868,0.035773121062190875,11148.994140388495,53.62790697612048,13328.4,-0.21070535255479617,23.19,0.24526782118405177,0.2715800777169661,20.37712664556524,1243.6311627762339,Normal
2020-12-22,0.02244455448514264,0.038332088505347604,2144.877191758148,51.168058898002016,13466.3,-0.6298289207414257,21.985,-0.0519620526088832,0.3401250537558753,20.913084430376827,1124.9297748725744,Normal
2020-12-23,0.013905081573992926,0.03885586613140992,2465.15236663861,35.29957172470914,13601.1,0.48713002596858307,20.495,-0.06777348191949051,0.12224243797032411,20.773722953584553,723.4647224979138,Normal
2020-12-24,0.010649873907249696,0.04052661405816177,2467.2779243312366,42.56905867068627,13749.25,1.7298036510803791,19.9675,-0.025737984874359632,0.2589656012398314,20.50498196905637,849.9976790069281,Normal
2020-12-28,0.00536392894157473,0.04149916741347823,1940.3215212782384,79.6133211847433,13873.2,2.374681703262507,20.4275,0.023037435833228814,0.12144735188609125,20.479154646037582,1626.3011185013436,Normal
2020-12-29,0.007763169276008642,0.005982945485778529,919.8325591668912,84.01303088600353,13932.6,2.2604762348387855,20.79,0.01774568596255044,0.17549871488165514,20.582769764025056,1746.6309121200134,Normal
2020-12-30,0.009477771557347837,0.007592507122312388,62.3562237221064,59.938797230975666,13981.95,1.9872851837815702,21.11,0.015392015392015512,0.038359788341337256,20.758513176016706,1265.3080095458963,Normal
2020-12-31,0.006322437142168038,0.009820301957785363,1499.1063134008505,42.52628371042164,13981.75,1.8579345562088347,21.095,-0.000710563713879675,0.10966366645681483,20.870675450677805,897.0919548713443,Normal
2021-01-01,0.004184025604803273,0.007363390033434951,3621.786562544988,28.50459192415517,14018.5,1.7961447712433962,19.56,-0.07276605830765581,0.09812751832276488,20.433783633785204,557.5498180364751,Normal
2021-01-04,0.01385312265933318,0.006633531094803897,2642.690142809713,43.0424864544329,14132.9,1.7664304739085457,20.03,0.024028629856850836,0.08652862981261313,20.299189089190136,862.141003682291,Normal
2021-01-05,0.011848240630010984,0.006692867495221489,8021.809599795489,44.38627108680874,14199.5,1.8092114746095889,20.46,0.021467798302546193,0.04867698449891303,20.352792726126758,908.1431064361069,Normal
2021-01-06,0.014384309306655596,0.010138022555054874,5696.858931129419,34.33468810683253,14146.25,1.502185878775255,20.995,0.02614858260019548,0.0588954056408135,20.566861817417838,720.856776802949,Normal
2021-01-07,0.009412388442159973,0.010333813576456236,12802.896455722654,21.451916410390016,14137.35,1.4275030046667638,20.615,-0.018099547511312375,0.040843057851468016,20.58290787827856,442.2312568001901,Normal
2021-01-08,0.010302496578205717,0.016383727545054617,4621.230816633899,26.73834493651634,14347.25,1.7899912524753963,20.64,0.001212709192335737,0.16832403581454097,20.601938585519044,551.8794394896973,Normal
2021-01-11,0.008022443325370377,0.0168189386091624,426.97414027799306,49.421262522139735,14484.75,2.2386176753374536,22.3825,0.084423449612403,0.10198643405911512,21.195459057012698,1106.1714084017926,Normal
2021-01-12,0.010894216330961206,0.01682150775660001,3001.919598793394,62.07536662220026,14563.45,2.3029941798182394,22.8475,0.02077515916452577,0.043225734371394785,21.746139371341798,1418.2669389007203,Normal
2021-01-13,0.01494494779738662,0.014583757541881888,4959.254138675814,54.340805470092555,14564.85,2.1017208616957572,23.2925,0.0194769668453878,0.07342159970525364,22.26159291422787,1265.733211412131,Normal
2021-01-14,0.010044730979028195,0.013255037718194095,5961.504341457505,29.736463823100436,14595.6,1.7848040200143918,23.0275,-0.01137705269936673,0.038424385515327064,22.516895276151914,684.7564206864453,Normal
2021-01-15,0.017786182137070245,0.017369358095322827,12079.154114783849,8.170956619225704,14433.7,1.1181332241649595,24.01,0.04266637715774624,0.0716534577910526,23.014596850767944,196.18466842760915,Normal
2021-01-18,0.016374872693753963,0.01692834192638981,7238.367366628495,38.72323861364397,14281.3,0.29520579619251025,24.395,0.0160349854227404,0.07684298205879102,23.474731233845297,944.6534059798447,Normal
2021-01-19,0.013668223481045998,0.025486524259005036,3888.600639527278,21.269883002218215,14521.15,0.9504732754672525,22.8975,-0.06138552982168477,0.16540274639663755,23.282320822563534,487.0271460432916,Normal
2021-01-20,0.010254008807835393,0.027083029073915254,2966.96170323303,11.115384615213578,14644.7,1.50475587411646,21.55,-0.05884921934709031,0.16835899108271254,22.70488054837569,239.53653845785263,Normal
2021-01-21,0.016135530260083027,0.027448827905865197,4845.899849541439,45.29579198330175,14590.35,1.4005109509273046,22.18,0.029234338747099686,0.19303944306587495,22.529920365583795,1004.6606661896327,Normal
2021-01-22,0.017967355135402506,0.029596757117262257,7778.093217565301,7.414845137755229,14371.9,0.24339728243948666,22.4225,0.010933273219116302,0.19431920640472528,22.494113577055863,166.25936510131663,Normal
2021-01-25,0.01896061063601962,0.029082739632215387,8551.186155956393,27.44017121697352,14238.9,-0.8928507087978151,23.245,0.03668190433716134,0.15486676322672907,22.744409051370575,637.8467799385495,Normal
2021-01-27,0.021676534001909185,0.024056685019086116,6247.853633227255,69.6416938102501,13967.5,-2.809432317534095,24.3925,0.04936545493654543,0.1685308667805847,23.293772700913717,1698.7350162665255,Normal
2021-01-28,0.013245033112573298,0.013014356303906174,183.09729263922205,77.06103903775855,13817.55,-3.503009090217729,24.29,-0.00420211130470427,0.07625294657117858,23.625848467275812,1871.812638227155,Normal
2021-01-29,0.026784777330259888,0.008574023342857652,7249.657567634009,66.58279351071702,13634.6,-2.818023810793634,25.3425,0.0433305887196378,0.1609715931819796,24.198065644850544,1687.3744445453463,Normal
2021-02-01,0.049477065700461,0.061071171411228795,7319.376824353367,2.7863660357229527,14281.2,-0.9959213342939454,23.3225,-0.07970800039459403,0.13120252535022092,23.906210429900366,64.98502186814856,Elevated_Vol
2021-02-02,0.018384309441770805,0.06501207045568158,1931.3740207423941,42.58876079717156,14647.85,1.1757378161706742,23.345,0.0009647336263263195,0.11180190798079018,23.719140286600243,994.23462080997,Elevated_Vol
2021-02-03,0.020118993572421858,0.057017372164484444,423.318524259891,62.33802135483367,14789.95,1.5737042419239053,23.745,0.017134289997858376,0.13921610617296376,23.72776019106683,1480.2163170705255,Elevated_Vol
2021-02-04,0.013451702000335781,0.05064458182123615,2506.9700003403914,61.15024095682725,14895.65,1.759725658959028,23.1225,-0.02621604548325973,0.07759528318484094,23.526006794044555,1413.946446524238,Normal
2021-02-05,0.010063340639710183,0.04136967423187683,1510.5610628567301,43.96705772598892,14924.25,1.792932758838086,23.415,0.012650016217969462,0.16672072649293085,23.489004529363037,1029.4886566540306,Normal
2021-02-08,0.007963549257076284,0.01989428015142092,2351.4269843754823,49.794696320790386,15115.8,1.9818213351532816,23.9575,0.02316890881913314,0.09256886607193303,23.645169686242024,1192.9564371053357,Normal
2021-02-09,0.012754865769583717,0.012219042595510913,3612.1497911683987,59.37581049434803,15109.3,1.7340123065549211,24.27,0.013043931962850808,0.1266826671703297,23.853446457494684,1441.0509206978268,Normal
2021-02-10,0.012644530190007004,0.012703015354470666,933.0746950938018,25.07667473728725,15106.5,1.3722812116595131,23.9525,-0.013081994231561533,0.16676967442654728,23.88646430499646,600.6490516448729,Normal
2021-02-11,0.008148810114845853,0.012210974070128626,19861.919329280114,5.986783706362257,15173.3,1.3193738895214966,23.045,-0.03788748564867961,0.13380649195958405,23.605976203330975,137.9654305131182,Normal
2021-02-12,0.010709601734618896,0.012935049105472753,4348.3905279173805,2.48610091256686,15163.3,1.1927225147265552,23.045,0.0,0.0,23.418984135553984,57.29219553010329,Normal
2021-02-15,0.0063805372181475134,0.010332544012403298,2947.1046601090848,37.171586116614165,15314.7,1.3236915582972688,21.475,-0.06812757648079848,0.06801909304924313,22.77098942370266,798.2598118542893,Normal
2021-02-16,0.01237699726405842,0.01020885545925344,5407.765422550761,45.991680846171484,15313.45,1.2845201268107669,21.78,0.014202561117578671,0.07357392313221228,22.440659615801774,1001.698808829615,Normal
2021-02-17,0.009374112299965424,0.014006548296976255,4202.775909295926,22.904206294285537,15208.9,0.9862569908992634,21.505,-0.012626262626262763,0.035927456365506164,22.128773077201185,492.55495635861047,Normal
2021-02-18,0.011355193340733857,0.014969911030417164,9338.497027792928,14.343614076426817,15118.95,0.6408228055144642,21.5425,0.001743780516159088,0.098697977168706,21.933348718134123,308.9973062414247,Normal
2021-02-19,0.016261049874484398,0.01714846145671826,4265.150549369934,61.19907489661644,14981.75,-0.2985693861636986,22.25,0.03284205640013926,0.1635139839092427,22.03889914542275,1361.6794164497157,Normal
2021-02-22,0.025033791112503596,0.016694260598464898,9129.744336215514,67.5025201604398,14675.7,-1.9855413830078346,25.47,0.14471910112359554,0.26056179763570253,23.182599430281833,1719.2891884864016,Normal
2021-02-23,0.013808540648818219,0.018204406677768157,2349.3073868254037,53.791512354395145,14707.8,-2.2139773141577948,25.2275,-0.009521005104043967,0.07008244991359136,23.864232953521224,1357.0253779205034,Normal
2021-02-24,0.034287928854054066,0.03248918039472259,6128.411006009977,10.060073937060647,14982.0,-1.5699680815187955,24.1675,-0.042017639480725344,0.06917054798566215,23.96532196901415,243.1268368739132,Normal
2021-02-25,0.007418902683214887,0.033747258221022376,613.3957096432218,35.72022852032041,15097.35,0.24383082638299433,22.8925,-0.05275680148960393,0.06372194059637032,23.607714646009434,817.7253314014349,Normal
2021-02-26,0.029919157997907016,0.05087897578244436,5618.323323839958,20.746763023029644,14529.15,-2.2989594921631435,28.1425,0.22933275090095018,0.2949655999585168,25.11930976400629,583.8657783756117,Normal
2021-03-01,0.011580168144721762,0.050922005919549075,962.8174260932753,39.01974132027208,14761.55,-1.431296144307817,25.625,-0.08945544994225807,0.1134405258546893,25.287873176004197,999.8808713319721,Normal
2021-03-02,0.013433548644950345,0.05179024085356104,836.6485359183353,40.27859436443137,14919.1,-0.6062017484139706,23.605,-0.07882926829268289,0.09424390240224624,24.726915450669466,950.7762199724025,Normal
2021-03-03,0.018590263487731462,0.05309329614391006,3731.993713645532,56.1867469872749,15245.6,0.8185639068529418,22.09,-0.06418131751747513,0.07583139162218534,23.847943633779646,1241.1652409489025,Normal
2021-03-04,0.014571417326956887,0.05456731790623645,1245.0812821963355,55.12075817725341,15080.75,0.4444648031139167,24.15,0.09325486645540959,0.11260751466156295,23.948629089186433,1331.1663099806697,Normal
2021-03-05,0.015267808298648761,0.033450277199902526,945.2817630009387,21.225138283850548,14938.1,-0.06058628485962693,25.56,0.05838509316770191,0.14679089020836808,24.48575272612429,542.5145345352199,Normal
2021-03-08,0.012802833024271624,0.030908729557560258,2152.7937765337324,16.72732566579225,14956.2,0.28015070256773467,24.675,-0.03462441314553988,0.17410015642640836,24.548835150749525,412.7467608034238,Normal
2021-03-09,0.013465987349718843,0.03055290041385208,2403.5461745312605,13.42109487857735,15098.4,0.7581636134253752,22.495,-0.08834853090172234,0.13120567370569175,23.86422343383302,301.9075292935975,Normal
2021-03-10,0.007788904784607804,0.01999463755903008,1733.2529094046574,24.59527989029465,15174.8,1.5168176662934483,20.7475,-0.07768392976216942,0.14136474765887316,22.825315622555348,510.29056952388817,Normal
2021-03-12,0.025219442760349178,0.0191966948803647,12067.810945036159,5.673507065175256,15030.95,1.037930343767718,21.7075,0.04627063501626716,0.19918062407558473,22.4527104150369,123.15765461729187,Normal
2021-03-15,0.02012846826047575,0.01777801751201959,5585.020902761674,32.70830746265107,14929.5,-0.33588438192082115,21.2275,-0.022112173212023523,0.08925486578866527,22.044306943357935,694.3155966634256,Normal
2021-03-16,0.010780669144974239,0.017724330382770555,4892.902812475133,41.574095957910934,14910.45,-0.16070292321975865,20.19,-0.048875279707925934,0.14909904597851883,21.426204628905293,839.3809973902219,Normal
2021-03-17,0.01747096834769073,0.01570303782810746,10875.785310863324,55.13121546885173,14721.3,-1.3615319864273614,20.1575,-0.0016097077761269007,0.08915304601825012,21.003303085936864,1111.3074758133787,Normal
2021-03-18,0.026940555521572887,0.01001342696830782,11875.266489766238,49.978607663956986,14557.85,-2.0474175091599727,20.08,-0.003844722807887946,0.2115837776452518,20.695535390624578,1003.5704418922562,Normal
2021-03-19,0.030097164072970847,0.02298055429796627,7459.887390221836,49.35402876010627,14744.0,-2.095758178068471,19.9875,-0.00460657370517914,0.15637450191415597,20.459523593749722,986.463649842624,Normal
2021-03-22,0.01126220835593371,0.022827320450804326,4.097462366904838,34.567346122756035,14736.4,-1.5542262968545781,20.4925,0.0252657911194496,0.11319574728545567,20.470515729166483,708.371340420578,Normal
2021-03-23,0.011644635053329437,0.024201066611979533,2481.3154511267758,1.7788089713613555,14814.75,-0.8052675423885585,20.665,0.00841771379773082,0.08015127481754247,20.53534381944432,36.75908739318241,Normal
2021-03-24,0.014671189186442812,0.027613751087245512,6867.158804583931,9.28085519907211,14549.4,-1.6702772115603173,22.455,0.0866198887007017,0.14239051529523802,21.175229212962883,208.40160349516424,Normal
2021-03-25,0.021389198179979026,0.029608030510555397,6363.467353631504,43.00045898573197,14324.9,-2.422196715048996,22.6975,0.010799376530839622,0.09763972384874646,21.682652808641926,976.0029178286514,Normal
2021-03-26,0.011075120943244901,0.029571829111568696,21.70399068168391,52.756421716994375,14507.3,-1.5610751346566085,20.65,-0.09020817270624526,0.20674083039685384,21.338435205761286,1089.4201084559338,Normal
2021-03-30,0.017832401618483148,0.03997977435992743,4210.067866388633,3.5337211807418534,14845.1,-0.03921413606139773,20.65,0.0,0.0,21.108956803840858,72.97134238231926,Normal
2021-03-31,0.009666489279284297,0.04122285447620689,2609.9423125404437,38.315337500305354,14690.7,-0.23363153116697694,20.645,-0.0002421307506053072,0.04043583533150794,20.954304535893904,791.020142693804,Normal
2021-04-01,0.012984405099816219,0.03702196874065071,1508.4163445359998,50.634888299713005,14867.35,0.5407768308445476,19.9875,-0.031847905061758275,0.045773795085602434,20.632036357262606,1012.0648298905137,Normal
2021-04-05,0.026255519645379827,0.03702846692226485,5279.248785133232,21.09133126907775,14637.8,-0.4792236524132775,21.215,0.06141338336460289,0.1659787366274027,20.826357571508407,447.45259287348443,Normal
2021-04-06,0.014018500047811867,0.03555595579239759,1749.1347548452757,20.29669170107009,14683.5,-0.10084958200511981,20.84,-0.017676172519443756,0.114777280172153,20.83090504767227,422.98305505030066,Normal
2021-04-07,0.015660435182336792,0.027057704722318873,3691.525559540826,15.688018979648046,14819.05,1.1323198649278297,20.2475,-0.028430902111324485,0.08961132433319992,20.63643669844818,317.6431642904238,Normal
2021-04-08,0.011002729594669648,0.023970820011457845,115.27856670303089,34.16076634678604,14873.8,2.078779815434524,20.3125,0.0032102728731941976,0.06988517097425102,20.528457798965455,693.8905664190914,Normal
2021-04-09,0.008928451370860964,0.021007605210649333,3074.9975695082526,32.1303400581198,14834.85,1.380374145719769,19.785,-0.025969230769230744,0.06326153843039432,20.28063853264364,635.6987780499003,Normal
2021-04-12,0.02721968877337668,0.03980394902361087,8017.747066420104,52.943838017612606,14310.8,-2.246595386377051,22.995,0.1622441243366186,0.17778620157807107,21.185425688429095,1217.4435552150019,Normal
2021-04-13,0.017748833049153263,0.04346147387329819,2716.4781900544026,58.831389073859505,14504.8,-1.5986868231753608,20.46,-0.11024135681669933,0.11730811040778083,20.943617125619397,1203.6902204511655,Normal
2021-04-15,0.01684614748220107,0.042317453975083054,1090.1619418069101,43.18118948784527,14581.45,-0.9199305527242118,20.89,0.02101661779081132,0.16129032250181316,20.92574475041293,902.0550484010878,Normal
2021-04-16,0.009512085560757373,0.0420939812683014,855.3223323642748,26.497135232297556,14617.85,-0.14050844534984464,20.4025,-0.023336524652944002,0.07695069407517909,20.751329833608622,540.6078015769509,Normal
2021-04-19,0.013059376036822721,0.04440945896546988,2075.9839094315066,24.55836936350135,14359.45,-2.1850543064920456,22.485,0.10207082465384132,0.16174488412609003,21.329219889072416,552.1949351383278,Normal
2021-04-20,0.022260601903260836,0.026210139494372935,9375.437408347052,13.878842676153834,14296.4,-1.7486595522906763,22.425,-0.0026684456304202353,0.06704469643449203,21.69447992604828,311.23304701274975,Normal
2021-04-22,0.019120198091813964,0.022806437874861783,6286.850642375487,27.352984452132276,14406.15,-1.512025393873344,23.025,0.026755852842809347,0.05273132662085564,22.13798661736552,629.8024670103456,Normal
2021-04-23,0.013039569905899214,0.02131338305419394,905.4863366237631,16.02740603168321,14341.35,-1.1396345531388183,22.69,-0.01454940282301831,0.12345276867602475,22.32199107824368,363.66184285889204,Normal
2021-04-26,0.009497013879439924,0.024887419543217923,1601.9764463637866,11.345685391432163,14485.0,-0.34466853502789485,23.495,0.03547818422212434,0.041317761110040645,22.712994052162458,266.56687827169867,Normal
2021-04-27,0.012613047980660874,0.017680936668475655,6097.7392105505805,41.38401227132458,14653.05,0.35040971067306614,23.0825,-0.01755692700574596,0.055543732685446365,22.836162701441637,955.2464632528496,Normal
2021-04-28,0.013328283190179927,0.016379131200224977,4272.993054512677,67.46324974345642,14864.55,1.4793649670743294,22.58,-0.021769738979746656,0.09292754247030105,22.750775134294425,1523.3201792072457,Normal
2021-04-29,0.015466327604928838,0.017390087261810676,2995.30305758702,74.9230532460001,14894.9,1.878046476548987,23.305,0.032108060230292335,0.05823737818501435,22.935516756196286,1746.0817558980323,Normal
2021-04-30,0.017036032467477435,0.029112091677276037,3400.4754756277202,21.577009075081353,14631.1,0.8515412689118332,23.0275,-0.011907316026603776,0.05009654578412508,22.966177837464194,496.86457647643584,Normal
2021-05-03,0.01760633171804063,0.028250041328842266,7669.956168686131,31.26681183513181,14634.15,0.30077520601750607,23.6925,0.028878514819237866,0.11725111274899525,23.20828522497613,740.7889394038604,Normal
2021-05-04,0.017896495525863865,0.02722419325854413,6980.707348211622,42.90020917875131,14496.5,0.13812109041573473,23.01,-0.028806584362139787,0.06394428613951916,23.14219014998409,987.1338132030677,Normal
2021-05-05,0.009057358672776787,0.022967638849294442,761.7231496100176,20.562868814941027,14617.85,0.2606487283261672,21.9625,-0.04552368535419393,0.08930899604984396,22.748960099989393,451.61200634814224,Normal
2021-05-06,0.009057419524752891,0.025015239344217764,2249.5888323358363,29.036774313439594,14724.8,0.9051467744303279,22.035,0.0033010813887308643,0.11337507109237342,22.51097339999293,639.8253219966415,Normal
2021-05-07,0.006624877757248521,0.016660145393044775,281.66997262868773,54.64142700995896,14823.15,1.5447650401690998,20.8225,-0.05502609484910359,0.07828454727556867,21.948148933328625,1137.7711139148705,Normal
2021-05-10,0.0050191760860511725,0.017071097787669662,639.8303674475592,79.39189188997614,14942.35,1.9126054405807025,20.225,-0.028694921359106784,0.04862528512492478,21.373765955552418,1605.7010134747675,Normal
2021-05-11,0.00860641063821382,0.013810196026951677,2927.9282610182727,22.496964344353632,14850.75,1.1525972805056932,19.83,-0.01953028430160708,0.06897404199309068,20.859177303701614,446.1148029485325,Normal
2021-05-12,0.011740147803974959,0.01943499360831284,5173.383969464699,26.941347551586,14696.5,0.27307353127591943,20.08,0.012607160867372569,0.12834089756513328,20.599451535801077,540.9822588358468,Normal
2021-05-14,0.0107338481951412,0.017835207389006656,4024.8846296465504,56.74374704942444,14677.8,-0.3146788222459164,20.2675,0.009337649402390458,0.14566733060474737,20.488801023867385,1150.0538933242099,Normal
2021-05-17,0.014487866028959023,0.024531923912858244,5881.975028343168,1.42972536346646,14923.15,1.1432977617191915,19.6075,-0.03256445047489809,0.1017639076838466,20.19503401591159,28.033340064168616,Normal
2021-05-18,0.006268783735333129,0.026326505022172184,1346.2078574801021,52.1794161846026,15108.1,2.564684576277392,19.24,-0.01874282799949012,0.06642866246771466,19.87668934394106,1003.9319673917539,Normal
2021-05-19,0.008243922134478646,0.025954877424283557,830.2034048227573,58.904567085932925,15030.15,1.8691003436037519,19.3175,0.004028066528066532,0.12149168392853855,19.690292895960706,1137.8889746825091,Normal
2021-05-20,0.012301939767725313,0.02469403832231216,5290.640946190116,7.726100658815081,14906.05,1.1107295091192306,19.6525,0.017341788533713043,0.09033259992735454,19.677695263973803,151.83719319736338,Normal
2021-05-21,0.01369578124317728,0.027977437962912407,5956.28246581438,6.504887091228497,15175.3,1.8587369756461503,19.08,-0.02913115379722686,0.12835517103251234,19.47846350931587,124.11324570063971,Normal
2021-05-24,0.007301338359039114,0.025206058516917065,491.07846112615897,10.782368670563578,15197.7,2.0081139713538545,19.13,0.002620545073375391,0.06105870017764233,19.36230900621058,206.26671266788122,Normal
2021-05-25,0.008583535666575527,0.022760143128088366,4114.27669585609,42.65993907001805,15208.45,1.8169620995896307,18.8425,-0.015028750653423795,0.17577104015903242,19.189039337473723,803.8199019268151,Normal
2021-05-26,0.008215827385428282,0.02147574575114273,5350.391407549572,35.472419441958706,15301.45,1.8186841207713953,20.8725,0.10773517314581382,0.21613374010023406,19.75019289164915,740.3980748022831,Normal
2021-05-27,0.007322835417553633,0.01607816312566349,1510.66677829298,34.916315143967346,15337.85,1.822689912891066,19.91,-0.04611330698287208,0.14229249005040495,19.8034619277661,695.1838345163899,Normal
2021-05-28,0.004883344145362668,0.005939718134182753,971.7373250543953,47.66811279697225,15435.65,2.026359975148523,17.4025,-0.1259417378201909,0.12832747356688723,19.0031412851774,829.5443329493096,Normal
2021-05-31,0.015052816045961773,0.00782478093397527,7931.266353863745,60.15329693279841,15582.8,2.0683413614664263,16.885,-0.0297371067375376,0.08949863520212677,18.297094190118266,1015.6884187103013,Normal
2021-06-01,0.00849975614138125,0.008708787054526875,3337.4550630382064,55.61820378462318,15574.85,2.003657897347454,17.3875,0.029760142137992274,0.15709209348114164,17.99389612674551,967.0615183051355,Normal
2021-06-02,0.00883475603295775,0.009593931131303536,5513.330927881005,24.412818470851875,15576.2,1.6088792061457167,17.21,-0.010208483105679234,0.14263120049309494,17.73259741783034,420.1446058833608,Normal
2021-06-03,0.006041268088490128,0.010087927667601847,4390.970817373157,23.46158666440758,15690.35,1.921954233262157,15.745,-0.08512492736780952,0.1779488668344283,17.070064945220228,369.40268203109736,Normal
2021-06-04,0.007090345339646922,0.011210972866173872,4858.433467078738,17.921906022027407,15670.25,1.6753631275692125,15.94,0.012384884090187454,0.0914576055309891,16.69337663014682,285.67518199111686,Normal
2021-06-07,0.006084778481513665,0.00860167288804128,1923.3420243895355,51.259647588429836,15751.65,1.6476313793730633,15.5675,-0.023368883312421485,0.07512547046729894,16.318084420097883,797.9845638328815,Normal
2021-06-08,0.006272358768759879,0.00869078554621757,4688.671355424095,23.527533917843943,15740.1,1.448398567815248,15.225,-0.022000963545848795,0.13056046241813998,15.953722946731922,358.20670389917404,Normal
2021-06-09,0.014837898107372424,0.012459298810907357,10407.063727072984,15.589484559394407,15635.35,1.014992303126665,14.7525,-0.03103448275862075,0.24942528719249565,15.553315297821282,229.98387096246597,Normal
2021-06-10,0.006571646941062034,0.011961037524723746,3275.33513281161,24.037925264383276,15737.75,1.1608910531785563,15.0025,0.016946280291475935,0.0693102863451548,15.369710198547521,360.6289737789101,Normal
2021-06-11,0.005448682308458675,0.012059514916817466,169.40831631323883,6.439351592925021,15799.35,1.522261376926655,14.1025,-0.059990001666389015,0.07098816859124264,14.947306799031683,90.8109558392251,Normal
2021-06-14,0.01370626006765229,0.011218067746954427,1817.0349719497476,13.712957582482037,15811.85,1.10652724812258,14.715,0.04343201560007093,0.11115050515075299,14.869871199354456,201.78617082622318,Normal
2021-06-15,0.003744027422468799,0.01133360362419274,275.9273981882979,4.837911407947878,15869.25,1.9723409923665098,14.605,-0.007475365273530321,0.1281005775548076,14.781580799569639,70.65769611307876,Normal
2021-06-16,0.008711816878548946,0.011108500868760864,7382.277613392419,37.014958946416876,15767.55,1.2927465150895792,14.865,0.017802122560766742,0.11674084209740442,14.809387199713093,550.2273647384868,Normal
2021-06-17,0.009678104715057418,0.010714163086155566,2898.7732876367972,38.6495007872132,15691.4,-0.05113755630575489,15.2875,0.028422468886646346,0.10242179609658815,14.968758133142064,590.8542432845218,Normal
2021-06-18,0.019794282218272584,0.0092003415600015,6224.901761784538,65.0926926583241,15683.35,-1.0982289837148702,14.7975,-0.03205233033524124,0.3937857724325196,14.911672088761376,963.2091196115508,Normal
2021-06-21,0.016546209833985373,0.010647574139526677,23550.740322768503,39.857478898023395,15746.5,-0.6321921490248941,15.06,0.017739483020780655,0.1409021793269795,14.961114725840918,600.2536322042323,Normal
2021-06-22,0.009122662178891081,0.009766743619990343,10915.746209905143,4.392854660396338,15772.75,1.4290175351690668,14.7375,-0.021414342629482053,0.045650730381374016,14.886576483893947,64.73969555759103,Normal
2021-06-23,0.011982691667583659,0.009150946214137336,15794.855414176447,9.385194479140416,15686.95,0.1413896284148638,15.365,0.042578456318914215,0.12960135699433326,15.046050989262632,144.2035131719925,Normal
2021-06-24,0.007566799154706506,0.010267801777201168,3878.2458141545676,11.09583245163767,15790.45,0.6231461219247595,15.0975,-0.01740969736413933,0.046371623790190844,15.063200659508421,167.51933043859972,Normal
2021-06-25,0.006237947620234864,0.010384492793326342,1275.4839587826177,6.813603507363126,15860.35,1.5618085038094554,13.3675,-0.11458850803113096,0.13197549254381485,14.497967106338947,91.0808448846766,Normal
2021-06-28,0.0077867134079589746,0.011177883561576223,7239.536444297918,26.44129611372034,15814.7,1.3973688844827308,13.4025,0.0026182906302598674,0.04881241814190205,14.132811404225965,354.3794711641369,Normal
2021-06-29,0.00707253378185673,0.012150720587933388,5137.407841555819,7.832859068209174,15748.45,0.11627812523245713,13.0025,-0.029845178138407036,0.037306472645173304,13.756040936150644,101.84675003438979,Normal
2021-06-30,0.008277005038585866,0.010658346243482542,6310.746126642683,10.54142739921932,15721.5,-0.19324392116338918,13.045,0.003268602191886183,0.0415304748767311,13.519027290767097,137.51292042281602,Normal
2021-07-01,0.005629233851728124,0.00754561025202918,8787.925276420086,37.82884789725346,15680.0,-1.097551201931908,12.84,-0.01571483326945189,0.07301648135452937,13.292684860511399,485.72240700073445,Normal
2021-07-02,0.006530612244893771,0.005888620725356454,2321.680297701136,27.424124512764553,15722.2,-1.0052893625926578,12.09,-0.05841121495327106,0.07768691582734653,12.891789907007599,331.55766535932344,Normal
2021-07-05,0.005336403302333521,0.010322400933553678,3285.3937580231795,11.059907833750241,15834.35,1.1605830130356587,12.0675,-0.0018610421836227076,0.05252274602769002,12.617026604671732,133.46543778378106,Normal
2021-07-06,0.0071490146422132405,0.009019690253468849,415.07788005609206,42.65507587910304,15818.25,1.5790837095131842,12.275,0.017194945100476478,0.0886679096012696,12.503017736447823,523.5910564159898,Normal
2021-07-07,0.0071973827698972115,0.008731807320152314,4991.021600173823,44.05644241607633,15879.65,1.4784879135607412,12.2125,-0.005091649694501044,0.11710794287811979,12.406178490965216,538.0393030063321,Normal
2021-07-08,0.012774211018496793,0.014299715539120272,8820.699923691855,11.595719934598936,15727.9,-0.2258829148192288,13.56,0.11033776867963163,0.15987717489467584,12.790785660643477,157.23796231316157,Normal
2021-07-09,0.006237323482469878,0.014291132535679858,97.7282583258581,40.56171648889685,15689.8,-1.9730899002374909,12.9425,-0.045538348082595825,0.13477138633128943,12.841357107095654,524.9700156575475,Normal
2021-07-12,0.009206618312528437,0.011031452057304488,6103.392829077881,19.89223170139444,15692.6,-1.279090728172315,12.9925,0.0038632412594166166,0.1388835231687204,12.891738071397103,258.44982038036727,Normal
2021-07-13,0.0048557919019123885,0.014598984155385413,1793.4104649916108,10.734996628166089,15812.35,0.39264720525812224,12.6225,-0.02847796805849523,0.17856455633745275,12.80199204759807,135.50249493902646,Normal
2021-07-14,0.007155799106390136,0.014225949987090765,4334.162411401332,37.973043026491176,15853.95,1.0373410588693481,12.59,-0.002574767280649648,0.1960784312172087,12.731328031732048,478.0806117035239,Normal
2021-07-15,0.006140425572172169,0.008638046827745275,3542.5218739227716,48.020603383428536,15924.2,2.2193619541206355,12.27,-0.025416997617156545,0.1479348688261042,12.5775520211547,589.2128035146682,Normal
2021-07-16,0.005001821127588802,0.007149204762119626,4914.108289777087,48.57486263569498,15923.4,2.114635251137207,11.705,-0.046047269763651144,0.0607171963645336,12.286701347436466,568.5687671508097,Normal
2021-07-19,0.008126405164721,0.01569500843874139,137.97423533567323,22.89630663731726,15752.4,-0.3715413533247866,12.68,0.08329773601025203,0.1275096111682959,12.417800898290979,290.32516816118283,Normal
2021-07-20,0.009516010258748273,0.014763827738294459,3899.361826698833,62.665104387246515,15632.1,-1.8947746841247988,13.205,0.041403785488959066,0.18178233424149656,12.680200598860655,827.4927034335902,Normal
2021-07-22,0.0069344489863761285,0.02072059232405931,2852.708785250348,33.369904632739626,15824.05,0.1082136846096034,11.885,-0.09996213555471412,0.11264672464017671,12.41513373257377,396.60131656011043,Normal
2021-07-23,0.00830381602686522,0.020159231297989116,34.18663144247138,8.347278275256063,15856.05,0.7057737527269415,11.7625,-0.010307109802271786,0.04606647030200545,12.19758915504918,98.18486071269943,Normal
2021-07-26,0.006076544915028623,0.02015951921410235,1525.063940964277,39.80717853316721,15824.45,0.6090424525551779,12.45,0.05844845908607854,0.18235919219353094,12.281726103366122,495.59937273793173,Normal
2021-07-27,0.011409559257976433,0.017372599671111082,12751.195036197898,7.592456526877495,15746.45,-0.30769381395844425,13.2325,0.06285140562249003,0.11425702802067718,12.598650735577415,100.46718099190645,Normal
2021-07-28,0.01613379523637632,0.01515005325863634,5622.682309200259,53.404275354489016,15709.4,-1.7949811972975562,13.6925,0.03476289438881541,0.3495182313625405,12.963267157051611,731.2380402913409,Normal
2021-07-29,0.005063847123375206,0.00833520766439338,1348.7522055899099,43.074371024917845,15778.45,-0.07174140109940065,12.945,-0.05459192988862516,0.09183859770543101,12.957178104701075,557.5977329175615,Normal
2021-07-30,0.007475385731800281,0.007682701877199334,4861.223058463113,19.220752161283077,15763.05,0.0026324984745218355,12.8025,-0.011008111239861007,0.08845113936774725,12.905618736467385,246.0736795448266,Normal
2021-08-02,0.0036953508362888555,0.011569812359353051,781.4021637805773,35.249472943492535,15885.15,1.19460598180207,12.805,0.00019527436047650504,0.12282757264375894,12.872079157644924,451.36950104142187,Normal
2021-08-03,0.014639458865660876,0.016086111760615862,7410.173824411194,64.67471298077368,16130.75,3.194537058357456,13.7475,0.07360406091370564,0.15169855513338645,13.163886105096617,889.1156167031861,Normal
2021-08-04,0.007070347008039327,0.013387845456608595,2040.4422854417705,77.56101986974767,16258.8,3.6131513831301603,13.2125,-0.03891616657574104,0.10238225124394808,13.18009073673108,1024.7749750290411,Normal
2021-08-05,0.008558442197450972,0.01406598050980061,220.69338391301673,81.47586329826925,16294.6,2.8398130356480733,12.8725,-0.02573320719016081,0.16764427612666466,13.077560491154054,1048.798050306971,Normal
2021-08-06,0.0069624292710426215,0.015821428016341007,4867.139419261395,49.15665574446887,16238.2,2.0407874113571745,12.6075,-0.020586521654690326,0.11827539318836629,12.92087366076937,619.7425372983913,Normal
2021-08-09,0.00872633666292529,0.016245644137754152,3348.842066154726,3.804209992295071,16258.25,1.551189337296097,12.605,-0.00019829466587339972,0.08566329558940051,12.815582440512914,47.95206695287937,Normal
2021-08-10,0.009656635861787303,0.009085351031951032,877.489948645053,1.3951231347471715,16280.1,1.3948981842873334,12.705,0.007933359777865912,0.24474414895299954,12.77872162700861,17.725039426962816,Normal
2021-08-11,0.010823029342565002,0.0049693538178095875,16619.023510452076,9.570435881036753,16282.25,1.1146638928954151,12.7125,0.0005903187721369996,0.22471467908326276,12.756647751339074,121.66416613767973,Normal
2021-08-12,0.0054415083910360025,0.006809479953486863,9315.516338992009,8.336264509125472,16364.4,1.285600718714928,12.3725,-0.026745329400196693,0.11445427719610282,12.628598500892718,103.14043263915491,Normal
2021-08-13,0.010223411796332101,0.009123026043842726,9408.229646741234,36.81043129306072,16529.1,1.6505334063314885,12.99,0.04990907253990695,0.1428571427416794,12.749065667261814,478.16750249685873,Normal
2021-08-16,0.006573255652148982,0.008895508269308537,2601.395409463586,65.77013906938447,16563.05,1.7271328055528974,13.4575,0.03598922247882985,0.1757120860849022,12.985210444841211,885.1016465262414,Normal
2021-08-17,0.008038978328261849,0.00846861487057832,4553.260736176868,60.1068883596175,16614.6,1.858178710842235,13.4125,-0.0033438603009474654,0.11759242049593724,13.12764029656081,806.1836401233697,Normal
2021-08-18,0.00999121254799394,0.010418132886273879,15543.095986886505,38.805787149612485,16568.85,1.9271342470009794,12.905,-0.037837837837837895,0.17092264665728044,13.053426864373874,500.7886831657491,Normal
2021-08-20,0.008057288224585258,0.01449624523934186,5227.1972302753975,9.62496188617542,16450.5,0.8095376585276066,14.015,0.08601317318868662,0.13889965119031414,13.373951242915917,134.89384083474852,Normal
2021-08-23,0.011963162213907154,0.009972514479864681,7549.3928299786285,0.6389488840776423,16496.45,0.9444717283129915,13.685,-0.023546200499464875,0.1223688903871788,13.477634161943946,8.744015478602535,Normal
2021-08-24,0.009201979819895022,0.012922163061653552,3569.714315011177,4.109715552195993,16624.6,1.4252390690401064,13.1875,-0.036353671903544105,0.10303251727947935,13.380922774629298,54.196873844584665,Normal
2021-08-25,0.005711415613003839,0.012589477137977315,1732.9234454348823,45.74456092783842,16634.65,1.6806615840760464,13.4975,0.0235071090047394,0.12947867288759907,13.419781849752866,617.4372111234991,Normal
2021-08-26,0.004827273191798504,0.012046564344195721,1051.9345748697071,32.36508179078609,16636.9,1.395241892155641,13.5375,0.0029635117614372763,0.1542878309655211,13.459021233168578,438.1422947427667,Normal
2021-08-27,0.009403795178182635,0.006884177120241861,12930.515527838348,27.012360565963444,16705.2,1.425426081476315,13.405,-0.009787626962142193,0.060572483796437704,13.441014155445718,362.10069338674,Normal
2021-08-30,0.011173167636417984,0.012438810152163816,8738.569324160808,52.52044301723405,16931.05,2.7400770721043606,13.3175,-0.006527415143602999,0.0956732561762975,13.399842770297147,699.4409998820145,Normal
2021-08-31,0.014036341514546415,0.014062863558025326,6259.823659437996,73.36039974901033,17132.2,3.4273482581571226,14.52,0.09029472498592073,0.1599399285451925,13.773228513531432,1065.19300435563,Normal
2021-09-01,0.009963694096490882,0.01629182697373826,3814.614069067126,76.94187733786075,17076.25,2.8900209478126904,14.185,-0.023071625344352586,0.11914600542758542,13.910485675687623,1091.4205300375547,Normal
2021-09-02,0.010880609033007273,0.015210712785307237,5688.086236587658,49.48245392494337,17234.15,2.3356896769481246,14.24,0.0038773352132535077,0.05463517796641865,14.02032378379175,704.6301438911936,Normal
2021-09-03,0.007421311756014865,0.014980905881415317,3454.250485015384,38.521882740740544,17323.6,2.157657446085952,14.5425,0.021242977528090012,0.074789325790176,14.194382522527834,560.2044797572194,Normal
2021-09-06,0.004848876676900385,0.013084306281222683,1226.8208366523743,48.564279755783126,17377.8,1.990868667064671,15.105,0.038679731820526086,0.08423586035122166,14.497921681685224,733.5634457111041,Normal
2021-09-07,0.008602930175276155,0.011057722058885118,4277.620143598463,32.737707055361085,17362.1,1.5930179139871459,14.895,-0.013902681231380387,0.042701092325255784,14.630281121123483,487.6281465896033,Normal
2021-09-08,0.007441496132376056,0.009421904075386407,4914.440944767476,0.493955543987628,17353.5,1.265037040958577,14.41,-0.03256126216851285,0.17304464573813724,14.55685408074899,7.117899388861719,Normal
2021-09-09,0.004434263981326902,0.005740004261577421,24453.7872978944,25.685364824245642,17369.25,1.1778245841161616,13.9425,-0.03244274809160297,0.053608605098120383,14.352069387165994,358.1181990620449,Normal
2021-09-13,0.006286972667209823,0.0038154326631152486,3739.6595639748716,21.040114158203533,17355.3,1.0225356303972644,14.025,0.00591715976331364,0.20512820498108067,14.243046258110663,295.08760106880453,Normal
2021-09-14,0.0041197789724152735,0.0023855078563662074,12875.134885684007,9.892353377510181,17380.0,1.1521435983205712,13.575,-0.03208556149732633,0.22477718344044403,14.020364172073776,134.2886970997007,Normal
2021-09-15,0.008388952819327698,0.008040189517929824,12858.611613996734,34.99927567622881,17519.45,1.3996892015817775,13.73,0.011418047882136406,0.11086556161262211,13.923576114715852,480.5400550346216,Normal
2021-09-16,0.007657203850573005,0.008455392302899389,5741.211881350147,71.94001620989113,17629.5,1.861080365179474,14.4125,0.04970866715222133,0.40058266540379994,14.086550743143903,1036.8354836250558,Normal
2021-09-17,0.01448140900194869,0.010126453141410956,7401.52406797681,65.36936272128857,17585.15,2.1892850977151292,15.2325,0.056895056374674846,0.24371205533827445,14.468533828762602,995.738817652028,Normal
2021-09-20,0.014839225141659428,0.016790287269560517,2407.4052998326015,12.976629766097854,17396.9,0.8884388544683983,17.4925,0.14836697849991798,0.4976202195978204,15.476522552508403,226.9936961834667,Normal
2021-09-21,0.014499709718389769,0.019120092523632403,4909.530041382956,8.223812621883972,17562.0,0.9698196165936073,16.52,-0.05559525510933261,0.28555095024407545,15.824348368338935,135.85738451352321,Normal
2021-09-22,0.004922560072881875,0.017700652596270443,1625.5873325415175,29.925790043693443,17546.65,1.394094754122337,16.4925,-0.0016646489104116258,0.21685835337962567,16.047065578892624,493.55109229561407,Normal
2021-09-23,0.011247161139014552,0.02331525601166028,5825.165020701358,36.1427785197559,17822.95,2.817007279334985,16.6025,0.006669698347733677,0.40169774115404105,16.23221038592842,600.0604803742473,Normal
2021-09-24,0.0071957784766230075,0.022613797757719215,2415.66970297544,72.13595077503443,17853.2,2.7983545309741173,16.9225,0.01927420569191396,0.2745068512124637,16.46230692395228,1220.72062699052,Normal
2021-09-27,0.007875338874819067,0.01599760690999855,4393.092580190183,56.65076841447385,17855.1,2.1287362858367684,18.0525,0.06677500369330769,0.27315703928310997,16.992371282634853,1022.6879968022891,Normal
2021-09-28,0.01886015760201911,0.018174199655101246,20319.58909220898,23.043262879408672,17748.6,1.149943870918707,18.535,0.026727600055393985,0.17712228213426268,17.5065808550899,427.10687746983973,Normal
2021-09-29,0.00978105315348257,0.018467945370580056,6527.838394088298,37.37614256029901,17711.3,0.7279988689701163,18.8375,0.016320474777447913,0.144456433696004,17.950220570059933,704.0730854796325,Normal
2021-09-30,0.008853105079802972,0.007415847168239609,7560.623386308356,37.41287566458278,17618.15,0.26971333895151217,18.4025,-0.02309223623092227,0.10550763099906699,18.100980380039957,688.4904444174846,Normal
2021-10-01,0.005917193348901038,0.005698921210890493,12.246953311534007,31.322505799831998,17532.05,-0.8803425308525561,17.21,-0.0648009781279717,0.11289227001065495,17.803986920026638,539.0603248151087,Normal
2021-10-04,0.009670859939362836,0.01402294213941309,3937.195751852086,7.117766685022719,17691.25,0.2753313473825274,16.735,-0.027600232423009907,0.12855897726405638,17.447657946684426,119.1158254738552,Normal
2021-10-05,0.01088391153818359,0.015398574970293562,7529.773469343586,24.945807681870672,17822.3,0.9475094928751872,16.3975,-0.020167314012548454,0.05004481622345685,17.09760529778962,409.04888146347434,Normal
2021-10-06,0.015230918568301778,0.018848236841516142,8168.9929154619,47.9534304745116,17646.0,0.3989753588477051,17.3325,0.05702088733038568,0.09041012343929848,17.175903531859745,831.1528336994722,Normal
2021-10-07,0.005312818769123136,0.01957111583397924,792.7770201591314,19.791281178005896,17790.35,1.0920537552846643,16.155,-0.06793595845954126,0.16616183460772424,16.835602354573165,319.7281474306853,Normal
2021-10-08,0.0057053402546854304,0.01772657481349946,348.40908179603946,21.34751773015967,17895.2,1.744282792974188,15.6525,-0.031104921077065972,0.05385329615979363,16.441234903048777,334.1420212713242,Normal
2021-10-11,0.011335441906203274,0.0166133677239118,4636.327765416821,32.5852624132784,17945.95,2.002246473566252,16.085,0.02763136879092798,0.2670499918434435,16.32248993536585,524.1339459175831,Normal
2021-10-12,0.0080073777091723,0.01564288689752187,6743.1969896190885,37.02439514030679,17991.95,1.8508928192307623,15.8475,-0.014765309294373696,0.15293751933295774,16.16415995691057,586.7441019860119,Normal
2021-10-13,0.008173099636221617,0.006907152941839516,4306.866615969675,52.362418536343775,18161.75,2.740440731335082,16.1,0.015933112478308864,0.1792080768706684,16.142773304607047,843.0349384351348,Normal
2021-10-14,0.005618951918176557,0.007710021256776398,3022.696284302353,63.52242131531831,18338.55,3.0374330568097405,15.7675,-0.020652173913043526,0.22810558992043126,16.017682203071367,1001.5897780892815,Normal
2021-10-18,0.005335754462591035,0.007833840485553911,862.4978210538296,89.16506797749318,18477.05,2.928920424167353,17.185,0.08990011098779127,0.20041224024074072,16.40678813538091,1532.3016931932202,Normal
2021-10-19,0.01227198064625453,0.012288913839698518,8981.325550153433,44.77311195220848,18418.75,2.181354384819922,17.3825,0.011492580739016711,0.192464358340143,16.732025423587274,778.2686185092639,Normal
2021-10-20,0.013516118086182046,0.018445616824524242,9136.307358193046,6.401587534816837,18266.6,1.279458841096069,18.3125,0.0535020854307493,0.20897454324235598,17.258850282391517,117.22907173133333,Normal
2021-10-21,0.018405176661218655,0.017792543295003772,12582.416222720465,48.93459785627603,18178.1,0.7237553346219445,18.035,-0.015153583617747435,0.2122866893038708,17.51756685492768,882.5354723379381,Normal
2021-10-22,0.015397648819175134,0.013280499396438179,6983.377854545677,39.69134732050539,18114.9,0.4029888144800902,17.545,-0.027169392847241403,0.20404768494369407,17.526711236618453,696.3846887382672,Normal
2021-10-25,0.015064946535716496,0.007131376444369362,11694.970208369909,27.0922384698862,18125.4,0.10392240615758823,17.61,0.0037047591906524957,0.24223425463537515,17.554474157745638,477.094319454696,Normal
2021-10-26,0.01164939808224287,0.01383896729228199,9534.703627165345,1.3678905687366818,18268.4,0.5482214324417036,16.7525,-0.048693923906870995,0.06132879042513992,17.287149438497092,22.915586752761264,Normal
2021-10-27,0.009532854546643519,0.011523530890880701,7310.20651370918,5.287146763821106,18210.95,0.4963335676187134,16.8275,0.00447694373974028,0.09729891055227635,17.133932958998063,88.96946216819966,Normal
2021-10-28,0.021484326737473067,0.02236100113509807,10848.206941306607,33.60943775058261,17857.25,-1.4728745322557546,17.9125,0.06447778933293713,0.09627098493758972,17.39345530599871,602.029053707311,Normal
2021-10-29,0.016953898276600845,0.023392212922024598,4896.740260820207,58.89239081428595,17671.65,-2.6314105626945965,17.425,-0.027215631542219176,0.18743893918356522,17.403970203999144,1026.1999099389327,Normal
2021-11-01,0.01454306756866815,0.03059017910657654,3298.3918801264203,51.82602588490236,17929.65,-1.7474964030651514,17.235,-0.010903873744619874,0.15566714481740757,17.347646802666098,893.2215561262921,Normal
2021-11-02,0.009183112888422785,0.0280249677955191,3005.884934341824,11.995732479669446,17888.95,-1.3714545670697271,17.0625,-0.010008703220191428,0.08282564544077432,17.252597868444067,204.67718543435993,Normal
2021-11-03,0.012901819279492101,0.028017098856885806,5875.891558144221,0.9957220828889337,17829.2,-1.4056667871503548,16.125,-0.05494505494505497,0.07985347980667931,16.876731912296044,16.056018586584056,Normal
2021-11-04,0.002633320620104906,0.021188487037148183,1734.2415920052956,6.130790190615674,17916.8,-0.9209253809233929,15.7475,-0.02341085271317822,0.13069767433755192,16.50032127486403,96.54461852672033,Normal
2021-11-08,0.014048267547768589,0.016779012859370047,1695.2645714004764,8.421403012259326,18068.55,-0.39825223513864066,16.34,0.03762501984441968,0.18637879016581757,16.446880849909356,137.60572522031737,Normal
2021-11-09,0.007169916789112993,0.011496179210607457,2722.727054452477,33.03642914265335,18044.25,0.059200985193692046,16.0025,-0.020654834761321794,0.1207160341978481,16.29875389993957,528.6654573553102,Normal
2021-11-10,0.008105075023895089,0.011220693605610309,3866.9981815222286,18.388625592068465,18017.2,-0.13943599763345813,16.305,0.01890329635994359,0.09654741440615677,16.300835933293047,299.8265402786763,Normal
2021-11-11,0.00961026130585783,0.014236218867898847,8678.450376531482,32.34640258624997,17873.6,-0.943409915276863,16.3525,0.0029132168046610563,0.16191352335975867,16.318057288862033,528.9445482916526,Normal
2021-11-12,0.012146405872341167,0.01876608531153326,5614.663452534831,5.401447978435996,18102.75,0.5377039620259331,15.2175,-0.06940834734750034,0.10441828460209857,15.951204859241356,82.19653461184977,Normal
2021-11-15,0.007670105370726849,0.01699096142368945,1488.596928707549,20.090572251625172,18109.45,1.294040441648936,15.465,0.016264169541646112,0.15869886633238117,15.789136572827571,310.7006998713833,Normal
2021-11-16,0.009599960241747052,0.018242071712333822,6631.676123761168,22.469311510007948,17999.2,0.5972183248335458,15.195,-0.01745877788554795,0.1359521499282559,15.591091048551714,341.4211883945708,Normal
2021-11-17,0.007967020756473719,0.018972626716797013,3379.146759916276,22.999342249001653,17898.65,-0.21162833275401358,14.98,-0.01414939124712078,0.09855215524938986,15.387394032367812,344.53014689004476,Normal
2021-11-18,0.014364211826023463,0.018761339053803387,6565.6989346469945,66.64925567917348,17764.8,-1.6026929587936,14.8575,-0.008177570093457986,0.2715287047586591,15.210762688245207,990.24131625332,Normal
2021-11-22,0.029541565342683502,0.016352737354687556,11623.009216114438,73.31135847753896,17416.55,-4.098005664669345,17.52,0.1792024230186775,0.30422345596215816,15.980508458830139,1284.4150005264826,Normal
2021-11-23,0.01938386190145628,0.01953244026923617,6910.883217744782,59.236266189734515,17503.35,-3.2918731207095746,18.015,0.028253424657534332,0.18450342455222396,16.65867230588676,1067.1413354080673,Normal
2021-11-24,0.014088731585659755,0.019604660645632547,4555.901368348013,38.36789900776978,17415.05,-2.245493699029212,17.095,-0.0510685539827922,0.13530391333038916,16.804114870591174,655.8992335378243,Normal
2021-11-25,0.012210702811641409,0.023913037048932145,7001.992471062237,2.478509129667543,17536.25,-1.6294191677054928,16.6625,-0.025299795261772284,0.12108803736701491,16.75690991372745,41.29815837308544,Normal
2021-11-26,0.021082044336719074,0.034983951728866335,7603.078704896475,31.828084768946333,17026.45,-2.4210572818667417,20.8025,0.24846211552888198,0.32063015734695843,18.10543994248497,662.1037334060061,Normal
2021-11-29,0.022218372003546073,0.03282421436959589,49.142201080591505,50.07446342487893,17053.95,-2.207463184332258,20.83,0.0013219564956135077,0.2368705683274268,19.013626628323316,1043.051073140228,Normal
2021-11-30,0.023059173974344323,0.03087354294491383,1950.6270182914363,30.659556765519483,16983.2,-1.63537817450902,21.1675,0.016202592414786388,0.15158425340778475,19.73158441888221,648.9861678341337,Normal
2021-12-01,0.0087615996985204,0.03521614558543093,3769.5303644496503,3.9294987017780763,17166.9,-1.2546034036553677,19.4475,-0.08125664343923467,0.10546828860022764,19.636889612588142,76.41892600282914,Normal
2021-12-02,0.015789105779135507,0.03805959835787642,7627.510158556477,41.51987921443258,17401.65,-0.6491423164788541,18.0875,-0.06993186784933814,0.2551741867822731,19.120426408392095,750.9908152910492,Normal
2021-12-03,0.01775693684218579,0.023499926606824133,6291.914178850225,34.17088529405898,17196.7,-0.6693021021674094,18.455,0.020317899101589543,0.08970283339892027,18.89861760559473,630.6236881018583,Normal
2021-12-06,0.018901882337879372,0.030016565490249798,7067.816961048343,1.3644901115746464,16912.25,-1.5031739236772754,20.0775,0.08791655377946372,0.11798970462314286,19.291578403729822,27.395550215139963,Normal
2021-12-07,0.015604073970042154,0.03414893478507582,3016.7087567389617,18.978889516472172,17176.7,-0.8740134901026108,18.46,-0.0805628190760802,0.09139584107015526,19.01438560248655,350.35030047407633,Normal
2021-12-08,0.01022606204916518,0.03656674584667992,3137.7903481239027,2.1854270581355983,17469.75,0.6477210707004903,17.265,-0.06473456121343446,0.10265438781004635,18.431257068324367,37.73139815871111,Normal
2021-12-09,0.009367621173737906,0.034372064374912595,213.31542577139552,40.261421788763,17516.85,1.2199800223555257,16.6025,-0.03837242977121347,0.10975962924427472,17.82167137888291,668.4402552479377,Normal
2021-12-10,0.007370046555169728,0.03057440116639353,1756.0168726159782,48.54740697496793,17511.3,1.2576582631601982,16.06,-0.03267580183707275,0.10374943526351488,17.23444758592194,779.6713560179849,Normal
2021-12-13,0.01619240147789355,0.024105866428157742,22433.480175314904,28.42269651174056,17368.25,1.0571558097440636,16.57,0.03175591531755928,0.13605230377580796,17.012965057281296,470.9640811995411,Normal
2021-12-14,0.008659479222138953,0.021095178159580945,3797.1943703246175,4.440103010310988,17324.9,0.264205864133089,16.9525,0.023083886541943377,0.20473747724517943,16.99281003818753,75.27084628229703,Normal
2021-12-15,0.009177542150310143,0.009705216880330709,6145.1954954393395,9.882789442450495,17221.4,0.028794867076873374,17.2175,0.0156319126972424,0.11473234029509954,17.06770669212502,170.1569272253914,Normal
2021-12-16,0.011288280859853722,0.008933923313780208,12413.052699512686,26.915442635432875,17248.4,0.0708360746948916,15.895,-0.07681138376651675,0.11354726289324983,16.676804461416683,427.82096069020554,Normal
2021-12-17,0.019230769230758123,0.01414080942360021,12753.673537830331,32.6886585895099,16985.2,-1.443731331228809,16.3375,0.02783894306385659,0.1980182446064685,16.56370297427779,534.050959706118,Normal
2021-12-20,0.025310270117499038,0.021419922610911503,5431.893254082405,67.8049223497614,16614.2,-3.653241544569778,18.965,0.16082631981637352,0.23244070375979164,17.364135316185195,1285.920352363225,Normal
2021-12-21,0.014936018586501431,0.02808857317091033,49.429812985495026,55.207909512122676,16770.85,-2.056549785891881,17.5375,-0.07527023464276295,0.12325336139032243,17.421923544123466,968.2087130688515,Normal
2021-12-22,0.009033531395242917,0.033107225324491105,2126.379771229069,38.76156194433149,16955.45,-1.2221860823257822,16.58,-0.054597291518175495,0.10534568775176306,17.141282362748978,642.666697037016,Normal
2021-12-23,0.006080640737930363,0.03443659529442825,212.10328348962764,40.631609655887765,17072.6,-0.441335576813184,15.825,-0.04553679131483712,0.05428226775978142,16.702521575165985,642.9952228044239,Normal
2021-12-24,0.014409053102623848,0.03063340784946705,6640.313603522224,12.521539344998253,17003.75,-0.6616746010449134,16.1475,0.020379146919431435,0.08341232222217232,16.51751438344399,202.1915565733593,Normal
2021-12-27,0.016399323678590576,0.013179315129336582,9402.339537681917,5.043238136689602,17086.25,-0.6495401204912955,17.1175,0.06007121845486907,0.12478711867175285,16.717509588962663,86.32762880478427,Normal
2021-12-28,0.0052147194381415695,0.012905190263485399,3182.16973934139,6.409232779176449,17233.25,0.34599874437716904,16.475,-0.03753468672411264,0.11158171455435566,16.636673059308443,105.592110036932,Normal
2021-12-29,0.006342390437087365,0.01207809504183989,445.3418972252937,17.658245041789044,17213.6,0.5279223954608943,16.2425,-0.014112291350531159,0.06449165398209913,16.50528203953896,286.81404509125855,Normal
2021-12-30,0.006837616768132893,0.011374983674264275,242.61810069702193,36.72634271005778,17203.95,0.5848652679798007,16.565,0.01985531783900263,0.09204248108847629,16.52518802635931,608.3718669921071,Normal
2021-12-31,0.00943388001010843,0.010689682838319397,10507.797183105497,33.53780818606689,17354.05,1.4426524209629101,16.2225,-0.020676124358587455,0.08255357676875714,16.424292017572874,544.0670932984701,Normal
2022-01-03,0.015175132029690501,0.01585428452568719,9565.431351813499,58.02519970257694,17625.7,2.428625949041264,16.4525,0.014177839420557836,0.08368007391975327,16.43369467838192,954.6595981066472,Normal
2022-01-04,0.013278905234961814,0.016222124691009896,3583.1056903105477,77.89219073838424,17805.25,2.757447325015926,16.12,-0.020209694575292536,0.05865370000993544,16.329129785587945,1255.622114702754,Normal
2022-01-05,0.010999564735114204,0.0131645348486307,3227.4568643812654,75.28027681556688,17925.25,2.6384819258348573,17.2275,0.06870347394540932,0.1422146401102886,16.628586523725296,1296.8909688401784,Normal
2022-01-06,0.00794410119802636,0.02163693422710734,839.154692118814,29.266723841777115,17745.9,1.6970525717904947,17.9775,0.043535045711798004,0.11710927289675863,17.078224349150197,526.142527865548,Normal
2022-01-07,0.011295566863325486,0.021498730389232914,736.2519241902908,19.64714714685236,17812.7,1.6122406722745863,17.6025,-0.02085940759282434,0.06841885686640589,17.252982899433466,345.83890765246866,Normal
2022-01-10,0.007764123350189563,0.018924167325180603,3677.9835857837897,18.699066528097575,18003.3,1.7516536975782933,17.6775,0.004260758414997845,0.14472376074720997,17.39448859962231,330.55274855044485,Normal
2022-01-11,0.006490476745926226,0.017423166006252305,3337.5829437188677,54.26683267782262,18055.75,1.6604262672308885,17.7575,0.004525526799604052,0.1023900437831197,17.515492399748208,963.6432812764352,Normal
2022-01-12,0.005491325478030352,0.018062130558044454,1882.2857633094393,65.40097205213874,18212.35,1.82862338525646,17.1825,-0.03238068421793605,0.07757285649580586,17.404494933165473,1123.752202285874,Normal
2022-01-13,0.005954750485244418,0.008338343713823996,56.80986420823409,64.10062892920483,18257.8,1.7149405294030626,16.705,-0.02778990251709601,0.053397351925856144,17.17132995544365,1070.8010062623666,Normal
2022-01-14,0.009163206958116949,0.010168856550894615,6271.614089219387,32.78267663728623,18255.75,1.5629679136525472,16.555,-0.008979347500748247,0.10520802148745417,16.965886636962434,542.7172117302736,Normal
2022-01-17,0.005083329909751636,0.00720026916898115,13231.813879509613,9.42884276192028,18308.1,1.5714874525879334,16.765,0.01268498942917562,0.07731803075969923,16.898924424641624,158.0745489035935,Normal
2022-01-18,0.01447719861699764,0.015852853793170838,16440.956753706927,29.020279919469942,18113.05,1.0886537350851673,17.78,0.06054279749478075,0.06620936470849423,17.192616283094416,515.9805769681756,Normal
2022-01-19,0.013487513146591237,0.014818372417603257,8237.071092486878,51.35763513989294,17938.4,0.20243616536229253,17.8175,0.0021091113610798295,0.14102924626488803,17.40091085539628,915.0646641050424,Normal
2022-01-20,0.01645910449091532,0.014319246078152381,5393.252236213789,72.12279393397813,17757.0,-0.981911064763072,17.79,-0.0015434264066227499,0.06342079412744724,17.530607236930855,1283.0645040854708,Normal
2022-01-21,0.01248803288843133,0.012655027421327045,124.86255531638446,74.01628222432475,17617.15,-1.980104312322654,18.8875,0.06169196177627878,0.14741427760122855,17.98290482462057,1397.9825305119336,Normal
2022-01-24,0.03414570461168017,0.017155834489268114,9562.119059911982,74.81234713608151,17149.1,-3.0486739690923805,22.825,0.20847121111846456,0.2653871606801391,19.596936549747046,1707.5918233810605,Normal
2022-01-25,0.027543719495467796,0.02701092332289078,6587.672973995218,59.5575286171149,17277.95,-2.6052553047910454,21.3575,-0.06429353778751357,0.1295728367449845,20.1837910331647,1271.9999174400316,Normal
2022-01-27,0.018274737454374926,0.027011995922669563,1099.48612745917,43.187942908186315,17110.15,-2.297813328858395,21.065,-0.013695423153458952,0.16036521120900613,20.477527355443137,909.7540173609448,Normal
2022-01-28,0.017323050937591324,0.028356755324539275,6006.923016189875,2.538243145874553,17101.95,-1.5526251247559113,20.695,-0.017564680750059347,0.049252314241988046,20.550018236962092,52.52894190387387,Normal
2022-01-31,0.008528267244373493,0.035414151493398126,1609.8414491824578,22.399448628736252,17339.85,-0.9834371219691866,21.9525,0.06076346943706201,0.06837400334942059,21.01751215797473,491.7238960223326,Normal
2022-02-01,0.02179084594156145,0.022564037978463822,1689.364358126014,44.78265295688912,17576.85,-0.5474887973033582,19.9775,-0.08996697414873023,0.10591048850658896,20.67084143864982,894.6454494462524,Normal
2022-02-02,0.006815783260364122,0.023475640752942638,1885.7097002864957,46.59990040340153,17780.0,0.18716111091721838,18.65,-0.06644975597547242,0.07158052805827528,19.99722762576655,869.0881425234384,Normal
2022-02-03,0.015185601799766487,0.025706795944841623,5521.713590462125,25.525646949797547,17560.2,-0.04782923084403651,19.16,0.027345844504021555,0.11729222513818112,19.718151750511034,489.071395558121,Normal
2022-02-04,0.008841015478178584,0.026342194546531757,2797.1231419757073,6.228615863045107,17516.3,-0.17389522142294944,18.8975,-0.013700417536534393,0.06171711896570092,19.444601167007356,117.70526827189491,Normal
2022-02-07,0.02382637885853521,0.030994634974847005,7550.578364116013,65.91502492207539,17213.6,-0.8424349494568769,20.4375,0.08149226088106887,0.15345945222730012,19.775567444671573,1347.1383218449157,Normal
2022-02-08,0.015266998187470756,0.02597092762177655,572.8352803485643,55.96121618319429,17266.75,-1.0131384346901708,19.685,-0.03681957186544349,0.06764525990573933,19.745378296447715,1101.5965405661796,Normal
2022-02-09,0.008000926636449907,0.02586552394214779,2948.317404678058,27.870417157622843,17463.8,0.11640698843809522,18.555,-0.0574041148082296,0.09144018283391392,19.348585530965146,517.1355903596918,Normal
2022-02-10,0.0121565753157891,0.02522865901125595,2286.407510762268,37.52735229704555,17605.85,0.9473051026051188,17.71,-0.04554028563729451,0.11452438689597176,18.802390353976765,664.6094091806767,Normal
2022-02-11,0.00861929415506288,0.028826645097212854,2333.7737547785605,28.785059609554164,17374.75,0.03578812029965831,18.68,0.05477131564088089,0.15118577066562058,18.761593569317846,537.7049135064718,Normal
2022-02-14,0.016682254420917232,0.03915467530853733,4498.177529805863,42.1383938899133,16842.8,-2.3075259762632117,22.9775,0.23005888650963602,0.25990364011782463,20.166895712878564,968.2349456054828,Normal
2022-02-15,0.03180884413516054,0.052610869540265816,5664.725755587725,24.364180380249646,17352.45,-0.8867730848458182,20.6125,-0.10292677619410284,0.1177238602468834,20.315430475252377,502.2066680878958,Normal
2022-02-16,0.013421735835565789,0.051044291793269594,1377.3825742299762,7.6663542642349505,17322.2,-0.10059764625499472,20.5925,-0.0009702850212249814,0.0808975136053863,20.407786983501587,157.86940018625822,Normal
2022-02-17,0.011952869727856932,0.04970642523032956,2784.7992995392774,37.84462437185729,17304.6,-0.3652178676276612,22.005,0.06859293432074764,0.14119218155095692,20.940191322334393,832.7709593027197,Normal
2022-02-18,0.009338557377801577,0.04815607842342649,9158.71729749526,12.816889701390899,17276.3,-0.5677455400879573,22.165,0.007271074755737406,0.0715746420942628,21.348460881556264,284.08636023132925,Normal
2022-02-21,0.016227432957278833,0.03246697933229629,2154.725751605867,28.813559321589928,17206.65,-0.9644731016987023,22.9025,0.033273178434468864,0.14369501459792686,21.86647392103751,659.9025423627133,Normal
2022-02-22,0.01771117562104319,0.005217027014511788,19827.988130571965,48.71396620217796,17092.2,-1.905044079051892,26.6625,0.16417421678856026,0.21449623394192943,23.465149280691676,1298.8361238655698,Normal
2022-02-23,0.011282924374854572,0.0052323334789668,10604.520110970323,36.2717540812597,17063.25,-1.2021224702892002,24.5425,-0.07951242381622137,0.10332864506204278,23.824266187127783,890.1995245393163,Normal
2022-02-24,0.029419952236514484,0.044516666186800204,5362.012637322704,69.17779190457567,16247.95,-4.241001160917068,31.9825,0.3031476011001324,0.38423143510879826,26.54367745808519,2212.4787295880915,Elevated_Vol
2022-02-25,0.016648254087428475,0.05853412797615278,1910.0448909406368,45.626568835388746,16658.4,-2.1800022326051858,26.74,-0.16391776752911758,0.18236535599707182,26.609118305390126,1220.054450658295,Elevated_Vol
2022-02-28,0.027589684483487382,0.06053012826253804,3847.161012662046,49.605866681042514,16793.9,-1.648388140936638,28.57,0.06843679880329101,0.11387434550715252,27.262745536926754,1417.2396110773846,Elevated_Vol
2022-03-02,0.011900154222657007,0.0608966744787093,288.1989387841349,6.1495649446880725,16605.95,-1.5493995897421424,29.2325,0.02318865943297177,0.0795414770460128,27.919330357951175,179.7671572455941,Elevated_Vol
2022-03-03,0.019631517618673044,0.06071508191746313,8718.877224211501,2.865967207132,16498.05,-1.347202822569545,28.155,-0.03685965962541693,0.0687590866095069,27.99788690530079,80.69130671680146,Elevated_Vol
2022-03-04,0.0195295807686245,0.03718808943695157,2850.9789669941174,21.75037294856546,16245.35,-1.9060185277080257,27.9575,-0.007014739833066996,0.09598650325129232,27.98442460353386,608.0860517095189,Elevated_Vol
2022-03-07,0.014351799130203787,0.026297794541158912,105.86357387507351,52.36694849444617,15863.15,-2.4624164351252844,29.33,0.04909237235088959,0.0829830993175416,28.432949735689242,1535.922599342106,Elevated_Vol
2022-03-08,0.02252389972986286,0.027442330435311444,5498.929775836386,51.56318451510173,16013.45,-1.9429094628499224,28.5875,-0.02531537674735762,0.10040913736774323,28.484466490459496,1474.0625373254707,Elevated_Vol
2022-03-09,0.02673065454350761,0.04037082800792747,4976.003300719848,3.873412923980524,16345.35,-1.0147187451824764,27.4675,-0.03917796239615212,0.044862264960258025,28.145477660306334,106.39296948943505,Elevated_Vol
2022-03-10,0.01892893085799989,0.04375761150614548,3567.307582166634,67.87772488041534,16594.9,0.014022982799707803,25.5825,-0.06862655866023493,0.16401201413888714,27.291151773537557,1736.4818967532256,Elevated_Vol
2022-03-11,0.013467993178619051,0.03864150700693129,2665.4674202005235,68.50493652968031,16630.45,0.17856419742255233,25.345,-0.00928369002247631,0.050522818313095755,26.642434515691704,1736.2576163447472,Elevated_Vol
2022-03-14,0.016923775363855545,0.01563901850560491,7450.133991887234,58.1088450206335,16871.3,0.9951372214936588,25.6775,0.013118958374432887,0.044288814344332635,26.320789677127806,1492.0898680173166,Elevated_Vol
2022-03-15,0.02209373314443932,0.029687354439423417,8202.997886625602,16.184345448146374,16663.0,0.8592382473733153,26.73,0.04098919287313807,0.15129977600961947,26.457193118085208,432.6075538289526,Elevated_Vol
2022-03-16,0.009004981095835855,0.028679260453877857,2165.7078002600283,20.651618833411817,16975.35,1.8132818372104642,24.1175,-0.09773662551440332,0.10166479607120663,25.677295412056807,498.0654172148095,Normal
2022-03-17,0.00994677576603128,0.029848693729998686,1701.5997238861803,34.24407160901431,17287.05,2.665381247713074,22.61,-0.06250647869804082,0.13879962676944144,24.65486360803787,774.2584590798136,Normal
2022-03-21,0.014863727472289862,0.034882719326902886,4517.238717044112,35.485227630790874,17117.6,2.037057235937179,24.6225,0.08900928792569651,0.09298982746882356,24.644075738691917,873.7350173391483,Normal
2022-03-22,0.019167406645780396,0.034096516153560144,4911.232284176771,19.62171224961064,17315.5,1.757133329123358,24.07,-0.02243882627677929,0.05675703114762624,24.452717159127946,472.29461384812805,Normal
2022-03-23,0.01402211891079453,0.02940875770069866,6276.2568951949725,7.422842302259864,17245.65,1.6187717336885354,24.7475,0.028147071042791794,0.187785625181643,24.550978106085296,183.696789875176,Normal
2022-03-24,0.011631918773712918,0.026013765504159656,7551.834984720259,11.736876215012982,17222.75,1.1808081456497823,23.93,-0.033033639761592015,0.0694009495628242,24.343985404056866,280.86344782526066,Normal
2022-03-25,0.012677998577455713,0.0177647184155519,14450.076327166204,2.2742727615824343,17153.0,0.9772010845031496,23.43,-0.020894274968658588,0.056936899265801574,24.039323602704577,53.286210803876436,Normal
2022-03-28,0.01347869177402567,0.01486023944881905,4271.105330284721,30.100745981233203,17222.0,0.7996634725292603,22.61,-0.03499786598378152,0.19728979931827148,23.56288240180305,680.5778666356827,Normal
2022-03-29,0.006268145395420859,0.01039967194277439,1997.06513123833,3.728991596573877,17325.3,1.1434164389381956,21.3025,-0.0578283945157011,0.06667403800677842,22.809421601202033,79.43684348601501,Normal
2022-03-30,0.007809388582011347,0.012609185152206841,1504.7529957948318,39.04190528062898,17498.25,1.6756621688460684,20.61,-0.032507921605445356,0.07381762700442773,22.076281067468024,804.6536678337633,Normal
2022-03-31,0.0071207120712029675,0.012867506021624175,3042.72553301779,73.22133273033668,17464.75,1.6975293618151057,20.56,-0.002426006792819013,0.03541969915797202,21.570854044978685,1505.4306009357222,Normal
2022-04-01,0.01608955181149682,0.012030753833973569,9864.832875606613,59.72959522130503,17670.45,2.246662097305458,18.435,-0.10335603112840464,0.13302529176409272,20.525569363319125,1101.1150879047582,Normal
2022-04-04,0.018293252294073838,0.019239525668854503,6908.102205774324,69.68110143481218,18053.4,3.4402540178894894,17.9075,-0.02861404936262546,0.06685652288209563,19.652879575546084,1247.814323943899,Normal
2022-04-05,0.009632534591816783,0.024440942017772693,3177.931784101714,61.71171171102543,17957.4,2.6085493305255496,18.4875,0.03238866396761142,0.10275024425366452,19.264419717030723,1140.8952702575828,Normal
2022-04-06,0.006746522325054517,0.028415274165192725,993.5315019157181,33.84025639371762,17807.65,1.583792762897518,19.0225,0.028938471940500365,0.13373901277417768,19.183779811353816,643.7262772494934,Normal
2022-04-07,0.009198293991621987,0.031102184468681206,3626.088701930678,55.63130369712973,17639.55,0.8510214486251614,18.9975,-0.001314233144960042,0.09317912992867425,19.121686540902544,1056.855691986222,Normal
2022-04-08,0.013730508998237677,0.029890912154429614,3316.9435863118506,40.18552260990198,17784.35,0.9186766303620812,17.6875,-0.0689564416370575,0.13462297663659786,18.6436243606017,710.7814311626413,Normal
2022-04-11,0.007202962154924218,0.015953988088690647,2770.9996347826177,18.032347421712934,17674.95,0.6391037004218254,18.27,0.032932862190812706,0.14148409885993837,18.519082907067798,329.4509873946953,Normal
2022-04-12,0.008653489825991824,0.016452896076288692,2419.6899422709635,25.213745478046796,17530.3,-0.1636465156606389,18.1575,-0.006157635467980316,0.19636015314922808,18.398555271378534,457.8185835176347,Normal
2022-04-13,0.011765343433933382,0.015859252180674698,7119.183538214278,24.508519003503565,17475.65,-0.25013536709196643,17.785,-0.02051493873055199,0.12171279079074063,18.19403684758569,435.88401047731094,Normal
2022-04-18,0.009722099034937426,0.020610752633535644,342.86646048014785,62.57603496057901,17173.65,-2.0366405738650495,19.335,0.08715209446162508,0.1516727578568048,18.57435789839046,1209.9076359627952,Normal
2022-04-19,0.026258250284577716,0.012416305472507905,9122.713629533335,52.99061032814062,16958.65,-2.5475003559574025,19.775,0.0227566589087147,0.31962761814345614,18.974571932260307,1047.8893192389808,Normal
2022-04-20,0.012262178888052887,0.02384051144308894,2266.0372792826884,58.20607175659412,17136.55,-1.9776813931959216,18.6725,-0.05575221238938044,0.12288242724506576,18.87388128817354,1086.8528748750036,Normal
2022-04-21,0.011624276765153107,0.03136839221275247,4163.245799033775,1.6033843421776943,17392.6,-0.8671735196927134,17.8525,-0.043914848038559384,0.28504485190250645,18.53342085878236,28.624418968727287,Normal
2022-04-22,0.009550038522124528,0.03338116896869971,1857.3702808916764,21.539077086936018,17171.95,-1.2197561207421888,18.3525,0.028007281893292157,0.053073799158059855,18.47311390585491,395.29591223799326,Normal
2022-04-25,0.009643633949545748,0.031245960382043646,1366.4553118334943,12.301192842789508,16953.95,-1.7222103774727087,21.2575,0.1582890614357717,0.18539708476480202,19.401242603903274,261.49260685559796,Normal
2022-04-26,0.009401938781222299,0.03210750696236104,1990.4064596063029,19.741384721364224,17200.8,-0.9112986032616336,19.1875,-0.09737739621310126,0.10596260138494061,19.32999506926885,378.78781934117603,Normal
2022-04-27,0.008851332496157823,0.0324198875118832,952.404774508066,24.75801382747025,17038.4,-1.2085904686068878,20.605,0.07387622149837125,0.11348534196039843,19.7549967128459,510.13887491502453,Normal
2022-04-28,0.014757841111832867,0.030763468522773,1537.5057425425193,34.576505305021996,17245.05,-0.4306724944889922,19.3775,-0.059572919194370244,0.07680174711147693,19.629164475230603,670.0062315480637,Normal
2022-04-29,0.01881119509655312,0.0290458176832417,7598.927257604399,18.916377739684947,17102.55,-0.4815989712184669,19.415,0.0019352341633336323,0.07431299183366642,19.5577763168204,367.2614738159832,Normal
2022-05-02,0.010232392245594819,0.025260220124223156,6472.734997809572,16.496598639248074,17069.1,-1.176960386512414,20.2825,0.044681946948235796,0.08485706923262581,19.79935087788027,334.59226190054903,Normal
2022-05-04,0.029814108535288895,0.028477035951354427,12637.503589770105,36.73178872926813,16677.6,-2.40930976496891,21.8775,0.07863922100332821,0.1952422037740702,20.492067251920183,803.5997079245636,Normal
2022-05-05,0.017619441646269607,0.028711281263470154,6830.762952017942,43.44921815653607,16682.65,-2.3460098599566424,20.2925,-0.07244886298708719,0.10341675232388688,20.425544834613454,881.6932594415082,Normal
2022-05-06,0.008589762417836206,0.02180468684276982,108.84038871960028,52.79598077717061,16411.25,-3.6700463403359405,21.25,0.04718492053714418,0.12208944185187161,20.700363223075637,1121.9145915148756,Normal
2022-05-09,0.01594028486555509,0.022005167210735803,3190.9808924245044,56.34153080899276,16301.85,-2.994564682530297,22.0325,0.0368235294117647,0.16752941168586843,21.14440881538376,1241.344777549133,Normal
2022-05-10,0.012713281007975957,0.021282903503581172,331.1438145610537,62.20130782787736,16240.05,-2.1933415913826773,22.3025,0.012254623851128965,0.0588902757023078,21.530439210255842,1387.2446678312347,Normal
2022-05-11,0.02008306624670483,0.013811029434421316,6886.687971361122,50.171328888540636,16167.1,-2.0284534740737983,22.8025,0.022419011321600735,0.16612487381857413,21.954459473503896,1144.0317269809477,Normal
2022-05-12,0.01893969852353306,0.018237083173135084,6988.08862019629,47.7533039642628,15808.0,-2.2735566658637447,24.265,0.06413770419910114,0.18265541051084086,22.724639649002597,1158.7339206928368,Normal
2022-05-13,0.02168205971658547,0.018506618942930167,6875.680050743087,38.16405362382943,15782.15,-1.8093497454330445,23.485,-0.032145064908304155,0.13589532242493493,22.978093099335066,896.2827993556342,Normal
2022-05-16,0.015099336909093507,0.02192949651991446,101.23542822751769,21.374950612195143,15842.3,-1.539773825226209,24.5275,0.04439003619331494,0.14637002335687885,23.49456206622338,524.2741011406164,Normal
2022-05-17,0.024204187523261058,0.03909829183167256,10913.339372052853,33.895405669267646,16259.3,-0.7844003194189171,22.7425,-0.07277545612068093,0.31576801536407384,23.24387471081559,770.8662634333194,Normal
2022-05-18,0.011599515354282322,0.03872232251029168,2487.0793780129607,48.414570984077365,16240.3,-0.38743253743401457,22.295,-0.01967681653292286,0.07562932831675082,22.927583140543728,1079.4028600900049,Normal
2022-05-19,0.012903086765630576,0.04206052357156016,1999.1385688189528,1.2914708163987,15809.4,-1.3696920520829734,24.5575,0.10148015250056064,0.12794348502895556,23.470888760362485,31.71529457371108,Normal
2022-05-20,0.017660379268019173,0.05063583348473704,3928.9746975716066,1.9647846720011586,16266.15,-0.3079164189136694,23.1,-0.05935050391937291,0.08612440187880517,23.34725917357499,45.38652592322676,Normal
2022-05-23,0.014075242143952931,0.05153060702721123,1301.4872427753069,0.5181125288984703,16214.7,0.24267709827469258,23.3975,0.012878787878787934,0.150432900367778,23.364006115716663,12.122537894901958,Normal
2022-05-24,0.011360062165805429,0.044290412492942945,2671.8594992424923,36.40054127157885,16125.15,-0.0783957898514598,25.635,0.09562987498664399,0.12116679127207305,24.12100407714444,933.1278754969239,Normal
2022-05-25,0.013420030201261101,0.044524598563175165,11487.192586944564,7.489476610157876,16025.8,-0.235052743366308,25.2825,-0.01375073142188421,0.0496391651844591,24.50816938476296,189.35269239631648,Normal
2022-05-26,0.018766613835179045,0.03331697387717812,3148.664822536638,40.21529906551341,16170.15,-0.04413596529474325,22.7175,-0.10145357460694149,0.10867200628550494,23.911279589841975,913.591056520801,Normal
2022-05-27,0.009192864630192529,0.018734721029352433,2112.1378261621876,1.2193422519339556,16352.45,1.5134310530174517,21.48,-0.054473423572136026,0.06679872342167996,23.100853059894654,26.191471571541367,Normal
2022-05-30,0.011579304630185859,0.0245586324113461,3407.8365909911017,45.93426117801668,16661.4,3.0568170847028533,19.98,-0.06983240223463683,0.08193668525049509,22.060568706596438,917.7665383367734,Normal
2022-05-31,0.010134202407954745,0.024059803171926252,175.390572357573,68.93381062583097,16584.55,2.321278499223615,20.4775,0.024899899899899935,0.05355355352674998,21.53287913773096,1411.5921070904537,Normal
2022-06-01,0.012683491562923043,0.022643400705681344,2631.093771059785,33.485635167414074,16522.75,1.6629755790678908,20.845,0.01794652667561958,0.15175192276803706,21.30358609182064,698.0080650647463,Normal
2022-06-02,0.01230727330498126,0.022381968068407126,9949.804102202512,14.256287013745922,16628.0,1.5717894089998417,20.32,-0.025185895898296895,0.12544974808085876,20.97572406121376,289.68775211931717,Normal
2022-06-03,0.01358852537887065,0.02232488492450342,13937.710001040026,10.068005940590515,16584.3,1.6588044908332549,19.975,-0.016978346456692828,0.07800196846555026,20.64214937414251,201.10841866329557,Normal
2022-06-06,0.0100335859819167,0.00983714237006301,3929.20053133162,4.045660567330923,16569.55,0.9536975574723884,20.2025,0.011389236545682024,0.10175219018685759,20.495599582761674,81.73245761150298,Normal
2022-06-07,0.008458286435051952,0.012607790177143691,4172.092902675037,11.930709173521674,16416.35,0.3154545861750554,20.425,0.011013488429649776,0.08105432491966123,20.472066388507784,243.6847348691802,Normal
2022-06-08,0.01345914286670693,0.012596920524603965,8603.777636280942,45.02295834626092,16356.25,0.0008522948647508894,19.8375,-0.028763769889840973,0.06364749078891191,20.26054425900519,893.142936193951,Normal
2022-06-09,0.01522048146731963,0.013508194255799997,10524.83086447388,28.98822849672868,16478.1,0.008452352176890495,19.14,-0.035160680529300437,0.08481411463903497,19.88702950600346,554.8346934273869,Normal
2022-06-10,0.009230433120317759,0.020294136064919966,2946.7198807281825,22.504513799039263,16201.8,-1.0345542138723969,19.575,0.022727272727272707,0.07836990591516724,19.783019670668974,440.52585761619355,Normal
2022-06-13,0.012477008727417624,0.028700075800941333,2038.6480854048975,56.82909769123988,15774.4,-3.0437861323132096,22.365,0.14252873563218382,0.16487867169099424,20.643679780445982,1270.98276986458,Normal
2022-06-14,0.012586849579056788,0.0295733064462744,1262.2993774291058,57.190389978400205,15732.1,-2.662024624200835,21.8875,-0.021350324167225487,0.16487815776218281,21.058286520297322,1251.7546606522344,Normal
2022-06-15,0.006658360930831447,0.02981860321503567,1174.0228079754759,62.49543295502996,15692.15,-2.3284320557051443,22.1475,0.011878926327812733,0.06464877210067442,21.421357680198216,1384.1176013715262,Normal
2022-06-16,0.033650583253388655,0.024267655999286493,17899.863755022478,44.307451734596555,15360.6,-2.2434984266417763,22.8675,0.03250931256349476,0.37848515616729417,21.903405120132145,1013.2006525408867,Normal
2022-06-17,0.01412705232867588,0.025568532192845474,743.6834651547176,58.30783713746407,15293.5,-2.200691807272404,22.7575,-0.00481032032360329,0.24784082201909224,22.18810341342143,1326.9406036558387,Normal
2022-06-20,0.012515120802947297,0.02082384674964094,535.9420991343666,52.912595439661416,15350.15,-1.7381828881760641,22.4125,-0.015159837416236388,0.3353839392132774,22.262902275614287,1185.9035452914115,Normal
2022-06-21,0.01872294407545284,0.03227140353943568,6803.241601273389,22.60613977762752,15638.8,-0.9480642820344197,21.1425,-0.0566648075850531,0.0862242052041387,21.889434850409526,477.95031024848976,Normal
2022-06-22,0.011474665575356431,0.03500229605568138,3584.0168805706344,36.295002183362,15413.3,-1.0976433321679269,21.3,0.007449450159631166,0.11658980720511301,21.692956566939685,773.0835465056107,Normal
2022-06-23,0.016930183672531608,0.028436536586859244,2471.5419466454578,40.6361235498838,15556.65,-0.8555289221550335,20.88,-0.019718309859155014,0.1575117370152527,21.42197104462646,848.4822597215737,Normal
2022-06-24,0.008343698675480635,0.027493559668422988,1272.5709454333396,21.227349943074472,15699.25,-0.30944292520437294,20.55,-0.015804597701149392,0.12404214553446256,21.131314029750975,436.2220413301804,Normal
2022-06-27,0.0071309138971561966,0.02755723107132016,3496.6307384112024,53.10597726361416,15832.05,0.3950543193869898,21.005,0.022141119221411154,0.07664233572912778,21.089209353167316,1115.4910524222153,Normal
2022-06-28,0.011492510445576271,0.022749321547310304,4940.890579522073,32.12774782194712,15850.2,0.473238613210126,21.45,0.02118543203999046,0.05558200425823282,21.209472902111546,689.1401907807657,Normal
2022-06-29,0.010965161322878666,0.0127620818532102,7591.963537221302,8.648000684842021,15799.1,0.6291822405783751,21.9,0.020979020979021046,0.029603729589928404,21.439648601407697,189.39121499804025,Normal
2022-06-30,0.010199948098302918,0.012624305095902639,1033.5297305026659,19.210679047800298,15780.25,1.0309587258712571,21.84,-0.002739726027397249,0.03356164382029146,21.573099067605135,419.5612304039585,Normal
2022-07-01,0.017927472631917882,0.010342023164941533,7793.241105587134,34.27207250895425,15752.05,0.37728499999761134,21.25,-0.02701465201465203,0.058951465174472834,21.465399378403426,728.2815408152778,Normal
2022-07-04,0.012096838189307431,0.007439713427854221,15099.728747307196,20.64292467663679,15835.35,0.9791411228707986,20.9725,-0.01305882352941179,0.06235294114712799,21.301099585602287,432.9337377807651,Normal
2022-07-05,0.01517490930101624,0.007429355260504699,11400.503921155128,1.9614711032997505,15810.85,1.4024357064280717,20.7875,-0.008821075217546714,0.03611872688705748,21.12989972373486,40.77408055984357,Normal
2022-07-06,0.013310479828716837,0.012937167573613404,9452.691884110402,36.14532979828229,15989.8,1.5495951345257655,20.2675,-0.025015033072760207,0.04642212866077106,20.842433149156573,732.5754716866862,Normal
2022-07-07,0.006538543321363237,0.013369094703778572,877.8438474090108,51.11619919779005,16132.9,2.3623789354995735,19.2025,-0.052547181448131086,0.06192179594823146,20.295788766104383,981.5588150955635,Normal
2022-07-08,0.007289451989408443,0.010880319175593255,2063.902082939933,51.41605839315953,16220.6,2.815466548482897,18.395,-0.04205181616976961,0.051165212836263484,19.662192510736254,945.7983941421695,Normal
2022-07-11,0.008202532582020224,0.012561621823865192,5443.395883258289,50.81929643518228,16216.0,2.140276041155065,18.3675,-0.00149497145963573,0.1395759716555716,19.23062834049084,933.4234272732106,Normal
2022-07-12,0.007868771583616284,0.018812650215608243,4396.341681956981,0.38002171551834607,16058.3,1.2459144526286758,18.5475,0.009799918334013835,0.07281883758115204,19.00291889366056,7.0484527685765235,Normal
2022-07-13,0.011822546595834062,0.017194434798658016,10279.403854120044,40.91580502135075,15966.65,0.6745830878238254,18.52,-0.0014826796064159042,0.05539830162803703,18.84194592910704,757.7607089954158,Normal
2022-07-14,0.013318385509788618,0.012791337098822561,4666.600707203173,43.806929428044334,15938.65,0.14015789498810574,18.34,-0.009719222462203025,0.05075593949743207,18.674630619404695,803.4190857103331,Normal
2022-07-15,0.008761720722891452,0.013974115048676176,2667.2289507857813,31.900765470221963,16049.2,0.4867147342156407,17.5975,-0.040485278080697906,0.04416575788213419,18.31558707960313,561.373720362231,Normal
2022-07-18,0.009081449542650673,0.021771509130331164,5531.630158041162,21.83402419386134,16278.5,1.7579661674553968,17.16,-0.02486148600653504,0.09731495945599389,17.93039138640209,374.6718551666606,Normal
2022-07-19,0.010593727923327996,0.017343730654646894,6131.398167954534,53.1088318044272,16340.55,1.8682611935685878,17.2025,0.0024766899766899275,0.07663170158704453,17.687760924268062,913.6046791156589,Normal
2022-07-20,0.005939212572400554,0.01396777201572468,1439.9476723275222,79.10878311578034,16520.85,2.717807325864231,16.8225,-0.022089812527248842,0.09388170318623357,17.39934061617871,1330.807503965215,Normal
2022-07-21,0.008658755451439406,0.009714070999831284,4094.3386586867846,60.21849187209836,16605.25,2.4398452609871675,16.8575,0.0020805468866103016,0.07341358295531956,17.218727077452474,1015.1332267338983,Normal
2022-07-22,0.008512368076356178,0.00972404681034365,2528.2418825700183,73.06976744050102,16719.45,2.5343637119295526,16.65,-0.012309061248702569,0.04745662165359222,17.029151384968316,1216.611627884342,Normal
2022-07-25,0.008481140228889973,0.013456082853339683,1826.2017636680469,26.41212801737391,16631.0,1.8156163702514378,17.68,0.061861861861862044,0.10390390384149918,17.246100923312213,466.9664233471707,Normal
2022-07-26,0.010390235103114386,0.018895736834147026,7092.372927247472,4.694736842007039,16483.85,1.0967555983801627,18.17,0.027714932126696956,0.05161199092103382,17.554067282208145,85.30336841926791,Normal
2022-07-27,0.013024869796793254,0.01804318260740217,7017.197278486121,31.72102450650988,16641.8,1.114464744545485,18.13,-0.0022014309301047197,0.04856906986870168,17.746044854805433,575.1021743030241,Normal
2022-07-28,0.012102056267944599,0.024174176520180144,4331.839562799504,24.33114588556531,16929.6,1.944628799954208,17.0125,-0.061638168781025904,0.07129067839421366,17.501529903203622,413.9336193781798,Normal
2022-07-29,0.009134888006799126,0.026024729555562207,1950.133590039311,64.7855973804934,17158.25,2.344806116332571,16.55,-0.027185892725936744,0.1266715649512585,17.184353268802415,1072.2016366471657,Normal
2022-08-01,0.011740707822760673,0.02260740141867914,2339.6416084985826,93.64423717396821,17340.05,2.534591423246302,17.485,0.05649546827794549,0.1046827793929409,17.28456884586828,1637.369486986834,Normal
2022-08-02,0.010051874129538403,0.014122534905755397,1445.9601459114872,71.4920429748522,17345.45,2.208959498133222,18.53,0.059765513297111994,0.07263368597504505,17.699712563912186,1324.7475563240114,Normal
2022-08-03,0.010472487021086031,0.016191746319932736,2909.791683089939,42.1062073907047,17388.15,1.8579930123474977,18.45,-0.00431732325957912,0.06597409602483859,17.94980837594146,776.8595263585016,Normal
2022-08-04,0.018946811477920954,0.014154736398822148,25936.582261735482,19.616282462509208,17382.0,1.549022973493281,19.2575,0.04376693766937678,0.18617886168770786,18.385705583960974,377.7605595217711,Normal
2022-08-05,0.007228742377167712,0.010041326112825294,7053.904133540342,15.791126815613598,17397.5,1.468339682921297,18.915,-0.017785278462936538,0.07179021156858877,18.562137055973984,298.6891637173312,Normal
2022-08-08,0.010866503808012105,0.006910586645215463,14405.907794632132,24.466351004820545,17525.1,1.434178353622557,19.3025,0.020486386465767836,0.1268834257854171,18.808924703982655,472.26174027054856,Normal
2022-08-10,0.007035623191875021,0.006835667856304265,3571.9319311694317,20.936073058882073,17534.75,1.3519227598667583,19.5875,0.014764926822950386,0.09908042994478403,19.068449802655103,410.08533104085257,Normal
2022-08-11,0.004981536662909293,0.008449950567874627,3516.8072983222983,49.28557053633937,17659.0,1.625394577086839,18.355,-0.0629227823867261,0.07083599230589097,18.83063320177007,904.6366471945091,Normal
2022-08-12,0.007180474545553604,0.007470116829893121,3907.210153681716,31.38157137854807,17698.15,1.4789627611378773,17.6075,-0.04072459820212471,0.060746390596160965,18.42292213451338,552.5510180477852,Normal
2022-08-16,0.0042405562163252575,0.007247584630729478,1701.6004560364086,51.63608224515419,17825.25,1.8241435389775444,17.685,0.004401533437455418,0.07667187273794022,18.17694808967559,913.1841145055519,Normal
2022-08-17,0.007438885850124278,0.00699361863449372,4734.213831670223,50.72836332352158,17944.25,2.0712433439272546,17.6775,-0.0004240882103477839,0.07011591740451473,18.010465393117062,896.7506426515527,Normal
2022-08-18,0.0064867575964410095,0.006895258528458647,3978.639907649726,61.24858685940833,17956.5,1.9048941023642636,17.35,-0.018526375335878753,0.09758167156126063,17.790310262078044,1062.6629820107346,Normal
2022-08-19,0.01567398992007596,0.016454888225330325,11317.141596067064,2.2189211771934154,17758.45,1.2487484465427132,18.285,0.053890489913544615,0.09755043222043196,17.955206841385365,40.5729737249816,Normal
2022-08-22,0.012540508884495849,0.02288081602032006,7174.468328348328,55.475723926910625,17490.7,-0.1309346190625886,19.0375,0.04115395132622379,0.11457478801499887,18.315971227590246,1056.119094258561,Normal
2022-08-23,0.016028518012420213,0.02181249127262528,7085.747934103025,59.426661976088056,17577.5,-0.41730951679455985,19.05,0.0006565988181221893,0.07419566640882704,18.560647485060166,1132.0779106444775,Normal
2022-08-24,0.007077229412597393,0.019527747323982523,3680.2774566140056,52.532873463353425,17604.95,-0.2063917019377649,18.43,-0.03254593175853027,0.07112860888654668,18.517098323373446,968.1808579296036,Normal
2022-08-25,0.013578567391549733,0.018715220844214137,13964.605675544755,2.9978254115718403,17522.45,-0.3207481607030382,19.57,0.061855670103092786,0.15952251754773608,18.86806554891563,58.66744330446092,Normal
2022-08-26,0.009502095882705041,0.017880684209608425,7252.610256654846,19.407491272395067,17558.9,-0.41628030282820355,18.215,-0.06923863055697499,0.1913643330652201,18.65037703261042,353.50745352667616,Normal
2022-08-29,0.012184704053208279,0.01692872487044792,5980.351772822529,31.356091449654073,17312.9,-2.447685433251205,19.8225,0.0882514411199562,0.16415042538339247,19.041084688406947,621.556122760768,Normal
2022-08-30,0.02172657382644064,0.03291669342115269,8223.39559652698,4.3312661750641155,17759.3,-0.012405705082331926,18.7,-0.05662756968091831,0.12939841083142978,18.9273897922713,80.99467747369896,Normal
2022-09-01,0.012790481606812764,0.03595453321789962,1098.3929887697159,3.862231124237219,17542.8,-0.640825198543416,19.8725,0.06270053475935833,0.15414438494430782,19.242426528180864,76.75218801640413,Normal
2022-09-02,0.009542376359526553,0.03559586207866206,1544.568093755541,43.06608884027031,17539.45,-0.6781802863853326,19.55,-0.016228456409611125,0.13787897841847824,19.344951018787246,841.9420368272846,Normal
2022-09-05,0.008141646402818873,0.03627931473521337,6093.785163871868,6.528781460146228,17665.8,-0.07984271571021827,19.6625,0.005754475703324768,0.042966751896180676,19.4508006791915,128.37216546012522,Normal
2022-09-06,0.010019359440268757,0.03133439812211183,5030.030275132165,24.74902683825617,17655.6,0.331755899837537,19.525,-0.006993006993007089,0.06891290524149377,19.475533786127667,483.2247490169517,Normal
2022-09-07,0.009427603706467436,0.01551952908098789,10996.719416090446,3.5467479674077325,17624.4,-0.21589487422766726,19.3675,-0.008066581306017895,0.09718309854177566,19.439522524085113,68.69164125876925,Normal
2022-09-08,0.006564762488364714,0.011771027408615726,4134.97443503473,25.406829084274058,17798.75,2.153732956662757,18.305,-0.05485994578546538,0.10662191810681719,19.061348349390077,465.07200638763663,Normal
2022-09-09,0.007862911721324368,0.011249563634179043,6615.873037171197,34.75227502457499,17833.35,3.0674542980082418,17.7175,-0.03209505599562956,0.10734771914375978,18.613398899593385,615.7234327479075,Normal
2022-09-12,0.005125228854923307,0.0107142308224178,2583.4368300538486,70.11054421619626,17936.35,2.9146620716873466,17.9375,0.01241710173557209,0.11231832927200894,18.388099266395592,1257.6078868780205,Normal
2022-09-13,0.004061584436072999,0.010314824343683388,1687.1187296687697,63.91482577854815,18070.05,2.8782389335364194,17.47,-0.026062717770034882,0.060209059199883355,18.082066177597063,1116.592006351236,Normal
2022-09-14,0.017730996870502322,0.011856293996612755,13764.212302549042,13.227342425740954,18003.75,1.6701385982041617,18.2775,0.04622209502003449,0.07469948478838036,18.147210785064708,241.76275118648027,Normal
2022-09-15,0.013033395820308054,0.01375634519683962,9313.063891099451,18.663366336369272,17877.4,1.3230409727441774,18.3925,0.006291888934482293,0.13322390910506138,18.228973856709807,343.2659653416718,Normal
2022-09-16,0.01805631691408251,0.02425585001132265,8843.817044049982,64.57976903267094,17530.85,-0.6025656863993902,19.8225,0.07774908250645662,0.10561370117949502,18.760149237806537,1280.1324716501197,Normal
2022-09-19,0.013547546182864181,0.023996124844852074,2580.9334201582283,50.12319605713755,17622.25,-1.08606804950046,19.94,0.005927607516710731,0.2387438515632518,19.15343282520436,999.4565293793228,Normal
2022-09-20,0.009924952829513743,0.02618444404804139,1287.6574526465804,19.64578550322904,17816.25,0.4869980044579986,18.7975,-0.057296890672016154,0.0916499498035858,19.03478855013624,369.29165299694785,Normal
2022-09-21,0.009828106363567186,0.026326103499243185,2210.2022428284017,14.619883040729114,17718.35,-0.17289767141093432,19.325,0.02806224231945742,0.10559914876680451,19.131525700090826,282.5292397620901,Normal
2022-09-22,0.010740277734658807,0.026029472677982647,937.1462265760075,6.060834779891568,17629.8,-1.0432931093800237,18.815,-0.026390685640362177,0.141267787766485,19.026017133393886,114.03460638365986,Normal
2022-09-23,0.019881110392619382,0.02428355649341716,9638.946853539283,63.2420729143281,17327.35,-2.228968033483569,20.5925,0.09447249534945512,0.1842944458228571,19.54817808892926,1302.3123864883014,Normal
2022-09-26,0.012587037256122622,0.026306549067508074,3490.8666539013984,77.012979714817,17016.3,-3.28222988695075,21.8925,0.0631297802598032,0.19873740429829437,20.32961872595284,1686.0066584066312,Normal
2022-09-27,0.013757397319033198,0.017555353359991865,2904.8523256884546,63.203555935701914,17007.4,-2.607654651100765,21.5675,-0.014845266643827792,0.06874500396540136,20.742245817301896,1363.142692643251,Normal
2022-09-28,0.012770911485580945,0.01698348190453101,438.95802599293046,58.88048978498317,16858.6,-2.4078266226894214,22.095,0.024458096673235286,0.04045438736967467,21.193163878201265,1300.9644217992031,Normal
2022-09-29,0.014084799449530797,0.018078225710513998,15032.756808555989,27.542649727367905,16818.1,-1.9373177169684288,21.3025,-0.03586784340348492,0.05532925998853621,21.229609252134175,586.7272958172548,Normal
2022-09-30,0.02612661358891531,0.028279878603931514,10744.370172747711,0.8165091437746952,17094.35,-1.2865739279967567,19.9675,-0.06266870085670684,0.10749911977115399,20.80890616808945,16.30364632832123,Normal
2022-10-03,0.015157054816348712,0.0247033341551625,6941.444550207879,13.80949837049151,16887.35,-1.2293687709802115,21.365,0.06998873168899444,0.0857643670535798,20.994270778726303,295.0399326855511,Normal
2022-10-04,0.010066706736101244,0.03485840888322309,2465.566101792785,30.379170649274794,17274.3,-0.3550451417641366,19.57,-0.08401591387783747,0.08974959040966539,20.519513852484202,594.5203696063078,Normal
2022-10-06,0.006550193061364704,0.031618177657867085,1237.2391148658471,38.61471329311477,17331.8,0.19130537641648038,19.315,-0.013030148185998902,0.07332652014648612,20.11800923498947,745.8431872565118,Normal
2022-10-07,0.006946768367966879,0.03119823741319076,1008.0139530634948,31.92561309873379,17314.65,0.037419263316561445,18.8125,-0.02601604970230398,0.05371472945704654,19.68283948999298,600.6005964199295,Normal
2022-10-10,0.012443220047755875,0.02928339609393984,17108.448705705927,20.853577212139786,17241.0,-0.22956422379764835,19.6225,0.04305647840531557,0.08119601324587586,19.662726326661986,409.19931884521293,Normal
2022-10-11,0.01806739748273414,0.031040335056774396,13506.432097047733,53.58216616479354,16983.55,-0.6315676846921009,20.49,0.04420945343355842,0.08803669252743698,19.938484217774658,1097.8985847166196,Normal
2022-10-12,0.010733916054057716,0.01956832179362926,3574.256755829234,35.85210083985429,17123.6,-0.4346913885010873,20.175,-0.015373352855051148,0.04880429475412187,20.017322811849773,723.3161344440603,Normal
2022-10-13,0.009075194468447468,0.018831766147247315,2469.658982559403,17.790900143572024,17014.35,-0.5885238370764688,20.29,0.005700123915737265,0.1258983890330119,20.10821520789985,360.9773639130764,Normal
2022-10-14,0.010508776415196243,0.02347045672219298,5530.987094875618,34.1213496298896,17185.7,1.178963610032208,18.2575,-0.10017249876786594,0.12592410048007682,19.4913101385999,622.9705408677094,Normal
2022-10-17,0.013383219769917206,0.024575756592756386,7020.198815754719,22.152288430975787,17311.8,1.0723850857328154,18.4175,0.008763521840339683,0.04491304940714061,19.133373425733268,407.98977217749655,Normal
2022-10-18,0.005415381416140774,0.01555442044922267,1751.084880745038,46.686746987353374,17486.95,2.2703646052932003,17.4525,-0.05239581919370162,0.10004072208495148,18.57308228382218,814.8004517967847,Normal
2022-10-19,0.007705746285082472,0.01574555209572178,2957.409784739472,35.78992681815231,17512.25,2.220037373601952,17.4875,0.002005443346225544,0.07606360115968282,18.211221522548122,625.8763452324386,Normal
2022-10-20,0.009316335707856402,0.008985661624147878,9702.819597244783,44.21093597890231,17563.95,1.9413508462199722,17.2325,-0.014581844174410219,0.12551822723344194,17.884981015032082,761.8649542564342,Normal
2022-10-21,0.008506059286203637,0.009065005378855006,9123.574114946192,25.47507265760172,17576.3,1.939974252907876,17.28,0.002756419556071421,0.04889017841352652,17.683320676688055,440.2092555233578,Normal
2022-10-24,0.003991169927684319,0.009722163159405595,450.0603702170735,27.54963020576946,17730.75,2.2864540180998563,17.4225,0.008246527777777679,0.03486689812797049,17.59638045112537,479.9834322600184,Normal
2022-10-25,0.00984165926426697,0.010448460976150114,11102.054434207459,23.421879462563805,17656.35,1.7037963730149244,16.88,-0.03113789639833553,0.06471516713174628,17.357586967416914,395.361325328077,Normal
2022-10-27,0.00732880804922468,0.010726537022490885,1963.1373399042072,7.324557062112994,17736.95,1.4970593514071135,16.5975,-0.01673578199052128,0.13507108996737502,17.104224644944612,121.56933583842043,Normal
2022-10-28,0.006494915980477803,0.010721033149071989,2627.1313537290316,3.674540682327347,17786.8,1.4907389166104035,15.9225,-0.04066877541798464,0.07169754476776778,16.710316429963076,58.50787401435718,Normal
2022-10-31,0.0069096183686738885,0.014262459727903362,5087.8462231633885,49.70869746047146,18012.2,2.0049743229119765,15.8025,-0.007536504945831357,0.09797456423427559,16.40771095330872,785.5216916191004,Normal
2022-11-01,0.006420648227308913,0.013853563376099448,642.543354998382,76.12665112517205,18145.4,2.275971075854102,16.13,0.020724568897326323,0.0692928333685855,16.315140635539148,1227.922882649025,Normal
2022-11-02,0.00716986123204376,0.013263494145921248,4042.1916710584474,61.430998677337456,18082.85,1.889514499638645,16.6625,0.03301301921884692,0.13484190940183396,16.430927090359432,1023.5940154611354,Normal
2022-11-03,0.008134779639266886,0.014778704762818203,6742.887185403946,11.808076224777444,18052.7,1.4887583912005529,15.9425,-0.04321080270067523,0.10487621899182234,16.268118060239622,188.2502552135144,Normal
2022-11-04,0.0065336487062839215,0.014750517460298066,7340.585448607891,18.258889029021038,18117.15,1.4803763159970844,15.655,-0.018033558099419866,0.045475929091751,16.06374537349308,285.84290774932435,Normal
2022-11-07,0.01052869794641512,0.010128218073620368,898.1431846848412,13.108819657457154,18202.8,1.569263346121797,15.585,-0.00447141488342373,0.06882785048302281,15.904163582328723,204.30095436146976,Normal
2022-11-09,0.009828158305310346,0.00836660727654986,12137.29791546421,38.986874486485654,18157.0,1.4046069371270995,15.915,0.02117420596727615,0.06737247348901342,15.907775721552483,620.4761074524191,Normal
2022-11-10,0.007363551247448557,0.01076749439461685,1126.4282045060327,2.3687752354899025,18028.2,0.5875639844058096,15.5675,-0.021834747093936402,0.050267043637909535,15.79435048103499,36.87590847848906,Normal
2022-11-11,0.005710497997578439,0.021070700381786513,2818.573324232086,21.69568940876882,18349.7,1.8712374520563597,14.405,-0.07467480327605602,0.08286494293697455,15.331233654023327,312.52640593331483,Normal
2022-11-15,0.007962726040210324,0.021431668709910583,1767.0827456678142,46.989966554357046,18403.4,1.8104012029058538,14.635,0.015966678236723375,0.0824366538823765,15.099155769348886,687.6981605230154,Normal
2022-11-16,0.0053251029701004565,0.02082262078473551,2068.794748406795,6.611445782933609,18409.65,1.7879469235209544,15.1,0.03177314656645036,0.10966860258990874,15.099437179565925,99.8328313222975,Normal
2022-11-17,0.005684518717082669,0.018943363751844976,1858.8196399021122,13.310384394340392,18343.9,1.342614338852603,14.8775,-0.014735099337748303,0.21009933760920568,15.025458119710617,198.02524382679917,Normal
2022-11-18,0.010074193601137081,0.006461739594331937,12790.349022854673,31.01045296087271,18307.65,0.8001569693519262,14.39,-0.032767602083683345,0.12317257595484964,14.813638746473746,446.2404181069583,Normal
2022-11-21,0.007043503671958459,0.010078070523643925,6349.471723362074,45.455525605489456,18159.95,-0.2839682800186918,14.7975,0.028318276580958868,0.15184155653103426,14.808259164315832,672.6281401472302,Normal
2022-11-22,0.006836472567376532,0.010516018424845314,4430.251472337665,37.16502845241297,18244.2,-0.08479569736667598,13.8425,-0.06453792870417296,0.1995269469846076,14.486339442877222,514.4569063525265,Normal
2022-11-23,0.004352068054502688,0.010780238527859825,4148.0496902457235,3.397866455856178,18267.25,0.4155859034474795,14.0425,0.014448257178977908,0.17717175352922399,14.33839296191815,47.714539706360384,Normal
2022-11-24,0.012889186932892024,0.016623837199829027,8889.525808933864,57.257374945334945,18484.1,1.7122763537735042,13.4775,-0.04023500089015497,0.07441694849605343,14.051428641278767,771.6862708257516,Normal
2022-11-25,0.004858229505356189,0.016054188727779542,1069.1634850774647,62.99457838128981,18512.75,2.0810206170907066,13.3325,-0.010758671860508273,0.22259321074190822,13.811785760852512,839.8752162685464,Normal
2022-11-28,0.013431283844910515,0.009792885425048093,8200.075195258716,21.634215343290975,18562.75,1.9571641464822862,13.565,0.017438589911869418,0.12357022304626265,13.729523840568342,293.4681311317421,Normal
2022-11-29,0.006785093803446646,0.009883522847490287,9073.41038129977,2.2502153315623747,18618.05,2.4900905090352516,13.615,0.0036859565057132393,0.1631035752575719,13.691349227045563,30.636681739221732,Normal
2022-11-30,0.010715407897169299,0.009642172785000796,10037.354505936739,21.302908900517203,18758.35,2.893806175193027,13.8075,0.014138817480719768,0.09529930217018054,13.73006615136371,294.13991464389125,Normal
2022-12-01,0.005832069451734268,0.005168524800002029,4436.068341143432,60.11656036815233,18812.5,2.702091462313248,13.36,-0.03240992214376248,0.09016838668102967,13.606710767575807,803.1572465185151,Normal
2022-12-02,0.0075880398671056,0.01117540091143085,3389.5656556709387,14.042426052902268,18696.1,1.5219184972358644,13.45,0.006736526946107713,0.0847679640084071,13.554473845050538,188.8706304115355,Normal
2022-12-05,0.0073411032247327835,0.011245098013989839,1980.9696353001843,26.216462027599235,18701.05,1.1272852923884935,13.7325,0.021003717472118932,0.07193308544837697,13.613815896700359,360.0175647940065,Normal
2022-12-06,0.004117415867021307,0.011874870663018615,4399.339417064764,46.18399815434222,18642.75,0.7392342021879278,14.0425,0.022574185326779572,0.15091935179252183,13.75671059780024,648.5387940823506,Normal
2022-12-07,0.0075042576873005735,0.008181178500036962,10052.41643767299,27.67924056888148,18560.5,0.4314323571967385,14.0775,0.0024924336834608596,0.04753427092929732,13.863640398533494,389.654509108429,Normal
2022-12-08,0.004743945475604204,0.007988240037090663,3788.8785049557423,17.929364852806913,18609.35,0.36414510491389623,13.3975,-0.048304031255549607,0.11578760425090567,13.708260265688999,240.20866561548064,Normal
2022-12-09,0.0136812946180208,0.007907912019284025,12653.94961077876,36.54543570538761,18496.6,-0.27438780036289323,13.4775,0.005971263295390772,0.15301362183018208,13.631340177126,492.5411097193615,Normal
2022-12-12,0.009507152665890136,0.007821659674071215,10893.919633781697,36.88524590092796,18497.15,-1.1310275238228285,13.3175,-0.01187163791504342,0.12038582814291539,13.526726784750668,491.2192622856082,Normal
2022-12-13,0.006868625707199789,0.011088045460685404,6919.760732510831,17.139013452607237,18608.0,-0.2894006426892921,12.8825,-0.03266378824854521,0.1610662660701587,13.311984523167112,220.79334080321274,Normal
2022-12-14,0.0033963886500410104,0.010099786670018112,1239.6442451179294,28.171355498001365,18660.3,0.6396666212072082,12.885,0.00019406171162428265,0.12070638453661446,13.169656348778076,362.9879155917476,Normal
2022-12-15,0.014211990160922311,0.0170270085401169,9087.034039069076,14.484879548652692,18414.9,-1.5919289216618908,13.7325,0.06577415599534353,0.10050446247535547,13.357270899185384,198.9136084018731,Normal
2022-12-16,0.010089655659270393,0.01766234885457342,2097.5968668969435,54.693504116108706,18269.0,-2.961406014528522,14.07,0.024576734025122837,0.1257964681406908,13.59484726612359,769.5376029136495,Normal
2022-12-19,0.010241392522847434,0.02076921268610139,4507.2419204925145,60.16266460015274,18420.45,-1.9811517681827573,13.5525,-0.036780383795309124,0.07018479028416152,13.580731510749061,815.35451199357,Normal
2022-12-20,0.010979644905520234,0.018965449467820916,2483.2865559156603,31.327238868607807,18385.3,-1.8657362819647039,13.78,0.01678657074340517,0.13890426110392604,13.647154340499373,431.68935160941555,Normal
2022-12-21,0.01689393156488225,0.018955558827846927,11613.278426944034,2.2292103423863265,18199.1,-1.9540559869627125,15.5625,0.12935413642960825,0.2574383162137604,14.28560289366625,34.692085953387206,Normal
2022-12-22,0.013745185201458534,0.015988606172583648,10104.282030901362,8.682807783589231,18127.35,-2.2954600529338607,15.1875,-0.02409638554216864,0.11951807221235794,14.586235262444168,131.87014321326146,Normal
2022-12-23,0.014947027557798094,0.021634203493614376,5380.527280396219,34.64670922259947,17806.8,-3.2542839001457105,16.16,0.06403292181069964,0.13152263365825673,15.110823508296113,559.8908210372074,Normal
2022-12-26,0.017400655929185733,0.024338849223051337,5532.289706564107,38.50856418969564,18014.6,-2.246000505691292,15.9325,-0.01407797029702973,0.18084777216531703,15.384715672197409,613.5376989523257,Normal
2022-12-27,0.0100918144171893,0.02676186269071256,1184.2885924925345,22.66825491336906,18132.3,-1.3351841416456276,15.29,-0.04032637690255769,0.07578848261365854,15.35314378146494,346.5976176254129,Normal
2022-12-28,0.005776983614871926,0.02510628918014749,2014.0024533311403,20.56505700837387,18122.5,-0.9559498217128676,15.395,0.00686723348593854,0.024525833862311424,15.36709585430996,316.59905264391574,Normal
2022-12-29,0.013072147882459414,0.025082829885769105,13386.889369157452,2.5694908777808294,18191.0,-0.7347295390309551,14.8125,-0.03783696005196491,0.06885352382666213,15.182230569539975,38.06058362712854,Normal
2022-12-30,0.010167115606613108,0.014126870044091817,17029.409776827164,3.066843904233707,18105.3,-0.5616922903368137,14.8675,0.0037130801687763615,0.05620253160762695,15.077320379693317,45.59630174619464,Normal
2023-01-02,0.007105654145467371,0.010292949341081943,4841.453458886818,7.266121707406562,18197.45,-0.3521597531488684,14.685,-0.01227509668740534,0.05952581129340788,14.946546919795546,106.70299727326537,Normal
2023-01-03,0.00561342385883436,0.00867797350336634,5912.3711883469405,17.402285026640453,18232.55,0.17578142441065067,14.385,-0.020429009193054237,0.046646237625709096,14.759364613197032,250.33187010822292,Normal
2023-01-04,0.012197964629186783,0.01459998169369585,10776.514288648023,20.388349514113358,18042.95,-0.5983837336102399,15.1975,0.056482446993395996,0.0940215501605689,14.905409742131354,309.85194174073774,Normal
2023-01-05,0.01261988754609831,0.013420730709324985,7250.712180303035,39.90946129398081,17992.15,-1.3890897769143868,14.9825,-0.014147063661786419,0.05181773314570306,14.931106494754237,597.9435038370675,Normal
2023-01-06,0.013997771250232027,0.014285111952914969,7217.117730624146,50.46655744639236,17859.45,-2.0138009190876245,15.025,0.0028366427498749403,0.0543967962259991,14.96240432983616,758.2600256320452,Normal
2023-01-09,0.011492515167033982,0.020980966739100413,6264.960684515534,17.209455022754785,18101.2,-0.30144491401068135,14.6525,-0.02479201331114811,0.056405989979097515,14.85910288655744,252.16153972091448,Normal
2023-01-10,0.01500453008639474,0.0223610296808105,6629.803721626129,10.330270672829345,17914.15,-1.1088768218248568,15.51,0.05852243644429267,0.09367002211658763,15.076068591038295,160.22249813558312,Normal
2023-01-11,0.008484912764485902,0.020631874705566385,1146.5982133597456,2.522854510630097,17895.7,-1.5347331014999888,15.435,-0.004835589941972862,0.07156673109505698,15.19571239402553,38.94025937157555,Normal
2023-01-12,0.010290181440228374,0.020591533287374772,4654.889327489629,28.712464006109386,17858.2,-1.9340729519485367,15.275,-0.010366051182377767,0.10528020725281488,15.222141596017021,438.58288769332086,Normal
2023-01-13,0.012604853792648333,0.01998692248027981,10317.908110488172,7.269487750427189,17956.6,-1.285207273235045,14.46,-0.053355155482815,0.07905073644579326,14.968094397344682,105.11679287117715,Normal
2023-01-16,0.010915206664952767,0.012673046670475,12522.176100681218,6.7988434530070965,17894.85,-0.913982117899094,15.0225,0.03890041493775942,0.06241355459030873,14.986229598229789,102.13562577279912,Normal
2023-01-17,0.0103437581203472,0.011930605149814241,7330.04670270752,20.82645991387627,18053.3,-0.17103205627685006,14.59,-0.028790148111166647,0.09785322010460765,14.854153065486527,303.85805014345476,Normal
2023-01-18,0.008380739255422303,0.012159381364342359,4921.626587494043,34.63561232091259,18165.35,1.0760423023872818,14.3725,-0.014907470870459183,0.1561000684331048,14.693602043657686,497.8003380823163,Normal
2023-01-19,0.0050343098261222815,0.01275319432055803,655.6387185510184,30.6164383554653,18107.85,0.954302602051655,13.96,-0.028700643590189534,0.06540267868122962,14.449068029105124,427.4054794422956,Normal
2023-01-20,0.007137788307277155,0.013925740953010766,6372.7188152902745,16.78660211914776,18027.65,0.6062664942904481,13.7875,-0.012356733524355401,0.18212750703285996,14.22854535273675,231.44527671774972,Normal
2023-01-23,0.0054998848990269284,0.013261290949343675,7.913489779070073,8.310552214098076,18118.55,1.4020931447742342,13.6175,-0.01233000906618309,0.05657298273321991,14.024863568491169,113.16894477548054,Normal
2023-01-24,0.006766545888050141,0.01066134930089899,6921.395891307829,2.1328852119407458,18118.3,1.552874364082033,13.6575,0.0029373967321462136,0.03745180830736051,13.90240904566078,29.129879782080735,Normal
2023-01-25,0.014043812057414694,0.014395270190865906,11476.465867525654,33.358504813416474,17891.95,-0.6437504336816057,14.655,0.07303679297089505,0.1394838000076999,14.153272697107187,488.8688880406184,Normal
2023-01-27,0.02186458155761569,0.01946331489908142,9546.561933892706,68.89617348460096,17604.35,-3.1429662190374446,17.32,0.18184919822586165,0.23404981219102705,15.208848464738127,1193.2817247532887,Normal
2023-01-30,0.017245737559173142,0.02115577429943674,3440.4440341698464,69.09613509142243,17648.95,-2.9438658187790923,17.71,0.022517321016166214,0.12124711309396825,16.042565643158753,1223.6925524690912,Normal
2023-01-31,0.011227296808019127,0.019151331763641123,3580.3475883483766,45.99788924017117,17662.15,-1.9618299247681261,16.875,-0.047148503670242814,0.10177865606901251,16.320043762105836,776.2143809278884,Normal
2023-02-01,0.035035372250810284,0.018462568586031673,33229.310744121896,15.621792869433463,17616.3,-1.5942959866375201,16.78,-0.00562962962962954,0.2188148146851467,16.473362508070558,262.1336843490935,Normal
2023-02-02,0.011804408417197862,0.016686962870266844,25361.574770536026,25.665918625956905,17610.4,-1.673449286694294,15.7325,-0.06242550655542323,0.13468414771472922,16.226408338713707,403.789064782867,Normal
2023-02-03,0.016246081860709357,0.01436153703260103,7890.758866229857,40.697308711500085,17854.05,-0.5509723814708414,14.3975,-0.08485618941681228,0.09454949938372831,15.61677222580914,585.9395021738225,Normal
2023-02-06,0.007020816005328313,0.01639777666178487,2812.7423768381946,33.305117352315094,17764.6,-0.5147388582387947,14.6875,0.020142385830873355,0.07084563287317543,15.307014817206095,489.16891111212794,Normal
2023-02-07,0.0089278677819885,0.016839509667255073,3224.9230207475257,28.414390405922166,17721.5,-0.591809994272997,14.125,-0.03829787234042559,0.08238297866731377,14.913009878137398,401.3532644836506,Normal
2023-02-08,0.0087210450582576,0.017750899613452182,7629.542760217795,8.494404882838301,17871.7,0.0639914042218976,13.595,-0.03752212389380527,0.050442477840394725,14.473673252091599,115.48143438218672,Normal
2023-02-09,0.007671346318477003,0.017461987304652562,656.0070712966142,12.677098752110885,17893.45,0.3434146183272426,13.04,-0.04082383229128361,0.12890768655468351,13.995782168061066,165.30936772752594,Normal
2023-02-10,0.004244569940394852,0.011649065287512948,761.2097808149935,25.998770743060646,17856.5,0.3659179594525683,12.745,-0.022622699386503076,0.08205521466100063,13.578854778707377,331.3543331203079,Normal
2023-02-13,0.00901352448687652,0.011533329028271281,10921.529551823869,16.145966708933184,17770.9,0.17603180179680303,13.68,0.07336210278540611,0.1777167515278802,13.612569852471587,220.87682457820594,Normal
2023-02-14,0.008693988486790935,0.01382109149145036,5663.41643640812,1.6931701177970844,17929.85,1.4514250174081276,13.4525,-0.016630116959064245,0.08972953209815086,13.55921323498106,22.777371009665277,Normal
2023-02-15,0.01005585657436614,0.012176559799916144,6433.895041546002,13.7454753283718,18015.85,2.1570042395525126,12.86,-0.04404385801895572,0.16149414594945619,13.32614215665404,176.76681272286135,Normal
2023-02-16,0.00744344563259153,0.012181447224518858,3966.0596518067127,51.008934844875135,18035.85,2.478456778587011,12.89,0.002332814930015692,0.23250388784408718,13.18076143776936,657.5051701504406,Normal
2023-02-17,0.008297363306964655,0.013605681704597285,2789.3659608296016,13.776441533044231,17944.2,1.3448207236138867,13.085,0.015128006206361455,0.21082234273791897,13.148840958512908,180.26473745988378,Normal
2023-02-20,0.010362679863125324,0.014022817714465865,10300.428887566797,17.313812857684688,17844.6,0.6269129938837863,13.3825,0.022735957202904,0.21283912861074578,13.226727305675274,231.70210056796535,Normal
2023-02-21,0.006982504511164855,0.009702577601557558,6798.335786172843,43.38458206922132,17826.7,0.1083649039438407,14.0075,0.04670278348589574,0.06818606383845612,13.486984870450183,607.7095333346176,Normal
2023-02-22,0.013634043317039211,0.014105696346211555,9208.07162777141,58.43205001549112,17554.3,-2.815313045962145,15.5875,0.11279671604497588,0.25254328020521627,14.187156580300122,910.8095796164679,Normal
2023-02-23,0.00937946827842204,0.012482334815110277,3383.868026559848,61.892583119149315,17511.25,-2.945868386841086,15.075,-0.03287890938251814,0.09574979945741802,14.48310438686675,933.0306905211759,Normal
2023-02-24,0.010162038689408187,0.012919443911562986,6176.11140143557,59.15448933251315,17465.8,-2.4853286549439506,14.185,-0.059038142620232104,0.07529021553877928,14.383736257911167,839.1064311816991,Normal
2023-02-27,0.008737074740344627,0.012968480078528645,3888.1440133160395,45.23949744709026,17392.7,-2.5376031108465,13.875,-0.021854071201973913,0.09499471265774077,14.214157505274112,627.6980270783773,Normal
2023-02-28,0.010651020255618362,0.011956787814019229,6673.105825305958,37.7735849049478,17303.95,-2.100915565543583,14.02,0.010450450450450344,0.07693693688148695,14.14943833684941,529.5856603673682,Normal
2023-03-01,0.007079308481585372,0.012328553304012387,5106.76733546854,27.00397402293288,17450.9,-1.3596549534164226,12.995,-0.07310984308131241,0.12446504983989648,13.764625557899606,350.9166424280128,Normal
2023-03-02,0.008011048140778937,0.01386532373586564,4745.755430705468,11.286567466114233,17321.9,-1.386623547475346,12.97,-0.0019238168526355404,0.18853405141320972,13.499750371933072,146.3867800355016,Normal
2023-03-03,0.0125303806164378,0.02253706329546284,4526.60395664182,29.60969044367655,17594.35,-0.47004250866606084,12.18,-0.060909791827293835,0.07632999223104858,13.059833581288714,360.64602960398037,Normal
2023-03-06,0.007275062733202832,0.021705721862203278,1044.4524102933826,46.76616915353439,17711.45,0.3429923310912657,12.2675,0.007183908045977017,0.052134646919429664,12.79572238752581,573.7039800909831,Normal
2023-03-08,0.00927366195313807,0.019041791254803885,3573.273405749612,41.06395264846167,17754.4,0.3724075580525077,12.45,0.014876706745465595,0.07744039121463993,12.680481591683876,511.2462104733478,Normal
2023-03-09,0.01119440814670662,0.023052537893192098,9935.877381325468,9.998241294231182,17589.6,0.243668498745937,12.725,0.02208835341365467,0.0853413653933001,12.695321061122584,127.22762046909179,Normal
2023-03-10,0.007228703324687837,0.024460014800937433,1420.4996088926753,55.32829287615907,17412.9,-1.1251423553802868,13.4125,0.05402750491159125,0.0858546168284051,12.934380707415057,742.0907282014834,Normal
2023-03-13,0.023916177087088396,0.02036602663191929,7829.372661331855,55.51706513651509,17154.3,-1.7969476168797534,16.215,0.20894687791239508,0.22479030738133052,14.027920471610038,900.2092111885922,Normal
2023-03-14,0.013847839900192047,0.014280876697829493,3737.9502892880623,63.80201250950421,17043.3,-2.61400640798113,16.2175,0.00015417823003405218,0.10114091883987601,14.757780314406693,1034.7091378728846,Normal
2023-03-15,0.015985753932620868,0.009019646194953462,7620.680557357964,41.60505154037846,16972.15,-2.4103106814933803,16.295,0.004778788345922713,0.12255279782793098,15.27018687627113,677.9543148504671,Normal
2023-03-16,0.01250872753303937,0.013223478646200399,791.2342394059536,36.45299736900931,16985.6,-2.323596531135156,16.2175,-0.0047560601411476,0.20895980349250706,15.585957917514088,591.1764848319085,Normal
2023-03-17,0.011047593255456819,0.01807368463668808,1003.8268257108998,7.97144556799552,17100.05,-1.467026921214746,14.7675,-0.0894095884075845,0.099737937351788,15.31313861167606,117.71832242537384,Normal
2023-03-20,0.013932707799091854,0.01271594717766061,5561.97028217013,20.12953174986851,16988.4,-1.6318734729133686,16.0075,0.08396817335364815,0.18283392572687726,15.544592407784041,322.22347948602015,Normal
2023-03-21,0.006575074756889111,0.01379730169021935,2322.719168243088,2.4471728054377593,17107.5,-0.9308514617976058,15.0825,-0.0577854130876152,0.12197407457630859,15.390561605189362,36.90948383801501,Normal
2023-03-22,0.005810317112374301,0.012351234185577388,1583.4895950232901,2.1243269701000713,17151.9,-0.5504498746511095,14.8075,-0.018233051549809365,0.056356704752954255,15.196207736792909,31.455971609756805,Normal
2023-03-23,0.009334242853556097,0.014014032800034623,1466.5145627987208,19.566578979843477,17076.9,-0.6637417841060972,14.49,-0.021441836906972767,0.0780010129474921,14.960805157861941,283.519729417932,Normal
2023-03-24,0.01124911430059845,0.014185772432399662,8928.442141407832,24.549175793239236,16945.05,-1.0427323953272745,15.24,0.05175983436852993,0.08471359552469725,15.053870105241295,374.12943908896597,Normal
2023-03-27,0.010177013346074456,0.013246329951287265,96.60108765979737,36.30992089895495,16985.7,-0.953866788914408,15.445,0.013451443569553856,0.06528871386792086,15.18424673682753,560.8067282843592,Normal
2023-03-28,0.008713211701602693,0.009916227601353036,6603.924129526736,25.899912203181984,16951.7,-1.078052588274057,15.1,-0.022337325995467783,0.04807381026346789,15.156164491218355,391.08867426804795,Normal
2023-03-29,0.010945804845525431,0.013372787691598562,8609.147531151539,11.77865612624978,17080.7,-0.3782923487148984,13.6275,-0.09751655629139078,0.11788079462391995,14.646609660812238,160.51363636046887,Normal
2023-03-31,0.010359645681962302,0.020582772552348305,5757.513316620412,49.65718338640289,17359.75,2.998942781982241,12.935,-0.050816363969913736,0.11410750312668683,14.07607310720816,642.3156671031214,Normal
2023-04-03,0.006641800717172359,0.015750226977515543,1143.2604065823082,60.87245533758405,17398.05,3.3144890479376983,12.585,-0.027058368766911478,0.07924236561326452,13.579048738138775,766.0798504234954,Normal
2023-04-05,0.009647632924373827,0.015634710422748856,4867.718941834509,75.4883641910058,17557.05,3.067858602940875,12.4125,-0.013706793802145456,0.05979340479952844,13.190199158759183,936.9993205208594,Normal
2023-04-06,0.007737632461029888,0.012982752440157041,4751.46998254867,60.686887759691395,17599.15,2.5435051841365888,11.7975,-0.04954682779456199,0.07411883176304625,12.725966105839456,715.9535583449592,Normal
2023-04-10,0.00546333203591896,0.014346342775079794,837.7276442149296,65.7725587128361,17624.05,2.1595310294445285,12.2725,0.04026276753549496,0.06484424660746413,12.574810737226304,807.1937268032812,Normal
2023-04-11,0.005310924560469667,0.007180589405590215,1864.17776211642,49.95794785394016,17722.3,1.9576793761551234,11.975,-0.024241189651660333,0.049500916643307594,12.374873824817538,598.2464255509334,Normal
2023-04-12,0.006122230184566269,0.006773708268809931,4377.315536958036,56.79368452841073,17812.4,1.8877273578855434,12.2725,0.024843423799582487,0.0350730688642396,12.340749216545028,697.0004933749208,Normal
2023-04-13,0.006315824930943435,0.004787461799630782,1794.6063206108254,42.826149839664446,17828.0,1.628665207817585,11.9075,-0.029741291505398282,0.05459360354076707,12.19633281103002,509.9523792158044,Normal
2023-04-17,0.016207650886237303,0.01108480790115691,12241.984537742583,12.19727424233374,17706.85,1.135207769856212,12.265,0.03002309468822162,0.11463363416784915,12.219221874020015,149.59956858222333,Normal
2023-04-18,0.00883273987185239,0.011723009960302459,10326.237293134702,24.9529443394292,17660.15,0.8820395038151697,12.075,-0.015491235222176991,0.05401549119118179,12.171147916013343,301.3068028986076,Normal
2023-04-19,0.004886708210290061,0.0099042755759286,2937.890303787109,34.97601805633523,17618.75,0.5741056720437436,12.1525,0.006418219461697738,0.11283643882994918,12.164931944008897,425.0460594296139,Normal
2023-04-20,0.005681447321742199,0.006812091528182603,2667.200826201804,3.5151691947640877,17624.45,0.5132150047778703,11.94,-0.01748611396831934,0.06727010897570868,12.089954629339264,41.97112018548321,Normal
2023-04-21,0.006198774997230439,0.006363379893742762,5835.377667454039,14.358193809762955,17624.05,0.27199234768026304,11.63,-0.025963149078726877,0.04355108874074445,11.93663641955951,166.98579400754318,Normal
2023-04-24,0.00805717187592633,0.008481004206459477,5036.37078511804,22.541625159455265,17743.4,0.8320553421911674,11.6675,0.0032244196044710627,0.05374032669497822,11.846924279706341,263.0044115479443,Normal
2023-04-25,0.005106123967218859,0.00757720604498317,933.1544271603212,33.304080736191615,17769.25,1.332472006732572,11.52,-0.01264195414613245,0.033211913406289276,11.737949519804229,383.6630100809274,Normal
2023-04-26,0.006559083810511624,0.006124168457095532,4317.10861378508,47.12874122734805,17813.6,1.4637744839144402,11.6525,0.01150173611111116,0.05208333328812223,11.709466346536153,549.1676571516732,Normal
2023-04-27,0.007505501414645105,0.006410253905533234,10567.108701411276,51.958339443979305,17915.05,2.5078623906291915,11.425,-0.019523707358935827,0.09096760344049111,11.614644231024103,593.6240281474636,Normal
2023-04-28,0.011378701147911303,0.006499602958441003,6919.855599910814,62.034794096850504,18065.0,3.2185311266702414,10.9475,-0.041794310722100714,0.06608315092684194,11.392262820682737,679.1259083752709,Normal
2023-05-02,0.004345419319122975,0.006091649223910753,1225.838654023017,77.84893992760946,18147.65,3.396568473519736,11.8975,0.0867778031514046,0.10184973728992947,11.560675213788492,926.2077627887337,Normal
2023-05-03,0.00407490777042517,0.009704919334858569,1484.7926602998562,44.6094026147145,18089.85,2.152742780451974,11.84,-0.004832948098340117,0.09413742374941163,11.653783475858996,528.1753269582197,Normal
2023-05-04,0.011097383339269759,0.010977634239656423,10322.554237467268,43.40652818888107,18255.8,2.2008496962658444,11.7325,-0.009079391891891886,0.0713682431829659,11.680022317239331,509.26709197604714,Normal
2023-05-05,0.008846503576940563,0.018535368094129784,2138.0183803223777,15.89809420330089,18069.0,1.3902928558378458,12.295,0.04794374600468787,0.07202216060343311,11.885014878159554,195.46706822958444,Normal
2023-05-08,0.010329846698760204,0.019749474954959673,4758.417865363081,33.898715773622904,18264.4,1.6033990002938763,12.635,0.027653517690117813,0.09658397714795934,12.135009918773036,428.3102737997254,Normal
2023-05-09,0.006271763649500478,0.019592562064878815,1772.2491341500615,21.76972881633168,18265.95,1.5991302206535307,12.6775,0.0033636723387415746,0.09161060538851545,12.31583994584869,275.98573706904483,Normal
2023-05-10,0.006284918112659698,0.018763132727592693,110.37710300519755,24.491392800704297,18315.1,1.4275004849702602,13.0825,0.03194636166436604,0.13843423376972247,12.571393297232461,320.40864631521396,Normal
2023-05-11,0.006513750948667173,0.01690960361389002,16153.332799792388,29.399110855316426,18297.0,1.4428063378554719,13.215,0.010128033632715416,0.07070514040076051,12.785928864821642,388.5092499530066,Normal
2023-05-12,0.008099688473515863,0.010563077016778891,8824.34817276986,8.004185194664355,18314.8,1.177766207152314,12.8525,-0.027430949678395766,0.058456299615242985,12.808119243214428,102.87379021442362,Normal
2023-05-15,0.009336711293593522,0.004928039050106359,9091.204188887437,23.546180159098146,18398.85,1.6236967699061025,13.1725,0.024897879789924193,0.08383582953990604,12.929579495476286,310.1620581457203,Normal
2023-05-16,0.009131005470445637,0.00916811185782589,12499.580395725852,3.4380131362176805,18286.5,1.173021998008095,13.2925,0.009109888024293022,0.13475042692370426,13.050552996984191,45.69978961317352,Normal
2023-05-17,0.010589779345413039,0.010157531263061686,7227.305850223425,10.588566600758934,18181.75,0.06814340761462183,13.105,-0.014105698702275737,0.12676321224242001,13.06870199798946,138.76316530294585,Normal
2023-05-18,0.010579289672330572,0.010221534172572391,10729.62098221277,33.041516244891255,18129.95,-0.4640676171803459,12.795,-0.02365509347577266,0.15013353670344645,12.977467998659641,422.7662003533836,Normal
2023-05-19,0.0086983141155883,0.011639767211230997,1365.9474020227058,37.51149530922304,18203.4,-0.8896612558926978,12.3025,-0.038491598280578354,0.08851113709377795,12.752478665773094,461.4851710417164,Normal
2023-05-22,0.008591801531577372,0.012634322815765209,8716.665289681567,12.281567775451895,18314.4,0.5608183343353303,12.57,0.021743548059337536,0.10282462905683838,12.69165244384873,154.37930693743033,Normal
2023-05-23,0.0052172061328761565,0.010929938004196848,1243.3554271860587,37.47764930176605,18348.0,1.6113588571692643,12.605,0.0027844073190135266,0.060262529784993885,12.662768295899154,472.4057694487611,Normal
2023-05-24,0.007066165249614517,0.009365411391796601,828.6165442007866,35.871231475834215,18285.4,0.7636981600900765,13.1125,0.04026180087266962,0.08151527165290337,12.81267886393277,470.36152272687616,Normal
2023-05-25,0.007421221302236914,0.007926308189140146,7255.372782505305,10.062044779874217,18321.15,0.20755754545353472,12.52,-0.04518589132507156,0.3775023829342213,12.71511924262185,125.97680064402519,Normal
2023-05-26,0.009573634842785636,0.01107439022075993,8679.289476480746,10.745444505561057,18499.35,2.732856425672345,11.9,-0.04952076677316286,0.09245207660347284,12.443412828414568,127.87078961617658,Normal
2023-05-29,0.0032406544013691466,0.010860955417263538,1202.3924745536538,52.16689966550979,18598.65,3.716031141814663,12.2975,0.033403361344537696,0.30966386528599676,12.394775218943046,641.5224486366066,Normal
2023-05-30,0.004675070502426465,0.010852699180752176,1601.239516985543,77.93128303512938,18633.85,2.753583367941125,12.01,-0.023378735515348636,0.04980687127480642,12.266516812628698,935.9547092519039,Normal
2023-05-31,0.006442576279187527,0.012363606155078843,4746.996981784305,16.43347412839392,18534.4,1.562463905247481,11.9725,-0.0031223980016652497,0.07389675264454885,12.168511208419133,196.74976900219622,Normal
2023-06-01,0.0062451441643612705,0.013469242111002564,9403.256640003583,25.43237879145373,18487.75,1.1049450802959497,11.5975,-0.03132177907705158,0.0628523699621195,11.97817413894609,294.9520130338846,Normal
2023-06-02,0.005154764641448944,0.009537238432656426,1616.627107101308,30.729815814133215,18534.1,1.0620711847878617,11.125,-0.04074153912481138,0.07544729461052184,11.693782759297394,341.869200932232,Normal
2023-06-05,0.00309429645895788,0.008296742273162789,2200.5856317188327,14.869126458061878,18593.85,1.3603658389297966,11.1375,0.0011235955056179137,0.09101123587324841,11.50835517286493,165.60489592666414,Normal
2023-06-06,0.004902158509397055,0.00797593582164809,299.608696320944,5.213675213496902,18599.0,1.0730200806845294,11.38,0.021773288439955296,0.10347923671965949,11.465570115243287,59.33162392959475,Normal
2023-06-07,0.0055352438303105204,0.0077961522818994315,5874.054792204934,38.98858074925104,18726.4,1.6981094820201719,11.4425,0.005492091388400677,0.16695957806066822,11.45788007682886,446.1268352233051,Normal
2023-06-08,0.008666908749141118,0.009687819422265197,7546.759471136695,26.423487543812158,18634.55,1.4353450117207311,11.2575,-0.016167795499235305,0.12562814059372676,11.391086717885907,297.4624110244654,Normal
2023-06-09,0.006506730776967243,0.010925648090800169,5939.821969617218,22.420306965232943,18563.4,0.6918760985040817,11.12,-0.012214079502553932,0.08794137234026972,11.300724478590606,249.3138134533903,Normal
2023-06-12,0.003978258293198377,0.010595025269502461,598.5827554693013,5.945719082093369,18601.5,0.5900084638629307,11.245,0.01124100719424459,0.10971223011716531,11.282149652393738,66.85961107813993,Normal
2023-06-13,0.005220009139045237,0.012232693968786302,7009.252427001172,10.883720929896882,18716.15,1.557040843643717,11.11,-0.012005335704757703,0.11204979981142746,11.224766434929158,120.91813953115435,Normal
2023-06-14,0.004258354415836491,0.010297135280874012,1092.8696012712644,48.44278341169516,18755.9,2.2591484093743412,11.1625,0.00472547254725475,0.0661566156020192,11.20401095661944,540.7425698330472,Normal
2023-06-15,0.006667235376597902,0.009530709927737836,7254.968465423692,48.32154147077138,18688.1,1.6053401606623348,11.08,-0.007390817469204891,0.1502799550725374,11.162673971079627,535.4026794961469,Normal
2023-06-16,0.008251240093959162,0.009646558174021982,7829.096064049808,35.61033171533695,18826.0,2.272968347891595,10.84,-0.02166064981949456,0.047157039668630905,11.055115980719751,386.0159957942525,Normal
2023-06-19,0.008621055986397166,0.011740354459314536,7994.504332907461,24.08664726750537,18755.45,1.6777584972937583,11.225,0.035516605166051596,0.10770295193016335,11.1117439871465,270.37261557774775,Normal
2023-06-20,0.009546558467000461,0.010658972449348506,4471.162061346692,5.570035717626247,18816.7,1.3354678988970354,11.1325,-0.008240534521158027,0.07750556785968317,11.118662658097668,62.0084226264742,Normal
2023-06-21,0.004307344008245857,0.010660188481770248,814.4793905313162,1.3139204545141716,18856.85,1.9949325736588475,11.2925,0.014372333258477532,0.05951044234492658,11.17660843873178,14.837446732601283,Normal
2023-06-22,0.006740256193369049,0.011196167634726108,8285.596184736234,14.888946280606614,18771.25,1.3546068753497325,11.5475,0.022581359309276072,0.09032543715711712,11.30023895915452,171.93010717530487,Normal
2023-06-23,0.005822734234531247,0.009157230337640878,6203.870861586286,33.569064097695275,18665.5,-0.3754697888993613,11.235,-0.027062134661182125,0.06018618743434842,11.278492639436347,377.1484351376064,Normal
2023-06-26,0.004036859446570313,0.009161763214994068,766.2363241040118,45.361298222738014,18691.2,-0.5916823110327256,11.395,0.014241210502892843,0.06141522023906089,11.3173284262909,516.8919932480997,Normal
2023-06-27,0.00615262797465858,0.011422496681617164,5002.783886426993,1.6590134794349467,18817.4,0.9469918139187988,10.7775,-0.05419043440105309,0.06406318555150213,11.137385617527267,17.88001777461014,Normal
2023-06-28,0.007966031438983162,0.014132576111461547,3911.3540486195316,70.91467157591504,18972.1,2.7558052186036197,10.8875,0.010206448619809683,0.08188355362386125,11.054090411684845,772.0834867827749,Normal
2023-06-30,0.009334759989664236,0.014976416510474941,4248.683922119348,85.42297417479237,19189.05,4.065805783034219,10.8,-0.008036739380022806,0.10516647521913523,10.969393607789897,922.5681210877577,Normal
2023-07-03,0.0057689150843809045,0.00812649440053011,2857.579803329653,89.0163934410866,19322.55,3.672326742764159,11.54,0.06851851851851842,0.11388888878343607,11.159595738526598,1027.2491803101393,Normal
2023-07-04,0.006942665434941663,0.006447422758559404,806.1818549777445,81.3582146963954,19389.0,2.803192680472104,11.7,0.013864818024263537,0.04051126512953958,11.339730492351066,951.8911119478261,Normal
2023-07-05,0.0042292021249140084,0.009503375282242182,684.361571764619,62.4529822659202,19398.5,2.135686125559314,11.8825,0.015598290598290765,0.054914529867594424,11.520653661567378,742.0975617747968,Normal
2023-07-06,0.007175812562823361,0.009142079884503699,12369.5668295478,50.5557900647104,19497.3,1.91758757172334,11.84,-0.0035766884073217264,0.0359772774786642,11.627102441044919,598.5805543661711,Normal
2023-07-07,0.01128361362854791,0.013566403054625637,6466.967357006245,4.805077062447911,19331.8,1.3337154865381078,11.5325,-0.025971283783783772,0.08382601344271448,11.595568294029947,55.41455122268053,Normal
2023-07-10,0.005625446156071538,0.011778129947547015,2997.668083624109,4.530398546756633,19355.9,1.0979676869988535,11.4625,-0.006069802731411222,0.056362453885660156,11.551212196019966,51.92969334219791,Normal
2023-07-11,0.005613275538721613,0.012092695231678698,875.5105490264625,2.0186494517464375,19439.4,1.2156306100799197,11.0125,-0.03925845147219198,0.04514721915363384,11.371641464013312,22.230377087357642,Normal
2023-07-12,0.007507947776162105,0.012554945892656284,13478.196105418261,8.347426914511889,19384.3,0.9629244903744122,10.935,-0.007037457434733163,0.043586833104574826,11.226094309342209,91.27911331018751,Normal
2023-07-13,0.009347771134366845,0.01112194094352932,9396.99934841305,19.237470533581035,19413.75,0.993327812348983,10.9375,0.00022862368541365363,0.043667123874104055,11.129896206228139,210.40983396104258,Normal
2023-07-14,0.008336874637816762,0.008800065789718698,5862.7697784220845,8.417442430015747,19564.5,1.2476944634729714,10.6825,-0.023314285714285732,0.0297142856871183,10.980764137485426,89.9193287586432,Normal
2023-07-17,0.00863298320937982,0.009929166357184476,5912.315937546469,42.03863465787607,19711.45,2.0112705713578514,11.315,0.059208986660425955,0.14416101086434738,11.092176091656953,475.6671511538677,Normal
2023-07-18,0.006557102597725404,0.010019126686616767,2224.6332584623656,52.62115685143106,19749.25,2.669276018307074,11.71,0.03490941228457811,0.08418029157385734,11.29811739443797,616.1937467302578,Normal
2023-07-19,0.006291378153597584,0.006642797430267055,2208.087712045747,60.68892045310952,19833.15,2.6448135427689508,11.6,-0.009393680614859234,0.03394534582925255,11.398744929625312,703.9914772560704,Normal
2023-07-20,0.01177069704005059,0.0057771170054288085,10900.13747835388,53.393572234246264,19979.15,2.5561865238032704,11.785,0.01594827586206904,0.07629310338250608,11.52749661975021,629.2432487805922,Normal
2023-07-21,0.009379778418997186,0.017759354300116454,2376.828933062647,17.90060453767866,19745.0,1.3684984160987819,11.485,-0.02545608824777268,0.08252015266650815,11.513331079833474,205.58844311523941,Normal
2023-07-24,0.006302861483916824,0.01681162995386535,3343.5040148206726,6.286790675671769,19672.35,0.7715078229497515,11.6525,0.014584240313452401,0.1269046581393951,11.559720719888983,73.25682834826529,Normal
2023-07-25,0.0057644358706478984,0.016621987295251633,3081.832485953669,27.553191488828897,19680.6,0.48905713766550124,10.2425,-0.12100407637845956,0.13216048047014756,11.120647146592656,282.21356382433,Normal
2023-07-26,0.005533367885122531,0.016900125174869083,4959.686745734328,3.1866266160851815,19778.3,0.9715861675750799,10.4575,0.020990969001708493,0.06297290694364387,10.899598097728438,33.32414783771078,Normal
2023-07-27,0.013347962160542945,0.01415691194060764,16798.565210049524,11.341883613871758,19659.9,0.47507709542939086,10.5125,0.005259383217786295,0.10470953850852548,10.770565398485626,119.23155149082685,Normal
2023-07-28,0.0067548665049128095,0.009335253366594935,1175.448265359728,10.585086747682425,19646.05,-0.23223985621551235,10.135,-0.03590963139120096,0.07372175973962261,10.558710265657083,107.27985418776137,Normal
2023-07-31,0.00891527813478599,0.010472766254931754,7182.508769049448,13.419005157559427,19753.8,0.27810380511497856,10.4125,0.027380365071534296,0.10384805120488601,10.509973510438057,139.72539120308753,Normal
2023-08-01,0.004606708582650119,0.010642745407928039,6993.179585365511,14.851485148141514,19733.55,0.5186894542039096,10.2825,-0.012484993997598948,0.048739495751510716,10.434149006958705,152.71039603576511,Normal
2023-08-02,0.012906952879733837,0.01346910494755786,7579.660572648091,31.47617807807934,19526.55,-2.3223468675417407,11.2775,0.09676635059567218,0.18040359817125837,10.715266004639137,354.9725982755397,Normal
2023-08-03,0.012352412484533991,0.0139934520892096,4335.761218460149,59.99688570445331,19381.65,-3.584527255646353,11.185,-0.008202172467302149,0.08667701167219957,10.87184400309276,671.0651666043103,Normal
2023-08-04,0.0052833479089729185,0.017198639733947425,2177.24589551357,57.4463579890256,19517.0,-1.9470324709213345,10.5725,-0.054760840411265166,0.06280733119105295,10.772062668728507,607.3516198389732,Normal
2023-08-07,0.004900855664290231,0.01656660321229237,1104.304258106901,8.82733884609279,19597.3,-0.9265942420263381,11.1025,0.05013005438637963,0.09600378330952591,10.882208445819005,98.0055295387452,Normal
2023-08-08,0.005169079413998419,0.016556495800085603,4527.02904998585,26.73021135442099,19570.85,-0.7849597817285012,11.325,0.020040531411844142,0.03850484121728906,11.029805630546004,302.7196435888177,Normal
2023-08-09,0.00909515938244425,0.012575612553013775,6237.890150094336,7.824951012206817,19632.55,-0.6061416620107053,11.14,-0.016335540838852025,0.1130242824609058,11.066537087030671,87.16995427598395,Normal
2023-08-10,0.006529971908892721,0.010264598402269754,6894.044955070092,12.402449273323924,19543.1,-0.7741739920292496,11.4,0.02333931777378817,0.1151256731462068,11.177691391353783,141.38792171589273,Normal
2023-08-11,0.007419498441901531,0.009992524948956876,9272.577247685742,32.21775507916526,19428.3,-1.5456569813894974,11.55,0.013157894736842035,0.04473684206602029,11.301794260902522,372.11507116435877,Normal
2023-08-14,0.010703458357133154,0.0081648994789092,4706.05276984113,48.459498060631816,19434.55,-2.1061528229227084,11.99,0.03809523809523796,0.197402597231686,11.531196173935015,581.0293817469754,Normal
2023-08-16,0.00851833461540988,0.008800136089191843,12366.832793889882,42.5458052065083,19465.0,-1.508388488852612,12.13,0.011676396997498006,0.05671392822626025,11.73079744929001,516.0806171549457,Normal
2023-08-17,0.006950937580268675,0.007642830978783211,12162.977283630706,26.930209857941442,19365.25,-1.6257170047373093,12.26,0.010717230008243872,0.044517724612928425,11.907198299526673,330.16437285836207,Normal
2023-08-18,0.006206994487545405,0.007317307925004555,880.8085047456639,13.133097761763649,19310.15,-1.9674666790093793,12.12,-0.011419249592169667,0.13866231636324453,11.978132199684449,159.17314487257542,Normal
2023-08-21,0.0067140855974673576,0.008289445767609954,5935.016568660586,5.275347400790622,19393.6,-1.2167204340132838,11.93,-0.015676567656765616,0.11716171607494907,11.962088133122966,62.93489449143212,Normal
2023-08-22,0.0032072436267618523,0.008273521381506757,2823.418117875101,0.9453613202711608,19396.45,-0.7114596114390879,11.77,-0.013411567476948827,0.041911148330334325,11.898058755415311,11.126902739591563,Normal
2023-08-23,0.005436561845077133,0.008576412615717779,693.6409490482253,33.04742684046226,19444.0,-0.37050101390219997,11.77,0.0,0.1342395920694651,11.855372503610209,388.96821391224074,Normal
2023-08-24,0.011080538983742538,0.0071792218015550606,26770.081611195154,41.373009656972535,19386.7,-0.16074541823571134,11.63,-0.01189464740866597,0.17332200495044867,11.78024833574014,481.1681023105906,Normal
2023-08-25,0.0056662557320194705,0.009437812304856038,2716.0254104526557,0.3452605147451209,19265.8,-2.0828137587254574,12.13,0.042992261392949205,0.045571797037341474,11.89683222382676,4.188010043858316,Normal
2023-08-28,0.006080723354334469,0.008210443381876717,683.0865931340772,0.0816993464038589,19306.05,-1.5684580342008057,12.42,0.023907666941467287,0.048639736151162606,12.071221482551174,1.0147058823359274,Normal
2023-08-29,0.0035636497367388604,0.008662748064408471,3150.309721832843,29.176300577190595,19342.65,-0.9598320907566686,12.21,-0.016908212560386437,0.145732689093613,12.11748098836745,356.2426300474972,Normal
2023-08-30,0.006103093423079993,0.007960426635621465,20315.891396539017,36.88324377017162,19347.45,-0.25380030563950995,11.87,-0.027846027846027965,0.06388206382974436,12.0349873255783,437.8041035519371,Normal
2023-08-31,0.008504996782517293,0.00873025520888984,17431.764271146236,7.095500070330996,19253.8,-1.7613772813055115,11.98,0.009267059814658918,0.04380791908693516,12.0166582170522,85.00409084256533,Normal
2023-09-01,0.010535582586289106,0.011443149887260463,12204.356931839115,7.007284292458639,19435.3,0.37352854928173806,11.39,-0.04924874791318867,0.14774624361623848,11.807772144701469,79.8129680911039,Normal
2023-09-04,0.005778145950921526,0.011856072713212703,196.56163244209066,9.52034883701203,19528.8,2.5459555811008263,10.98,-0.035996488147497785,0.0544337137362302,11.531848096467646,104.53343023039209,Normal
2023-09-05,0.0031389537503568004,0.01184496731708619,617.5379358394164,52.557156071029915,19574.9,2.9566295266013634,10.8,-0.016393442622950838,0.029143897969814325,11.287898730978432,567.6172855671231,Normal
2023-09-06,0.007404890957293609,0.011586812874160812,3309.96848939836,55.84680583720456,19611.05,2.381272726958422,10.67,-0.012037037037037068,0.03796296292781208,11.081932487318955,595.8854182829726,Normal
2023-09-07,0.009532890895689185,0.006827903845793361,12684.724459558813,48.79196337617472,19727.05,2.6923717097922637,10.86,0.017806935332708385,0.038425491997726824,11.00795499154597,529.8807222652574,Normal
2023-09-08,0.00710192350097613,0.0038933208590953548,3620.3804320881045,59.34322033772578,19819.95,2.902104786450925,10.79,-0.006445672191528584,0.08195211778825777,10.935303327697314,640.3133474440612,Normal
2023-09-11,0.0072048617680635346,0.006395351591696796,5447.020418254632,72.13973798986592,19996.35,2.918887526433438,11.33,0.05004633920296575,0.10750695078080914,11.066868885131544,817.3432314251809,Normal
2023-09-12,0.009786786088456104,0.007890544370930631,8494.993736902257,71.24999999863999,19993.2,2.4126129288577003,11.65,0.02824360105913515,0.11562224173378431,11.261245923421031,830.0624999841559,Normal
2023-09-13,0.007642598483480707,0.00736828831407047,6240.809267949344,45.31395565408335,20070.0,2.0257460352825594,11.77,0.010300429184549209,0.043776823996758224,11.43083061561402,533.345258048561,Normal
2023-09-14,0.00618834080717184,0.0076751976891457725,4399.731061738569,36.58768775044173,20103.1,1.8632168190009752,11.29,-0.04078164825828379,0.06627017836340676,11.383887077076015,413.0749947024871,Normal
2023-09-15,0.004613716292509805,0.007639413100496524,3615.249794639227,31.676548504309263,20192.35,1.7827056874690335,10.92,-0.03277236492471203,0.1107174489719066,11.229258051384011,345.90790966705714,Normal
2023-09-18,0.003944563163770357,0.006743779457744671,2512.9736232282685,34.51423267219913,20133.3,1.4121375914521253,10.76,-0.014652014652014711,0.08791208783158241,11.072838700922675,371.3731435528626,Normal
2023-09-20,0.008533126710470592,0.014762067609195004,4202.363897364335,43.23519682339377,19901.4,0.5670583020532202,11.1,0.03159851301115246,0.058550185819191344,11.081892467281785,479.91068473967084,Normal
2023-09-21,0.006974383711695132,0.014751527620850963,4377.183823023799,79.868708970034,19742.35,-0.2929677651104829,10.85,-0.022522522522522515,0.06936936930687457,11.004594978187857,866.575492324869,Normal
2023-09-22,0.007149604783621502,0.013450325995522332,3074.9693510496168,78.05127331440139,19674.25,-0.7315043525855264,10.63,-0.02027649769585238,0.06267281100214485,10.879729985458573,829.6850353320868,Normal
2023-09-25,0.006739774070164544,0.010195161566532976,318.59376581785995,59.608770420042084,19674.55,-1.057399171751638,10.91,0.026340545625587852,0.09783631223157456,10.889819990305716,650.3316852826591,Normal
2023-09-26,0.0031461964822558255,0.01111059829748045,4564.54895325332,32.295545954646634,19664.7,-1.1595070819752578,11.2,0.02658111824014653,0.031164069632296895,10.993213326870478,361.7101146920423,Normal
2023-09-27,0.008985644327140045,0.009059907872231552,25226.175968589105,37.55387930933345,19716.45,-1.2381549225221888,11.61,0.03660714285714284,0.04374999996093752,11.19880888458032,436.0005387813614,Normal
2023-09-28,0.013924920561250309,0.010619079958586977,18446.135632243106,28.32505115408151,19523.55,-1.5778543017187627,12.93,0.11369509043927661,0.10249784659560904,11.775872589720214,366.24291142227395,Normal
2023-09-29,0.008973777822164053,0.013077794147930187,3121.4373428888434,22.226469913262264,19638.3,-1.1834746424932305,11.52,-0.10904872389791187,0.11678267585708994,11.690581726480143,256.04893340078127,Normal
2023-10-03,0.00730969584943331,0.014042146743904386,4409.212433428911,20.96241547380134,19528.75,-1.4355732474261609,11.77,0.02170138888888884,0.14149305543273177,11.717054484320096,246.72763012664177,Normal
2023-10-04,0.00635985406131663,0.014314285031434991,629.6218753479162,39.0745732248146,19436.1,-1.837142838379819,11.62,-0.01274426508071369,0.09345794384583024,11.684702989546732,454.04654087234564,Normal
2023-10-05,0.004612550871828985,0.01584975164737842,1497.0954227939724,19.872637217833155,19545.75,-1.1233118620149907,10.92,-0.06024096385542166,0.07056798616990709,11.429801993031155,217.00919841873807,Normal
2023-10-06,0.004417840195436572,0.01329410526643728,2031.629447736871,15.42918454902454,19653.5,-0.5056831123559217,10.27,-0.059523809523809534,0.06501831495877435,11.043201328687438,158.45772531848203,Normal
2023-10-09,0.005518101101582189,0.014113759610460427,1477.9500640600993,24.56911118565773,19512.35,-1.2021523924895112,11.39,0.10905550146056475,0.14703018486170397,11.158800885791626,279.8421764046415,Normal
2023-10-10,0.007807875524983945,0.01601548796149691,5701.778305605938,23.355295505489366,19689.85,0.1976039542899684,11.25,-0.012291483757682187,0.04741000873800709,11.18920059052775,262.7470744367554,Normal
2023-10-11,0.004177279156517609,0.014168284918650865,1975.5511241856243,26.780977642538776,19811.35,2.2146667131704274,11.01,-0.021333333333333315,0.08266666659318515,11.129467060351836,294.8585638443519,Normal
2023-10-12,0.003566137592842596,0.01462847214806226,1777.831143008854,59.78375837208126,19794.0,2.1406324301017214,10.6,-0.037238873751135326,0.04995458669395577,10.952978040234559,633.7078387440613,Normal
2023-10-13,0.008593513185809651,0.01469712144063242,10470.565589827562,3.037682645398192,19751.05,1.1904775998638202,10.55,-0.004716981132075415,0.05943396220808107,10.81865202682304,32.04755190895093,Normal
2023-10-16,0.004528873148513898,0.011289960134412426,1367.2125960678466,40.35433070744031,19731.75,1.1386219312040922,11.08,0.05023696682464451,0.024644549739673557,10.905768017882028,447.12598423843866,Normal
2023-10-17,0.0037553688851703973,0.00815326674771435,4409.678853863917,18.249238510972326,19811.5,1.7241649399352985,10.74,-0.03068592057761732,0.057761732799854075,10.850512011921353,195.99682160784278,Normal
2023-10-18,0.009136107816162765,0.00887392116831631,12337.188258430466,12.163727635161163,19671.1,0.713175008707568,10.96,0.020484171322160183,0.06331471130045183,10.88700800794757,133.31445488136634,Normal
2023-10-19,0.008614159858874927,0.008885487078993266,5894.432817535398,41.594620556269064,19624.7,-0.4975929228980674,10.9,-0.005474452554744547,0.10583941596182535,10.891338671965046,453.3813640633328,Normal
2023-10-20,0.0038268100913624297,0.009236208766188074,36.69307624014467,57.68430277012467,19542.65,-0.9345211426881644,10.78,-0.011009174311926717,0.0926605503737059,10.854225781310031,621.8367838619439,Normal
2023-10-23,0.015299869772003642,0.014257830892162435,12058.797069714456,71.10279397561034,19281.75,-2.3124307180052965,11.02,0.02226345083487935,0.12059369191039536,10.909483854206687,783.5527896112259,Normal
2023-10-25,0.014166245283745311,0.009449867673658588,6366.11714161121,65.55334365456689,19122.15,-3.2345858733560604,11.16,0.012704174228675091,0.10526315779921674,10.992989236137792,731.5753151849665,Normal
2023-10-26,0.01066041213984283,0.011648636114610372,4791.350838818641,79.4967598799757,18857.25,-3.4701142421745272,11.8,0.057347670250896154,0.12455197121455905,11.261992824091863,938.0617665837133,Normal
2023-10-27,0.007927985257655316,0.021868519022126092,3679.437233062178,49.66187930637367,19047.25,-2.1804807699710698,10.89,-0.07711864406779667,0.1389830507296754,11.137995216061242,540.8178656464092,Normal
2023-10-30,0.01147147225976901,0.02450486882415247,3033.4046819815767,16.55812664519151,19140.9,-1.5130651548612628,11.5,0.05601469237832868,0.11753902652200265,11.258663477374162,190.41845641970238,Normal
2023-10-31,0.009260275117675102,0.021650206922509192,8428.141071141023,31.23728951384948,19079.6,-1.1326068420623867,11.75,0.021739130434782705,0.08956521731342149,11.422442318249441,367.03815178773135,Normal
2023-11-01,0.0064126082307770825,0.020648019663820818,5824.278523140019,14.437367303330582,18989.15,-1.2630260540206177,12.02,0.02297872340425533,0.031489361675328134,11.621628212166295,173.53715498603358,Normal
2023-11-02,0.0058507094840969725,0.014712136535394407,853.0892910482256,14.751904467475129,19133.25,-0.7972281510764424,11.07,-0.07903494176372705,0.0906821962639915,11.437752141444196,163.3035824549497,Normal
2023-11-03,0.003415520102437609,0.01233661233780361,597.1101935352896,21.586000664047575,19230.6,-0.30522494097450337,10.87,-0.01806684733514008,0.03974706410140278,11.248501427629465,234.63982721819713,Normal
2023-11-06,0.005891651846533149,0.014355995930899925,2982.3811241151975,62.69415148489574,19411.75,0.3606663145572883,11.13,0.023919043238270543,0.08279668805630466,11.209000951752977,697.7859060268896,Normal
2023-11-07,0.004863033987144529,0.01305266039940393,179.44147958654435,57.75942298609176,19406.7,0.5960555649965631,11.19,0.005390835579514697,0.10601976630186899,11.202667301168653,646.3279432143668,Normal
2023-11-08,0.00324114867545585,0.008889939396137338,526.9387987887519,53.80325993555012,19443.5,1.0657083916786545,11.06,-0.011617515638963294,0.06255585338466851,11.155111534112436,595.0640548871844,Normal
2023-11-09,0.0043999279965005736,0.010433374788868553,13396.926413598769,7.514926909305363,19395.3,1.098663097690073,11.05,-0.000904159132007254,0.07956600354469626,11.120074356074959,83.03994234782427,Normal
2023-11-10,0.006282449871872862,0.010027141228539574,12405.93368648224,11.524232334015931,19425.35,1.1759117517336641,11.11,0.005429864253393646,0.02986425336663869,11.116716237383306,128.03422123091698,Normal
2023-11-13,0.004100312220884589,0.003960259510586853,8700.464689131173,10.085350983796642,19443.55,1.3971670045459965,11.18,0.006300630063006407,0.10171017092555347,11.137810824922205,112.75422399884646,Normal
2023-11-15,0.005839982924925792,0.012094054359447484,1668.6198847671892,42.779563337188314,19675.45,2.095756799887327,11.11,-0.0062611806797853164,0.027728085842819286,11.128540549948138,475.28094867616215,Normal
2023-11-16,0.012617246365388024,0.01214800541098044,5193.601837136963,73.40490000738605,19765.2,2.3184829106909497,11.65,0.04860486048604873,0.10711071097469795,11.302360366632092,855.1670850860475,Normal
2023-11-17,0.007009794993216824,0.011696044434354503,3138.373646556003,59.8397360348832,19731.8,2.006356132727766,11.9,0.02145922746781115,0.16309012861537328,11.50157357775473,712.0928588151102,Normal
2023-11-20,0.004355912790518715,0.012858023378711253,4548.760396687124,38.508725541226525,19694.0,1.6443112827872328,12.0,0.008403361344537785,0.1235294116608997,11.667715718503153,462.1047064947183,Normal
2023-11-21,0.0038108053214157187,0.012722113600982224,1534.685411121571,20.20300333647881,19783.4,1.7270942986488598,12.2,0.016666666666666607,0.1399999998833333,11.845143812335436,246.4766407050415,Normal
2023-11-22,0.006151622066982379,0.007105706890847695,3528.341280056177,6.549963530077925,19811.85,1.403580272877379,11.89,-0.025409836065573677,0.13852459005038978,11.860095874890291,77.87906637262653,Normal
2023-11-23,0.004461976039590288,0.005994196258467382,4085.121779627671,20.871958284447253,19802.0,1.404315617342891,11.25,-0.05382674516400343,0.09756097552770314,11.656730583260195,234.8095307000316,Normal
2023-11-24,0.0032319967680016,0.0055548123852448535,6467.263229492271,6.749361546634411,19794.7,1.138223078926976,11.33,0.007111111111111068,0.04444444440493827,11.54782038884013,76.47026632336788,Normal
2023-11-28,0.005903095272974054,0.00574948652985438,7952.196758735249,42.141686394386035,19889.7,1.4104619836380081,12.45,0.09885260370697257,0.12444836705697408,11.84854692589342,524.6639956101061,Normal
2023-11-29,0.007458634368538871,0.010242698764745444,7710.195233438271,63.30092246164853,20096.6,2.3097991451149325,12.78,0.026506024096385472,0.25140562228802765,12.159031283928947,808.9857890598682,Normal
2023-11-30,0.007108167550726546,0.010169766312964087,1448.2655640947214,67.89248879950254,20133.15,2.3911242430576407,12.57,-0.016431924882629012,0.12441314544255622,12.296020855952632,853.408584209747,Normal
2023-12-01,0.005356836858611045,0.009386617119462582,3901.8641184041107,72.58814412877594,20267.9,2.8451151108712596,12.35,-0.017501988862370754,0.07796340487035532,12.314013903968423,896.4635799903828,Normal
2023-12-04,0.009616191119943619,0.016300896675418695,2907.831760032505,81.24999999889606,20686.8,3.4996097407040216,12.6,0.020242914979757165,0.14736842093330493,12.409342602645616,1023.7499999860903,Normal
2023-12-05,0.007391186650420747,0.015583468458418607,1301.528536497802,91.55633437056657,20855.1,2.9960807531156495,13.47,0.06904761904761902,0.19047619032501892,12.762895068430412,1233.2638239715318,Normal
2023-12-06,0.0052648992332785085,0.016447175645597972,398.2976089295798,92.87891382525828,20937.7,2.519576911721916,13.68,0.015590200445434244,0.10393466955906856,13.068596712286944,1270.5835411295332,Normal
2023-12-07,0.004319958734720505,0.01845452593000918,2257.6299539332817,68.3311258260037,20901.15,1.9036728831016076,12.59,-0.07967836257309946,0.08698830402997927,12.909064474857963,860.2888741493865,Normal
2023-12-08,0.006860866507341902,0.018963022987212932,3934.5954612702935,46.96639022124318,20969.4,1.6420983687190853,12.58,-0.000794281175536149,0.05877680694298905,12.799376316571976,590.8371889832392,Normal
2023-12-11,0.0048833061508650214,0.008116918561336272,5022.103575012042,24.83271375390751,20997.1,1.4252242615917923,12.75,0.013513513513513598,0.07074721774980339,12.782917544381318,316.61710036232074,Normal
2023-12-12,0.008132075381834572,0.007791768082943242,12592.638178269684,6.793902292478736,20906.4,1.1354963557527742,12.74,-0.0007843137254901489,0.09254901953525564,12.768611696254213,86.5543152061791,Normal
2023-12-13,0.00863371981785069,0.0066115227627508,515.5514699055188,29.58227708520735,20926.35,0.8894596518181676,12.1,-0.050235478806907374,0.10047095753495223,12.545741130836143,357.94555273100895,Normal
2023-12-14,0.006520487328174074,0.013497627028286543,4125.76728496218,16.78200692015131,21182.7,1.3858202378500308,12.34,0.01983471074380172,0.12479338832661702,12.477160753890763,207.08996539466716,Normal
2023-12-15,0.012132542121631267,0.017013160642374067,6473.558634137636,57.40011618075996,21456.65,1.8611133065687115,13.29,0.07698541329011332,0.20583468378781622,12.748107169260509,762.8475440422998,Normal
2023-12-18,0.005473827461413873,0.0180157917028732,599.1722478966605,76.20854412484215,21418.65,1.922012157511467,13.93,0.0481565086531226,0.07449209926674774,13.142071446173674,1061.585019659051,Normal
2023-12-19,0.007810949803088483,0.01537122980215116,1505.0124443345758,42.702111549714765,21453.1,1.9215371749233272,13.86,-0.005025125628140725,0.04091888008548526,13.381380964115783,591.8512660790466,Normal
2023-12-20,0.023570020183552295,0.02496758599627951,22475.940290026312,35.17206477688288,21150.15,1.1556131905402793,14.37,0.03679653679653683,0.15079365068485306,13.710920642743856,505.4225708438069,Normal
2023-12-21,0.014730391983028581,0.022203347298708584,10686.477200360847,39.46673438253455,21255.05,0.5271845499637905,13.65,-0.050104384133611624,0.1899791230410723,13.690613761829237,538.7209243215966,Normal
2023-12-22,0.007435879943821582,0.017488228704316038,2276.763154728657,26.536785439358688,21349.4,1.0637503191142073,13.51,-0.010256410256410331,0.12893772884326904,13.630409174552824,358.51197128573585,Normal
2023-12-26,0.006918227210129162,0.01818558791482181,5556.105449401321,12.676170419364347,21441.35,1.3455016707688123,14.64,0.08364174685418213,0.09178386373665134,13.966939449701883,185.57913493949405,Normal
2023-12-27,0.008392661842650617,0.020710397312681206,8401.698870974216,71.72081828988769,21654.75,1.95631134906995,15.44,0.05464480874316924,0.08606557371170383,14.457959633134589,1107.369434395866,Normal
2023-12-28,0.0057008277629593375,0.005245175996273217,3187.6183873814807,77.71369137523205,21778.7,2.2618325241670325,15.12,-0.020725388601036343,0.09779792739779913,14.67863975542306,1175.0310135935085,Normal
2023-12-29,0.004288593901378637,0.00973218699249682,350.1693699876471,66.92897080002213,21731.4,1.876311750874769,14.41,-0.046957671957671865,0.07010582005945386,14.589093170282041,964.4464692283188,Normal
2024-01-01,0.0070635117847874206,0.010510672559525218,1688.7565560652943,46.92786069535041,21741.9,1.756675187032583,14.75,0.02359472588480216,0.03747397637926852,14.642728780188028,692.1859452564186,Normal
2024-01-02,0.00919652836228228,0.012600727861338786,13898.856323154818,13.673805601016909,21665.8,1.1863135351763041,14.58,-0.0115254237288136,0.05694915250376328,14.621819186792019,199.36408566282654,Normal
2024-01-03,0.008153403059195595,0.010543470514932854,13267.007916375613,21.967553291417527,21517.35,0.5162477960786909,14.1,-0.03292181069958855,0.05212620023859655,14.447879457861346,309.74250140898715,Normal
2024-01-04,0.005628016461132338,0.011249631297216168,3121.222854529238,31.537896861230372,21658.6,0.7820647966785721,13.35,-0.05319148936170215,0.07092198576530355,14.081919638574231,421.03092309742544,Normal
2024-01-05,0.005558992732676268,0.011628248776055342,319.0866780437379,3.7176318898944434,21710.8,1.0091653803452734,12.52,-0.062172284644194775,0.07340823964538712,13.561279759049487,46.54475126147843,Normal
2024-01-08,0.012484569891476796,0.014538911511707194,12971.874627411356,11.380080392829429,21513.0,0.29687719094207937,13.5,0.07827476038338665,0.07747603827677624,13.54085317269966,153.6310853031973,Normal
2024-01-09,0.009603495560819325,0.014789282458884093,8364.540909727166,12.000331729773164,21544.85,0.27525000460245497,13.3,-0.014814814814814725,0.05407407403401923,13.460568781799774,159.60441200598308,Normal
2024-01-10,0.00896734022283318,0.01328965220178839,6377.097687242526,30.41290513496462,21618.7,-0.05369615082751131,12.83,-0.03533834586466167,0.13082706757080673,13.250379187866518,390.1975728815961,Normal
2024-01-11,0.006140517237388862,0.011426247368909903,6552.5888694284395,2.874953479664484,21647.2,0.5235379209975055,12.76,-0.005455962587685104,0.04364770066746077,13.086919458577679,36.68440640051881,Normal
2024-01-12,0.009844229276760971,0.016380341713432466,7481.851953146578,35.78253706695674,21894.55,2.5049895389599213,13.09,0.02586206896551735,0.06818181812838409,13.087946305718454,468.3934102064637,Normal
2024-01-15,0.006942366936060827,0.01043933949197734,2012.5496260729458,74.62192816517629,22097.45,3.8141599677614053,13.79,0.053475935828877,0.16042780736407358,13.321964203812303,1029.036389397781,Normal
2024-01-16,0.006984968853869217,0.013107781435170404,2038.754918520457,60.58043875593274,22032.3,2.6769868592451305,13.55,-0.01740391588107315,0.11240028998375606,13.39797613587487,820.8649451428887,Normal
2024-01-17,0.013664029629219946,0.02878315283398611,2274.2522466852092,26.067428837773,21571.95,-0.5024808009938654,15.11,0.11512915129151291,0.18523985226181558,13.968650757249915,393.87884973875003,Normal
2024-01-18,0.011767596346175682,0.02902601654938768,1661.0236304236976,73.23325384702719,21462.25,-2.053651070201973,14.12,-0.06551952349437462,0.18067504951642951,14.019100504833276,1034.0535443200238,Normal
2024-01-19,0.004454332607250125,0.026993604489764844,215.30083297379315,56.630145401837055,21622.4,-0.5076311673103217,13.86,-0.018413597733710985,0.030453257768800788,13.966067003222184,784.8938152694616,Normal
2024-01-23,0.025790384046162476,0.025838652260230514,15778.464752433118,49.040288863084484,21238.8,-1.9833525331455208,14.88,0.07359307359307365,0.23160173143463084,14.270711335481458,729.7194982826971,Normal
2024-01-24,0.016250918130960097,0.03160161819900662,7604.819862827412,27.59303424355339,21453.95,-2.0016877004731763,14.04,-0.05645161290322587,0.10887096766876957,14.19380755698764,387.40620077948955,Normal
2024-01-25,0.00987929961615003,0.02503448466577162,3129.315451417205,39.273379681190576,21352.6,-1.698857552242164,13.87,-0.012108262108262102,0.14102564092519546,14.085871704658427,544.7217761781133,Normal
2024-01-29,0.015625731760996093,0.0313414834519634,9259.62024948607,25.714285714020228,21737.6,0.08564006157320429,15.67,0.12977649603460706,0.1478010092661852,14.613914469772284,402.942857138697,Normal
2024-01-30,0.01431850802295823,0.032777624865731894,7764.390861734303,37.91294105008375,21522.1,-0.11907133380647156,16.26,0.03765156349712839,0.10146777274954182,15.162609646514857,616.4644214743619,Normal
2024-01-31,0.013590681206753248,0.02579166244500265,6374.928268211977,29.682570977625183,21725.7,0.027066668681062726,16.03,-0.014145141451414545,0.044895448926878585,15.45173976434324,475.81161277133174,Normal
2024-02-01,0.008018153615299877,0.025253498557862616,4024.3678084743146,11.369625297109542,21697.45,0.5265439792055417,14.61,-0.08858390517779169,0.10917030560875214,15.171159842895493,166.1102255907704,Normal
2024-02-02,0.014805887327766715,0.0238800657836454,2284.836752272917,37.107304279481006,21853.8,1.4418539489785327,14.76,0.010266940451745477,0.07529089659459907,15.03410656193033,547.7038111651397,Normal
2024-02-05,0.010860811392064077,0.01785106933234808,12178.899316424033,36.4906647635098,21771.7,0.8729204944230902,15.65,0.06029810298102989,0.09146341457217935,15.239404374620221,571.0789035489283,Normal
2024-02-06,0.009822384104130773,0.013162765019386067,5723.369775290846,24.4449491792125,21929.4,1.353634242225375,15.76,0.007028753993610248,0.05686900954832654,15.412936249746814,385.252399064389,Normal
2024-02-07,0.008807810519207536,0.011311857409604472,10366.231863922732,3.6160471792717797,21930.5,1.9426291940481748,15.48,-0.017766497461928932,0.08121827406014065,15.435290833164544,55.97641033512715,Normal
2024-02-08,0.0157657144159888,0.016287302665179852,17173.471011053556,12.34805712371565,21717.95,0.8597704519662952,15.77,0.018733850129198926,0.05103359169829877,15.546860555443029,194.7288608409958,Normal
2024-02-09,0.008037130576316774,0.014462196793302422,4365.147062838979,17.990048356325417,21782.5,0.4000692082917475,15.31,-0.029169308814204098,0.06721623331184758,15.467907036962021,275.4276403353421,Normal
2024-02-12,0.01179616664753278,0.015954557798969662,9098.456212082894,36.71920231538495,21616.05,-0.03331741655023211,16.36,0.06858262573481388,0.07119529714487569,15.765271357974681,600.7261498796977,Normal
2024-02-13,0.01033722627399073,0.0150660606238335,4785.377059219012,18.619741964751295,21743.25,-0.1166208510059306,15.82,-0.033007334963325086,0.050122249358116,15.783514238649788,294.5643178823655,Normal
2024-02-14,0.015666931116546108,0.01629294281576962,14567.855320698054,2.131417087848881,21840.05,0.17618221052989674,15.44,-0.024020227560050622,0.05436156760154132,15.669009492433194,32.909079836386724,Normal
2024-02-15,0.007282492485132884,0.012056891324633728,309.4229272013182,21.52388854288127,21910.75,1.2795361773014804,15.16,-0.01813471502590669,0.035621761634960045,15.49933966162213,326.30215031008004,Normal
2024-02-16,0.004550277831655933,0.012764570837042279,1497.7954753886195,45.90176398957006,22040.7,2.2385433478860755,15.24,0.005277044854881341,0.042875989417628,15.412893107748088,699.5428832010476,Normal
2024-02-19,0.007513372987243011,0.002761820420171108,1460.9846399933474,65.44399543953095,22122.25,2.4633284551025945,16.02,0.051181102362204633,0.1587926508144406,15.61526207183206,1048.412806941286,Normal
2024-02-20,0.0076732701239667425,0.0024738440757118034,7514.864749726631,53.066396349658675,22196.95,2.3223468256292206,16.08,0.0037453183520599342,0.13420724086503907,15.770174714554708,853.3076533025114,Normal
2024-02-21,0.011328132919157246,0.010735559830654343,14388.121419234338,16.879686434613294,22055.05,1.598724338792791,15.92,-0.00995024875621886,0.039179104453246766,15.820116476369806,268.72460803904363,Normal
2024-02-22,0.01710492608268079,0.012055932618345758,7932.123885331671,17.740622455786493,22217.45,1.4384283296370317,15.27,-0.04082914572864327,0.06407035171854863,15.636744317579872,270.8993048998597,Normal
2024-02-23,0.005014076772984807,0.011616362502206615,5533.29786886261,16.97067963765722,22212.7,1.823409163804881,14.96,-0.020301244269809948,0.03929273081906171,15.411162878386582,253.881367379352,Normal
2024-02-26,0.005717449927291271,0.012409110330020755,4044.3644616640827,30.12615777658655,22122.05,1.0516967568759426,15.6,0.04278074866310155,0.14705882343111046,15.474108585591056,469.9680613147502,Normal
2024-02-27,0.005994019541585821,0.012433831626204291,13965.917621221368,13.06512907841492,22198.35,1.0805984528569572,15.75,0.009615384615384581,0.030128205108892216,15.566072390394039,205.775782985035,Normal
2024-02-28,0.01411366160096862,0.015912245308446583,14087.095945258601,45.35949952788845,21951.15,0.2706012156355762,16.62,0.05523809523809531,0.0907936507360039,15.917381593596026,753.8748821535062,Normal
2024-02-29,0.00910658439306855,0.012867933540736416,2970.0144315298776,32.3474759982606,21982.8,-0.22732043001437488,15.48,-0.06859205776173283,0.07099879658784677,15.771587729064018,500.7389284530741,Normal
2024-03-01,0.01389950324798753,0.022636923560438834,10095.580232801049,7.666628946388283,22338.75,1.5594988418188047,15.19,-0.018733850129199037,0.04134366922393823,15.577725152709347,116.456093695638,Normal
2024-03-04,0.0036976106541308355,0.02166911110980954,101.81023203590183,48.345847891631976,22405.6,2.6515285326788876,14.98,-0.013824884792626668,0.03159973664805813,15.378483435139565,724.2208014166471,Normal
2024-03-05,0.006594333559464333,0.022120219577517124,699.084374689062,46.93745970266117,22356.3,2.030015395681634,14.36,-0.041388518024032095,0.0660881174458691,15.03898895675971,674.0219213302144,Normal
2024-03-06,0.012204613464655607,0.015553555482069673,14010.673942515754,15.064562410042395,22474.05,2.076832450055024,14.32,-0.0027855153203342198,0.05571030636788981,14.799325971173142,215.7245337118071,Normal
2024-03-07,0.004256019720520284,0.015715440968685455,1409.7194307738707,3.796610169418379,22493.55,2.2230970373806644,13.67,-0.04539106145251404,0.06075418990170791,14.422883980782096,51.89966101594924,Normal
2024-03-11,0.009751684371737722,0.010807880645872701,13911.245649774068,2.3815599217082237,22332.65,1.2445687831663974,13.95,0.02048280907095834,0.06876371611648603,14.265255987188066,33.222760907829716,Normal
2024-03-12,0.00880101555345699,0.010162529993138821,153.23490399426,28.452741666924876,22335.7,0.8096250568909243,13.72,-0.016487455197132572,0.04444444441258457,14.083503991458713,390.37161567020934,Normal
2024-03-13,0.024225790998256436,0.01793688937609647,19377.88491855147,54.79101358354456,21997.7,-0.943288611697978,14.44,0.05247813411078717,0.10787172003799439,14.202335994305809,791.1822361463834,Normal
2024-03-14,0.013051364460823996,0.018863867009093326,7445.395265701514,39.19004635238653,22146.65,-1.119329493659361,13.57,-0.0602493074792243,0.08033240991666732,13.991557329537207,531.8089290018852,Normal
2024-03-15,0.008543052786760765,0.018346906161231313,1510.6658122521317,33.58577385770414,22023.35,-1.3409889607564311,13.8,0.016949152542372836,0.054532055965709626,13.92770488635814,463.4836792363172,Normal
2024-03-18,0.009405925983100092,0.018629504387001828,4751.040618371883,2.13620981384487,22055.7,-1.1897898263950413,13.84,0.0028985507246375164,0.06739130429899177,13.89846992423876,29.565143823613003,Normal
2024-03-19,0.008396922337532553,0.019889146677870558,7231.535460065208,20.24244194508209,21817.45,-1.8730829786892902,14.08,0.01734104046242768,0.04118497106850786,13.958979949492509,285.01358258675583,Normal
2024-03-20,0.010115755965976756,0.015267887232570037,361.89742671399915,32.08052719194591,21839.1,-1.8423137385007884,13.52,-0.03977272727272729,0.0845170453945191,13.812653299661672,433.7287276351087,Normal
2024-03-21,0.006394494278607521,0.016057854418374037,1118.7649032486725,7.763910914875886,22011.95,-0.9130905201756897,12.5,-0.07544378698224852,0.08357988159498535,13.37510219977445,97.04888643594857,Normal
2024-03-22,0.013510842973923997,0.015611133366152155,12896.282190724387,21.961971182025703,22096.75,-0.6080149610875071,12.15,-0.028000000000000025,0.09919999992064,12.966734799849633,266.8379498616123,Normal
2024-03-26,0.005686356590898869,0.016260928724348506,3564.942165132818,36.284407000707276,22004.7,-0.7470107307655871,12.79,0.05267489711934137,0.08312757194804313,12.907823199899756,464.077565539046,Normal
2024-03-27,0.006396360777467361,0.01035899272408758,5192.232851772118,34.64201416153165,22123.65,-0.018632510805290034,12.74,-0.003909304143862258,0.0375293197517363,12.851882133266505,441.3392604179132,Normal
2024-03-28,0.015928655533776846,0.01172308562565898,8705.412155355985,60.62016565048108,22326.9,1.3982331710191427,12.69,-0.00392464678178972,0.07221350072824685,12.79792142217767,769.2699021046049,Normal
2024-04-01,0.004577437978400716,0.011167319489694563,339.0869714640728,58.23664414053027,22462.0,2.317827391761643,12.03,-0.05200945626477538,0.10638297863957209,12.541947614785114,700.5868290105791,Normal
2024-04-02,0.004872673849165184,0.012039473070540756,351.9925922984424,42.101156273788135,22453.3,2.0393292405031507,11.72,-0.02576891105569401,0.05901911882043306,12.26796507652341,493.425551528797,Normal
2024-04-03,0.007776139810180276,0.009721426459777794,6734.131372797345,13.816464791340245,22434.65,1.820932687751879,11.41,-0.026450511945392496,0.04436860064473665,11.981976717682274,157.6458632691922,Normal
2024-04-04,0.014049695448775006,0.009534011790490689,16189.867809667348,2.778473091318098,22514.65,1.630397348115479,11.26,-0.013146362839614456,0.08588957047687157,11.741317811788182,31.285607008241783,Normal
2024-04-08,0.006527136810028358,0.007331153461670927,8467.956988456286,42.31274638563916,22666.3,1.6901491771383381,11.59,0.02930728241563063,0.05417406744744749,11.690878541192122,490.4047306095578,Normal
2024-04-09,0.006889082029265145,0.007600086893010054,15567.56941938251,51.317398553612264,22642.75,1.578810598611161,11.36,-0.019844693701466798,0.08541846411956994,11.580585694128082,582.9656475690352,Normal
2024-04-10,0.004504753177063517,0.007386713456019872,2637.2609587432185,50.37021366510785,22753.8,1.6628368178409816,11.12,-0.021126760563380254,0.032570422506540055,11.42705712941872,560.1167759559992,Normal
2024-04-12,0.00978737617452482,0.014882114743437562,9726.061772555398,16.98043216142094,22519.4,0.9373762809203018,11.6,0.043165467625899234,0.04496402873654314,11.484704752945813,196.9730130724829,Normal
2024-04-15,0.007455793671231333,0.018535093089243244,2542.997323184336,63.28848098213766,22272.5,-0.5363926501724428,12.45,0.07327586206896552,0.12327586196269319,11.806469835297209,787.9415882276139,Normal
2024-04-16,0.006029857447522234,0.01487492992645578,841.4058395262492,84.53659577374574,22147.9,-1.6383072729308867,12.62,0.013654618473895486,0.047389558194867815,12.077646556864806,1066.8518386646713,Normal
2024-04-18,0.016471087552311258,0.014260320847673261,9242.876681760656,66.28959275937017,21995.85,-2.0874583877499138,12.88,0.020602218700475516,0.10776545157863286,12.345097704576538,853.8099547406878,Normal
2024-04-19,0.01827162851173358,0.016115147420025677,14768.783720979529,50.210992445426264,22147.0,-2.306422309225715,13.37,0.0380434782608694,0.19332298121636413,12.686731803051025,671.3209689953491,Normal
2024-04-22,0.008014629520924724,0.019563744665778586,22.432670733618064,10.619380117439622,22336.4,-0.6747035979465857,12.69,-0.05086013462976813,0.06357516823965967,12.687821202034016,134.7599336903088,Normal
2024-04-23,0.004391934241863264,0.015690407925773982,4694.615342009903,11.318592422659993,22368.0,-0.14089471695463812,10.31,-0.18754925137903855,0.20803782489516315,11.895214134689343,116.69468787762453,Normal
2024-04-24,0.0041331366237463965,0.013479303862297788,1664.5514609234929,66.23535973081493,22402.4,0.06305609401618133,10.35,0.0038797284190106307,0.10378273510787321,11.380142756459563,685.5359732139345,Normal
2024-04-25,0.014315430489584042,0.007668303171245144,24254.477404249967,46.32611512037146,22570.35,0.49704531503847726,10.58,0.022222222222222365,0.11594202887348606,11.113428504306377,490.13029797353005,Normal
2024-04-26,0.010405244048049682,0.01358609791056018,12768.739549964948,26.867469879113514,22419.95,0.35236114715937294,10.88,0.02835538752362954,0.06899810957561618,11.03561900287092,292.31807228475503,Normal
2024-04-29,0.009540610037038547,0.0144257019115122,6956.891772371804,23.363659337586697,22643.4,0.9001587770959855,12.2,0.1213235294117645,0.14338235280939124,11.423746001913948,285.0366439185577,Normal
2024-04-30,0.009492832348494578,0.015107206793487302,4080.147103372647,23.765769707229786,22604.85,1.292958010215737,12.96,0.06229508196721323,0.07950819665614088,11.935830667942632,308.00437540569806,Normal
2024-05-02,0.006310592638302769,0.015093459674000458,5913.831243979404,27.36540567819672,22648.2,1.2648471610777174,13.37,0.031635802469135665,0.08333333326903292,12.413887111961756,365.8754739174901,Normal
2024-05-03,0.019721214047906863,0.016002898636204826,25867.98171867311,11.538700652638985,22475.85,0.8155221327700166,14.84,0.10994764397905765,0.13911742697149043,13.222591407974505,171.23431768516252,Normal
2024-05-06,0.007979675963308118,0.014394163568518805,10806.602702083344,28.667143693115857,22442.7,0.5189921911429509,16.55,0.11522911051212947,0.15768194059455404,14.331727605316338,474.44122812106747,Normal
2024-05-07,0.011896964268999765,0.008659162881747331,12213.159612720125,44.479283314171646,22302.5,-0.3583988858390069,17.05,0.030211480362537735,0.06283987911610878,15.237818403544226,758.3717805066266,Normal
2024-05-08,0.008225535253891648,0.009137903311078934,9233.423085943461,35.60654175872334,22302.5,-0.8645084328001842,17.03,-0.0011730205278591699,0.10909090902692611,15.835212269029487,606.3794061510584,Normal
2024-05-09,0.016829951799118045,0.013631993446048953,12308.812777776715,57.768224751056295,21957.5,-2.334058633152966,18.26,0.07222548443922494,0.1227246035685706,16.64347484601966,1054.847783954288,Normal
2024-05-10,0.008243197085274625,0.01695741728968085,3225.6230381699397,40.50419032116081,22055.2,-2.4927650892851245,18.6,0.018619934282584794,0.05531215769150492,17.295649897346443,753.3779399735912,Normal
2024-05-13,0.014082846675607627,0.01794825119973561,3438.2225075504216,44.068285367736564,22104.05,-2.187808251037105,20.56,0.10537634408602137,0.16236559131055608,18.383766598230963,906.0439471606637,Normal
2024-05-14,0.00854142114227546,0.0189680487845659,8884.438211443156,1.3447971781104222,22217.85,-0.9972796837208708,20.46,-0.004863813229571856,0.08608949412155179,19.075844398820642,27.51455026413924,Normal
2024-05-15,0.006562291130776995,0.01894649481580853,6761.289384035031,5.680409175361088,22200.55,-0.7413914265252143,20.41,-0.0024437927663734094,0.03861192568982795,19.520562932547094,115.93715126911981,Normal
2024-05-16,0.017013092017982914,0.008226078806592013,5611.731142374167,42.2013196680863,22403.85,-0.2607568289035943,19.83,-0.028417442430181405,0.10485056339791743,19.623708621698064,836.8521690181512,Normal
2024-05-17,0.00698540652610735,0.008291126059032174,3999.328559556658,34.13235294067484,22466.1,0.5220286417665466,19.78,-0.002521432173474336,0.0700958143872437,19.675805747798712,675.1379411665484,Normal
2024-05-21,0.00830362190143889,0.008179342711439394,8447.56170552729,40.728407907863534,22529.05,0.9619185539235886,21.97,0.11071789686552069,0.0894843275584002,20.440537165199142,894.8031217357618,Normal
2024-05-22,0.006496057312666694,0.008021402341114913,2455.930717442661,40.30445443317745,22597.8,1.3894863100742947,21.49,-0.021847974510696422,0.1866181155272561,20.790358110132765,866.1427257689833,Elevated_Vol
2024-05-23,0.018415509474365366,0.013382810023005913,15911.153166240714,65.60977237747,22967.65,2.681310364304335,21.31,-0.008375988832014847,0.2503489994181717,20.963572073421844,1398.1442493638856,Elevated_Vol
2024-05-24,0.005155076814560911,0.014685227680607049,1325.6124321012103,63.93009252366152,22957.1,2.656082735419034,21.79,0.02252463632097612,0.06147348659714988,21.239048048947897,1393.0367160905846,Elevated_Vol
2024-05-27,0.010436858313981043,0.015843078362159046,5949.810057456228,62.171413807890396,22932.45,2.143415515614894,23.23,0.06608536025699863,0.35612666344372335,21.9026986992986,1444.2419427572938,Elevated_Vol
2024-05-28,0.006107066623929768,0.017006342301543097,25686.507470896697,20.981829133199874,22888.15,1.5715785679594458,24.15,0.03960396039603942,0.10546706840057377,22.651799132865733,506.7111735667769,Normal
2024-05-29,0.00611888684755815,0.020384665588411132,5267.419344466588,17.403623250324046,22704.7,0.8379525219943661,24.27,0.00496894409937898,0.050517598322767,23.19119942191049,422.38593628536455,Elevated_Vol
2024-05-30,0.012717631151253829,0.009468486109581863,6617.859622605858,71.92399049767353,22488.65,0.06882125801297936,24.05,-0.009064688916357588,0.07292954261519176,23.47746628127366,1729.7719714690484,Elevated_Vol
2024-05-31,0.008388676065478254,0.010809889788559264,1927.779640421421,64.91692398081265,22530.7,-0.018678073324894077,24.76,0.02952182952182958,0.09189189185368309,23.90497752084911,1607.3430377649215,Elevated_Vol
2024-06-03,0.012267705841357737,0.038345755859112346,1684.5840538811474,32.402365022308956,23263.9,2.241841136350812,21.13,-0.1466074313408725,0.22132471719655705,22.97998501389941,684.6619729213882,Elevated_Vol
2024-06-04,0.08158778192818844,0.0739362411343882,13819.865111501624,36.78627773476279,21884.5,-1.9695227967676456,25.89,0.22527212494084248,0.61097964949788,23.949990009266273,952.3967305530086,Elevated_Vol
2024-06-05,0.04014028193468434,0.08514137474166357,3921.5651020749983,29.86998827978442,22620.35,-1.1146733448110866,19.05,-0.26419466975666284,0.3194283505911825,22.316660006177514,569.0232767298932,Elevated_Vol
2024-06-06,0.011827845280903462,0.08459936995596964,223.95566794076885,48.91293998143603,22821.4,0.46063880311548305,16.6,-0.1286089238845144,0.12230971122188475,20.41110667078501,811.9548036918383,Elevated_Vol
2024-06-07,0.023274207542033735,0.08618768281520713,7427.178091194306,38.23702483206859,23290.15,1.6212438260350408,16.85,0.015060240963855387,0.04698795177892277,19.224071113856674,644.2938684203558,Elevated_Vol
2024-06-10,0.007932538004260197,0.08021681856608111,1949.1596519786965,73.72974047853474,23259.2,1.9415342030262577,16.43,-0.024925816023739,0.06409495545157558,18.29271407590445,1211.3796360623257,Elevated_Vol
2024-06-11,0.00785925569236778,0.03288879704325446,854.7493877763611,53.54957160283127,23264.85,1.624973999589208,14.79,-0.09981740718198417,0.10468654893202273,17.125142717269632,791.9981640058745,Normal
2024-06-12,0.006275561630525761,0.019960419890023777,5283.668802701044,22.71183328701537,23322.95,1.5596336872624312,14.46,-0.022312373225152005,0.10818120344274426,16.23676181151309,328.41310933024226,Normal
2024-06-13,0.005451711726001354,0.019794849788192844,13682.517599218325,13.725868725603469,23398.9,1.5087996350474155,13.35,-0.07676348547717848,0.07468879662884592,15.274507874342062,183.24034748680631,Normal
2024-06-14,0.006673390629471245,0.004399801017450699,75.54318337885113,14.643329601817939,23465.6,1.3410348828151142,12.91,-0.032958801498127355,0.06217228459762376,14.486338582894708,189.0453851594696,Normal
2024-06-18,0.003381545752078137,0.003128194401278021,1284.804520443976,25.274725274133097,23557.9,1.3988863040297257,13.04,0.010069713400464586,0.06119287369388616,14.004225721929807,329.58241757469557,Normal
2024-06-19,0.010658844803649389,0.0050559476928616915,13296.217839988805,3.4184751295680904,23516.0,1.2054384376995995,13.74,0.05368098159509205,0.16794478514728156,13.91615048128654,46.969848280265566,Normal
2024-06-20,0.007713896921241891,0.0050385275838425,2429.9686302204977,0.33885886985340363,23567.0,1.1488745829180385,13.31,-0.03129548762736534,0.06986899558233703,13.714100320857693,4.510211557748803,Normal
2024-06-21,0.01141002248906877,0.006656801469881463,23733.52370832649,18.705446250089384,23501.1,1.0234065976482725,13.21,-0.007513148009015702,0.08339594283741847,13.546066880571797,247.0989449636808,Normal
2024-06-24,0.008854904664033172,0.006294068021631202,23825.257400537914,14.064398541706016,23537.85,0.8204673532601885,13.97,0.05753217259651766,0.08478425428858112,13.687377920381198,196.47964762763306,Normal
2024-06-25,0.008161323145483575,0.009301251788653314,11864.52444300016,14.921390451249435,23721.3,1.5205093113321106,14.27,0.021474588403722183,0.04438081600259075,13.881585280254132,212.92824173932942,Normal
2024-06-26,0.00925117931984791,0.00933318946350853,9354.352657373016,44.047526597126115,23868.8,2.263570155493447,13.99,-0.01962158374211631,0.039243167456732224,13.917723520169421,616.2248970937943,Normal
2024-06-27,0.01181668119050313,0.010169222336576885,7624.121540327723,73.74616884823425,24044.5,3.025240628642087,14.34,0.02501786990707644,0.049320943495839174,14.058482346779615,1057.520061283679,Normal
2024-06-28,0.007827153818957452,0.009037808087929191,5023.680672053788,60.874293170060994,24010.6,2.7265631205284127,13.8025,-0.03748256624825663,0.04201534167223471,13.973154897853078,840.2174314797669,Normal
2024-07-01,0.00713434899585716,0.0083766185238937,10462.40293521628,44.28337619757938,24141.95,2.211945527557464,13.83,0.001992392682484967,0.03151602968192997,13.92543659856872,612.4390928125229,Normal
2024-07-02,0.007453830365812312,0.00923791709520883,13748.129871247798,29.45592733284884,24123.85,1.9142571753688902,13.64,-0.013738250180766465,0.04989154009407694,13.830291065712482,401.7788488200582,Normal
2024-07-03,0.004230253462857736,0.009451781784577482,405.01342911066416,27.05246482104117,24286.5,1.9562085723900486,13.205,-0.0318914956011731,0.06195014658214803,13.621860710474987,357.22779796184864,Normal
2024-07-04,0.00494101661416633,0.008326343545347545,8332.899548087013,48.84080370842162,24302.15,1.8144185217352111,12.855,-0.026505111700113604,0.07175312376239822,13.366240473649993,627.8485316717599,Normal
2024-07-05,0.007989005088023964,0.007361857812770609,13346.02903530198,10.511562718780333,24323.85,1.4164326160791785,12.695,-0.012446518864255185,0.07078957598538345,13.142493649099997,133.44428871491633,Normal
2024-07-08,0.004277694526152583,0.006737644759519851,5319.7996338064195,4.854136776546497,24320.55,1.2912756342964475,13.6,0.07128790862544299,0.0836943677954357,13.294995766066666,66.01626016103235,Normal
2024-07-09,0.004592823764263191,0.006661406965569785,14521.71151907616,3.121661720994492,24433.2,1.4806024825046933,14.28,0.050000000000000044,0.11856617638340727,13.623330510711112,44.57732937580135,Normal
2024-07-10,0.013066237742083285,0.007245256603777561,14687.894581846835,16.674293035295136,24324.45,1.0387125417589593,14.4325,0.010679271708683435,0.10556722681682956,13.893053673807408,240.65173423189705,Normal
2024-07-11,0.008588066739429486,0.00725719202236176,8545.151782609279,13.989557739343233,24315.95,0.9300625712843498,13.995,-0.0303135284947168,0.12142733405755941,13.927035782538272,195.78386056210854,Normal
2024-07-12,0.01073575163626722,0.010561055712391285,9166.882200109092,0.06837394331129687,24502.15,1.6448062553337635,13.725,-0.019292604501607635,0.05930689527737986,13.859690521692182,0.9384323719475495,Normal
2024-07-15,0.0045832712639484055,0.010487879466893363,78.54982751141834,37.602135748926116,24586.7,2.1653985167400864,14.1875,0.033697632058287796,0.05628415296445592,13.968960347794788,533.4803009378893,Normal
2024-07-16,0.002993488349390874,0.01004591772839547,238.13557625026266,53.462890220106225,24613.0,2.384481723160195,14.2225,0.0024669603524229977,0.05533039643677153,14.053473565196526,760.3759561554608,Normal
2024-07-18,0.013541624344852876,0.008239986539738595,21151.926737653732,45.4091539520037,24800.85,2.4366227852161466,14.51,0.020214448936544116,0.06749868161891467,14.205649043464351,658.8868238435737,Normal
2024-07-19,0.013977343518462394,0.017047120222688703,16485.805105105803,29.125248508560443,24530.9,1.5555077980085494,14.825,0.021709166092350074,0.1535148172615335,14.412099362309569,431.78180913940855,Normal
2024-07-22,0.009494148196760269,0.015432409336369515,3273.293137412889,5.2253929998876725,24509.25,0.49520079418609786,15.4375,0.04131534569983142,0.16930860022306332,14.753899574873046,80.66700443576595,Normal
2024-07-23,0.020741148749953225,0.014852357188607805,6911.822489231991,38.321536905613584,24479.05,-0.4372586744870775,12.7475,-0.174251012145749,0.2249392711093512,14.085099716582032,488.5037917043092,Normal
2024-07-24,0.008047697929450674,0.014716043912870283,6562.257284202493,46.250999200146616,24413.5,-0.30494651572010817,11.7625,-0.0772700529515592,0.18984114517368803,13.31089981105469,544.0273780917246,Normal
2024-07-25,0.008820939234436437,0.009808295179569286,41572.62657423032,41.76713370216382,24406.1,-0.8292236620374046,12.6175,0.07268862911795959,0.16514346425917656,13.079766540703126,526.996809487052,Normal
2024-07-26,0.018448256788254392,0.01894275065301082,20026.0358330235,39.03043578465463,24834.85,1.7948802759192233,12.2475,-0.029324351099663137,0.09173766586745583,12.802344360468751,478.0252622725576,Normal
2024-07-29,0.00906588926447757,0.01875692911064249,5981.881497239001,53.28010719609919,24836.1,2.426250335552784,12.945,0.05695039804041646,0.1002245355376816,12.849896240312502,689.710987653504,Normal
2024-07-30,0.006969693309333142,0.018323978239129804,969.0726079331037,67.22137583420538,24857.3,1.9939439043811953,12.88,-0.005021243723445257,0.11935110071892537,12.859930826875003,865.8113207445653,Normal
2024-07-31,0.005153415696795187,0.016859111363438505,13772.869831799682,28.773629713521448,24951.15,1.9909856489222681,13.25,0.028726708074534146,0.13703416138429014,12.989953884583336,381.2505937041592,Normal
2024-08-01,0.004885546357580671,0.016120286495067464,2854.5654199240707,24.874518500645053,25010.9,2.0955768431846695,12.93,-0.024150943396226476,0.09981132067938767,12.969969256388893,321.6275242133405,Normal
2024-08-02,0.0065991227824643214,0.013866525179575902,3984.769825700198,28.13740721511999,24717.7,0.5043367930317424,14.32,0.10750193348801251,0.21790409882606016,13.419979504259263,402.92767132051824,Normal
2024-08-05,0.01846247830501276,0.029098783495289236,6044.633592773494,75.98808030053331,24055.6,-2.577779537750299,20.3675,0.4223114525139664,0.6456005582083794,15.735819669506176,1547.6872255211122,Normal
2024-08-06,0.017551006834160096,0.028225828246209974,4796.940500668926,65.60420315194658,23992.55,-1.950027810698111,18.7425,-0.07978396955934697,0.27003805068366854,16.738046446337453,1229.5867775753586,Normal
2024-08-07,0.006368643599781415,0.03342209588689966,192.3182413571864,47.79589656550851,24297.5,-1.106272030191453,16.17,-0.13725490196078416,0.26784046937823636,16.54869763089164,772.8596474642726,Normal
2024-08-08,0.010733614569395696,0.03204522630806868,5779.885968523796,7.066089578300346,24117.0,-1.256642740852411,16.6025,0.026747062461347948,0.17625231900046234,16.56663175392776,117.31475222373149,Normal
2024-08-09,0.0045009744163848845,0.035553729817944225,633.8896614899649,2.8557279629927503,24367.5,-0.5427562869572551,15.335,-0.07634392410781499,0.19093510002051792,16.15608783595184,43.79258831249383,Normal
2024-08-12,0.01069867651584667,0.01944229932694063,1444.5052944803047,15.171367910037704,24347.0,-0.6068183845973323,15.8675,0.03472448646886206,0.20622758382378384,16.05989189063456,240.73168031252325,Normal
2024-08-13,0.009999178543553651,0.022091231218290222,10285.107356089797,14.307844838092668,24139.0,-0.9932476625979321,16.1675,0.0189065700330866,0.13565463990190346,16.09576126042304,231.32208141986322,Normal
2024-08-14,0.004010108123781398,0.016920536732365828,4242.6753978584275,35.194275729508334,24143.75,-1.0947449946702636,15.435,-0.045306942941085504,0.1482913250977013,15.875507506948694,543.2236458849611,Normal
2024-08-16,0.014885840020703188,0.022084335236384575,8186.611792559471,33.534981588196956,24541.15,-0.11882592052211453,14.4025,-0.06689342403628118,0.160997732321997,15.384505004632464,482.98757232400663,Normal
2024-08-19,0.00472064267566725,0.020361200299302246,3550.7064798977917,67.24083438578957,24572.65,0.46898271746389886,14.315,-0.0060753341433779084,0.11334837693917836,15.028003336421644,962.5525442325776,Normal
2024-08-20,0.0051724173013470995,0.02030182194319523,2183.2146803499904,77.0873647233272,24698.85,0.9606702789671315,13.82,-0.03457911281872161,0.20188613328544447,14.62533555761443,1065.3473804763819,Normal
2024-08-21,0.005403085568759141,0.01468409716394399,9631.336179889726,54.52001459898987,24770.2,1.32523453080351,13.3325,-0.035274963820549954,0.1608176554552694,14.194390371742955,726.8880946410324,Normal
2024-08-22,0.00334676344962755,0.014121525698327725,5354.972930958958,58.2664117257297,24811.5,1.8602808843730962,13.0,-0.024939058691168192,0.2118882428562624,13.796260247828638,757.4633524344861,Normal
2024-08-23,0.003496362573805092,0.004057678389779731,4427.26611106733,37.89191744011702,24823.15,1.7808219999544503,13.5525,0.04249999999999998,0.21384615368165674,13.71500683188576,513.5302111071859,Normal
2024-08-26,0.006812189428010966,0.006324228253801867,10786.21146265192,62.29143492615744,25010.6,1.9977364550279664,13.795,0.01789337760560783,0.1462829735131651,13.741671221257173,859.310344806342,Normal
2024-08-27,0.0039763140428441274,0.006648316727182328,848.6973784531548,49.625168979977346,25017.75,1.8246339939006704,13.6325,-0.011779630300833621,0.09423704233835654,13.705280814171449,676.5151161195412,Normal
2024-08-28,0.0065933187436892264,0.006728829614847426,2337.227662011968,55.91176167290184,25052.35,1.6439512076194287,13.95,0.023289932147441794,0.15037593973931715,13.7868538761143,779.9690753369806,Normal
2024-08-29,0.0077597510812328525,0.006864355686522382,20665.83575551251,32.49782040033867,25151.95,1.65419445628143,13.7875,-0.011648745519713288,0.11845878127709047,13.787069250742867,448.0636987696694,Normal
2024-08-30,0.0027413381467428838,0.006254202532278943,1586.8605422930887,41.04046242688333,25235.9,1.8120752059631524,13.3925,-0.028649138712601996,0.09900271978313493,13.655546167161912,549.634393052035,Normal
2024-09-02,0.003889300559915143,0.003356346906544787,6093.638991712277,49.896075313611185,25278.7,1.7367732127914883,14.06,0.049841329102109366,0.12114989724013452,13.790364111441274,701.5388189093733,Normal
2024-09-03,0.0033981177829543237,0.0035262588191040797,6605.354278327558,46.84639706950075,25279.85,1.532854978104662,13.8425,-0.015469416785206302,0.10384068271419587,13.80774274096085,648.4712514345641,Normal
2024-09-04,0.005229461408985751,0.006451449369422516,21962.749031911466,22.809786897583688,25198.7,0.988645896242707,14.3775,0.03864908795376554,0.12642225022472656,13.997661827307233,327.94771112000944,Normal
2024-09-05,0.005861413485614024,0.006003598032895938,19581.38484757408,21.540789013812375,25145.1,0.9597584353326895,14.2075,-0.011824030603373337,0.07250912879672455,14.067607884871489,306.0407599137393,Normal
2024-09-06,0.0146131850738257,0.011562357564062301,14219.235722829211,58.91451068533579,24852.15,-0.4899067763344709,15.2175,0.07108921344360364,0.23367939452142927,14.450905256580993,896.5315663540973,Normal
2024-09-09,0.008222628625688977,0.012516169373265456,6582.191790421539,43.80125086804971,24936.4,-1.019783377474375,14.2375,-0.06439954000328563,0.09544931815643222,14.379770171053996,623.6203092338578,Normal
2024-09-10,0.009371841965957676,0.014230875873641606,2167.4586470530944,25.02793296058296,25041.1,-0.25630465084858245,13.36,-0.06163301141352073,0.14539069348875105,14.039846780702666,334.3731843533883,Normal
2024-09-11,0.00912699521985488,0.014525159560871543,9253.855009302271,16.981698169562925,24918.45,-0.7761428860944547,13.6275,0.020022455089820257,0.1826347304022196,13.902397853801777,231.41809180571875,Normal
2024-09-12,0.019740393162488053,0.025632014698510473,11768.921888161434,49.22478636801705,25388.9,1.3246859555626236,13.1825,-0.0326545587965511,0.18253531448722404,13.662431902534518,648.9057462963847,Normal
2024-09-13,0.0054374155634921125,0.020273365303490925,2951.660869216248,34.94044242728386,25356.5,1.8643678595697628,12.55,-0.047980276882230166,0.05423857382572457,13.291621268356346,438.5025524624125,Normal
2024-09-16,0.004318419340206922,0.020499794442917225,1078.6410035364233,43.91763394263336,25383.75,1.7773636769104224,12.46,-0.007171314741035828,0.0513944222698052,13.014414178904232,547.2137189252117,Normal
2024-09-17,0.0035219382478934845,0.020590663613503753,443.3351573465704,4.511055052544766,25418.55,1.6421948934141282,12.59,0.010433386837881198,0.06962279288152261,12.872942785936157,56.7941831115386,Normal
2024-09-18,0.0077364759201419475,0.019226470579975372,6122.746363425967,13.01984578402165,25377.55,1.2803715566963163,13.3725,0.06215250198570299,0.1260921365162096,13.039461857290773,174.1078877468295,Normal
2024-09-19,0.009295617583254038,0.0034114179038890503,15864.361351359825,12.079701120565337,25415.8,1.6025775213945632,12.47,-0.06748925032716391,0.09515797338182247,12.849641238193849,150.63387297344977,Normal
2024-09-20,0.01662941949495334,0.014460975359495252,14820.41053862428,34.6824480365507,25790.95,2.4302305996864195,12.79,0.025661587810745567,0.177024859521231,12.829760825462568,443.58851038748344,Normal
2024-09-23,0.0042127180270583025,0.014266674239538597,3021.3435869432947,56.78331735310644,25939.05,2.7550992627369486,13.785,0.07779515246286173,0.12529319771282776,13.148173883641714,782.7580297125722,Normal
2024-09-24,0.004807423556373601,0.01466670174714152,921.9220681143318,55.254424777996775,25940.4,2.338643899091657,13.3925,-0.028472977874501315,0.0988393180276828,13.229615922427811,739.9948838393218,Normal
2024-09-25,0.006223882438202127,0.013177537296929132,12687.93169045485,40.680407800516605,26004.15,2.0010749335525775,12.7425,-0.0485346275900691,0.345715885498812,13.06724394828521,518.3700963980829,Normal
2024-09-26,0.00970998859797005,0.012702713940931488,19763.919484417478,54.74798106275426,26216.05,2.0878361338644003,12.0025,-0.05807337649597799,0.10908377468386601,12.712329298856806,657.112642705708,Normal
2024-09-27,0.00480430881082196,0.008839383338865458,5764.705433934475,49.231339135965406,26178.95,1.8194978033965665,11.9625,-0.0033326390335346456,0.13143095177552103,12.462386199237873,588.9298944139862,Normal
2024-09-30,0.013010453054834975,0.0182863824181827,10601.153192967293,14.771387396636527,25810.85,0.825828591451351,12.7875,0.06896551724137923,0.1368861022889145,12.570757466158582,188.8891163344896,Normal
2024-10-01,0.006524387999617702,0.01825482015100443,527.5789772267555,56.794758538622766,25796.9,0.3886847905814518,11.9875,-0.06256109481915928,0.08406647109750416,12.37633831077239,680.8271679817404,Normal
2024-10-03,0.015860432842699813,0.026142518099516572,5663.765202498757,82.25208733239052,25250.1,-1.2344667000918728,13.17,0.09864442127215844,0.18706986428607306,12.640892207181594,1083.259990167583,Normal
2024-10-04,0.020524671189412903,0.019464382522751452,5385.738395706887,66.01236784307984,25014.6,-1.8737998947205978,14.1275,0.07270311313591482,0.16666666654011644,13.136428138121063,932.5897267031105,Normal
2024-10-07,0.017935525653011524,0.01696872040583649,7342.392243858242,68.13498532723744,24795.75,-2.375709326868727,15.08,0.0674216952751725,0.1332507519849579,13.784285425414044,1027.4755787347406,Normal
2024-10-08,0.011582630087812826,0.024930486127533406,6740.992567972866,42.73582648877492,25013.15,-1.8758577703835213,14.5875,-0.03265915119363394,0.11124005297663127,14.052023616942698,623.4088689050042,Normal
2024-10-09,0.011447978363376226,0.024738867318684358,4468.692906341141,8.061044805243132,24981.95,-1.3944437551663147,14.1225,-0.031876606683804654,0.12939160231061422,14.075515744628467,113.84210526204613,Normal
2024-10-10,0.006190469518990147,0.016688779929970532,6425.95121414423,26.09859928555207,24998.45,-1.2490475029890415,13.495,-0.04443264294565419,0.16958753749719424,13.882010496418978,352.20059735852516,Normal
2024-10-11,0.0043442693446977204,0.013987870663294254,6425.684505238335,23.780931586175278,24964.25,-1.1875896332463238,13.22,-0.02037791774731368,0.16061504248935532,13.661340330945986,314.3839155692372,Normal
2024-10-14,0.005698148352141282,0.010487053080428285,12171.048678317535,15.640326975135112,25127.95,-0.7919347734680044,12.995,-0.017019667170953157,0.0620272314205543,13.439226887297323,203.24604904188078,Normal
2024-10-15,0.008114470141810878,0.008224512377648202,12012.006715558591,24.419291338101125,25057.35,-0.718548820173138,13.0025,0.000577145055790762,0.18776452467274768,13.293651258198217,317.51183562365986,Normal
2024-10-16,0.007381067830394153,0.009011326058771791,2909.8994659192463,14.32360742681012,24971.3,-0.8614322374918729,13.0525,0.00384541434339547,0.1634301094686175,13.213267505465478,186.9588859384391,Normal
2024-10-17,0.012037819416685481,0.012425322867725548,18366.28028285351,32.917542968556084,24749.85,-1.2060761324329492,13.3875,0.025665581306263174,0.184064355346436,13.271345003643653,440.68360649154454,Normal
2024-10-18,0.012870785075459874,0.013932038283838696,11451.972438519217,54.78174356355212,24854.05,-1.5107170913301526,13.0375,-0.02614379084967322,0.08907563018556448,13.193396669095769,714.2169817098107,Normal
2024-10-21,0.012018162029925929,0.01039109217720238,10931.434043313522,27.095930707336876,24781.1,-1.3854622785775843,13.7625,0.0556088207094918,0.12598274199349357,13.383097779397179,372.9077463597237,Normal
2024-10-22,0.01760212419948367,0.014223283576670055,16648.438621219393,28.757890739676757,24472.1,-2.6045145972939663,14.395,0.04595821980018178,0.36657583987896397,13.72039851959812,413.9698371976469,Normal
2024-10-23,0.009241135824057153,0.014566785162542594,3393.5099706922147,21.788668643444353,24435.5,-2.8248022673112674,14.6225,0.01580409864536314,0.2287252516646577,14.021099013065413,318.6048072387651,Normal
2024-10-24,0.005706860919561444,0.013513811605975123,861.2801704463549,42.20503866248143,24399.4,-2.5489875143423952,13.97,-0.044623012480765945,0.15062403819413644,14.004066008710277,589.6043901148656,Normal
2024-10-25,0.015014713476554684,0.011142597927001051,19883.19634945624,50.809481521267365,24180.8,-2.5861672330255403,14.6325,0.047423049391553285,0.12383679303948693,14.213544005806853,743.4697383599447,Normal
2024-10-28,0.014792728114861757,0.016556999385700297,5183.928044323032,29.166184133999185,24339.15,-1.7307923816050101,14.29,-0.02340679993165906,0.13275243455817357,14.23902933720457,416.7847712748483,Normal
2024-10-29,0.014119227664066338,0.013923686813144513,6649.153460154713,20.132059567105756,24466.85,-1.298117599639927,14.515,0.015745276417074905,0.10286913918623578,14.331019558136381,292.2168446165401,Normal
2024-10-30,0.007802393851269102,0.014853803077176183,1805.8306870653917,7.402633790894817,24340.85,-1.0552839957976434,15.51,0.06854977609369617,0.0978298311416949,14.724013038757588,114.81485009677861,Normal
2024-10-31,0.008210477448401353,0.015643235843381786,9052.013194568084,16.476034858163338,24205.35,-1.347886395509727,15.55,0.0025789813023855412,0.1023533203724349,14.999342025838393,256.20234204443994,Normal
2024-11-01,0.003637625566247251,0.013195949815374301,108.05981983483763,21.854962521053626,24304.35,-0.9790618881582253,15.9025,0.022668810289389052,0.16028938896444409,15.300394683892263,347.5485414910553,Normal
2024-11-04,0.020597135903646573,0.01672121659006232,14322.393926741694,69.35194301187968,23995.35,-1.9611929463305784,16.6875,0.04936330765602892,0.17748781626946225,15.762763122594842,1157.3105490107423,Normal
2024-11-05,0.016098952505374513,0.01927875235707544,11465.303581857252,44.20365783916739,24213.3,-1.6539036807916567,16.1225,-0.03385767790262184,0.1932584268504818,15.882675415063229,712.6734735119762,Normal
2024-11-06,0.013775487025719811,0.02262501199833349,5315.557895250167,12.741202015545596,24484.05,0.10850218041984024,14.8675,-0.07784152581795623,0.37447666281626507,15.544283610042154,189.42982096612414,Normal
2024-11-07,0.013245357692043058,0.025522375670231075,9100.780443158768,27.156059952811788,24199.35,-0.4677026229998968,14.94,0.0048764082730787806,0.08441230867031294,15.342855740028103,405.7115356950081,Normal
2024-11-08,0.008657257323023694,0.02502968999101687,2387.300127811812,19.73251859088355,24148.2,-1.3075887269652622,14.47,-0.03145917001338683,0.08919009364846711,15.051903826685404,285.529544010085,Normal
2024-11-11,0.013756718927284979,0.02060076800161493,3853.1684240968525,23.031177828833442,24141.3,-1.1327982552276583,14.27,-0.013821700069108545,0.16257774695053373,14.79126921779027,328.6549076174532,Normal
2024-11-12,0.01668717094770504,0.020684585392255057,26172.936862357044,35.98538986781002,23883.45,-2.283072817181615,14.59,0.022424667133847276,0.1469866852508853,14.724179478526848,525.0268381713482,Normal
2024-11-13,0.015240679215098639,0.013467056007731383,10729.45670415999,50.234466588058325,23559.05,-3.6365135172089937,15.435,0.05791638108293351,0.13245373534444577,14.961119652351233,775.3689917866802,Normal
2024-11-14,0.008139122757493133,0.013693423205412765,372.31152882284744,53.74051319062653,23532.7,-2.9418030404237276,14.775,-0.042759961127308066,0.14755425970356054,14.899079768234156,794.016082391507,Normal
2024-11-18,0.01089547735703463,0.013355935502296216,8391.54568824041,59.45863746886303,23453.8,-2.5227811336679373,15.1675,0.026565143824027082,0.191201353508493,14.988553178822773,901.8388838089801,Normal
2024-11-19,0.013466900885991503,0.015154162281176943,1528.381052118972,1.8903225806214259,23518.5,-1.6376412234164064,15.6625,0.03263556947420465,0.22762485562708093,15.213202119215183,29.60717741898308,Normal
2024-11-21,0.010381189276522483,0.013921873780351632,10432.800610772601,19.26424994014661,23349.9,-1.910288375899328,15.99,0.020909816440542794,0.12402234628953088,15.472134746143457,308.03535654294427,Normal
2024-11-22,0.02557184399075554,0.027301970475980573,14659.615276856355,35.42578256449528,23907.25,-0.584441827562085,16.0975,0.0067229518449030135,0.3700750466728738,15.680589830762305,570.2665348319628,Normal
2024-11-25,0.009039099018076447,0.028326094210942607,716.069904663083,49.209327257731275,24221.9,1.0847604650905456,15.3025,-0.04938655070663145,0.20096288231031953,15.554559887174872,753.0257303614328,Normal
2024-11-26,0.008995991231072205,0.02749857488856546,3899.168909469412,65.76789656208041,24194.5,0.9561290818568762,15.305,0.00016337199803939662,0.1560202580257996,15.471373258116582,1006.5776568826407,Normal
2024-11-27,0.008634193721709954,0.02741342482241139,3979.4348868976563,45.5343818155723,24274.9,1.0064309400184357,14.625,-0.04442992486115649,0.134596536991443,15.189248838744389,665.9403340527449,Normal
2024-11-28,0.01946043032102323,0.032738482369320365,18638.058756190752,30.14902135197822,23914.15,0.44959533906006993,15.205,0.039658119658119606,0.08837606831564032,15.194499225829594,458.4158696568288,Normal
2024-11-29,0.010926585306184414,0.024248688768344854,7482.716737531648,27.317915445507694,24131.1,0.6563230287606695,14.425,-0.051298914830647746,0.07398881941861965,14.937999483886397,394.0609303014485,Normal
2024-12-02,0.01214407963167356,0.02092828400953177,4515.721381024425,15.29694638119483,24276.05,1.0395607999741574,14.7,0.019064124783362058,0.12253032920448503,14.858666322590931,224.865111803564,Normal
2024-12-03,0.00829418294985863,0.021843885410700516,3977.57762899814,37.90849673153534,24457.15,1.6290652414185227,14.3725,-0.022278911564625803,0.04455782309894033,14.696610881727288,544.8398692739917,Normal
2024-12-04,0.008459693790973881,0.02185017408616274,1533.7032855195052,54.555122296284225,24467.45,1.570158970787626,14.45,0.00539224212906575,0.04783440595036743,14.61440725448486,788.3215171813071,Normal
2024-12-05,0.022977465980303258,0.008360729772409635,9546.527497761017,57.065886698921574,24708.4,1.7835645076299826,14.5275,0.005363321799308096,0.11418685113205064,14.585438169656573,829.0246690185832,Normal
2024-12-06,0.005283628239786729,0.010559217391488287,4488.424997782422,41.8384927467145,24677.8,1.7799953960373984,14.14,-0.02667355016348305,0.06728618133382475,14.43695877977105,591.5962874385431,Normal
2024-12-09,0.005063255233446665,0.012258321443443245,1106.2488197625175,29.852023969305748,24619.0,1.5198262456292122,14.1075,-0.002298444130127364,0.08380480899306593,14.327139186514035,421.1374281469808,Normal
2024-12-10,0.006789471546363781,0.010988686465247128,10690.882133013722,25.99077250618716,24610.05,1.2780111179266906,13.7775,-0.023391812865497075,0.06911217432634258,14.143926124342691,358.0878682039936,Normal
2024-12-11,0.004384387679015589,0.010940330824496323,5277.002961410238,23.97499999940008,24641.8,1.257694324602153,13.2675,-0.03701687534022857,0.06786427140782841,13.851784082895128,318.08831249204053,Normal
2024-12-12,0.005977647736770021,0.004316065417835042,10263.619851891293,26.364389723537077,24548.7,0.8973586349108601,13.19,-0.005841341624269858,0.03410589784503045,13.631189388596752,347.746300453454,Normal
2024-12-13,0.02490966935111639,0.011125152328408432,19263.223193871658,44.894427136899594,24768.3,0.7686568070674097,13.0525,-0.010424564063684527,0.17058377545823822,13.438292925731169,585.984510204382,Normal
2024-12-16,0.007247166741355988,0.011809181577868593,5079.620145763326,42.95534477200299,24668.25,1.1641010560957894,14.02,0.07412373108599879,0.11128136363816793,13.632195283820781,602.2339337034819,Normal
2024-12-17,0.012998489961787634,0.018345999873261853,9405.125285339813,55.84443675328056,24336.0,-0.3039769039072661,14.485,0.03316690442225401,0.1280313836461973,13.916463522547188,808.9066663712689,Normal
2024-12-18,0.010050953320180049,0.01799825453549745,4281.9129725249095,57.28229179798104,24198.85,-1.5184020131162217,14.3725,-0.0077666551605107825,0.0671384190078437,14.068475681698127,823.2897388664825,Normal
2024-12-19,0.005562247792764804,0.019190880079639677,2542.8308329950073,77.98390105999273,23951.7,-3.150563888199329,14.51,0.00956688119672977,0.10888850227247286,14.215650454465418,1131.5464043804946,Normal
2024-12-20,0.022063152093579164,0.010801521324732175,12017.54705108437,69.54429920053072,23587.5,-3.3810165077487273,15.0725,0.0387663680220538,0.07960027561709142,14.501266969643613,1048.2064496999992,Normal
2024-12-23,0.009426603073657839,0.01990981489218925,469.88987831540385,53.772880909057825,23753.45,-2.3422197898872628,13.52,-0.10300215624481679,0.22988887030692393,14.174177979762408,727.0093498904617,Normal
2024-12-24,0.007683094455749508,0.019101904026333546,1776.8898994419455,33.529707955352244,23727.65,-1.7861808885207031,13.1775,-0.02533284023668636,0.15199704130769448,13.841951986508274,441.8377265816542,Normal
2024-12-26,0.008466915181230201,0.019953414058560093,2821.85638220521,4.741152603430574,23750.2,-1.4770020280438012,14.035,0.06507304116865864,0.09903244158677102,13.90630132433885,66.54207678914811,Normal
2024-12-27,0.005821003612598706,0.018824843926306255,2554.5142580531237,9.229962415710638,23813.4,-1.024836469945912,13.2375,-0.05682223013893828,0.08567866043058169,13.683367549559234,122.18162747796957,Normal
2024-12-30,0.013271939328271752,0.011591756134477047,14222.546522382954,21.045918367049225,23644.9,-1.180827491901781,13.9725,0.05552407932011327,0.08555240786738239,13.77974503303949,294.0640943835953,Normal
2025-01-01,0.010996028741922783,0.00977093063939111,7582.00891990997,20.066692820451763,23742.9,-1.0613908977220181,14.5075,0.004152967641460448,0.036684547474175856,14.17072001468422,291.11754609270395,Normal
2025-01-02,0.020012298413412063,0.02097620455887969,13524.124207486147,15.672029060568494,24188.65,-0.0036533842982858747,13.7375,-0.05307599517490946,0.08082026532426653,14.026313343122816,215.2944992195597,Normal
2025-01-03,0.00911377856969734,0.024000675149641104,6279.192637171186,38.10215193115802,24004.75,0.1440619793103536,13.54,-0.014376706096451475,0.05477707002382011,13.86420889541521,515.9031371478795,Normal
2025-01-06,0.02241431383371104,0.030146817265585806,10095.277017722574,1.626016260149278,23616.05,-0.8717752541175852,15.65,0.15583456425406217,0.17577547992926484,14.459472596943474,25.4471544713362,Normal
2025-01-07,0.006664958788617691,0.029642808609133743,1011.3896219208923,45.230096517407866,23707.9,-0.9758065119643738,14.66,-0.06325878594249201,0.08338658141636637,14.526315064628983,663.0732149451993,Normal
2025-01-08,0.010785434391063282,0.02931481636922356,2763.2439737941095,58.15088909386191,23688.95,-1.3584116243004076,14.465,-0.013301500682128209,0.05354706681204157,14.505876709752656,841.1526107427126,Normal
2025-01-09,0.007870758307139911,0.01698718927157225,12839.662743600971,22.798969901451485,23526.5,-1.97677344837374,14.6575,0.013307984790874583,0.0786380918917123,14.55641780650177,334.17590133052516,Normal
2025-01-10,0.010721951841535833,0.016812048281295466,10295.042724929459,43.253168202142014,23431.5,-2.872510467588628,14.915,0.017567798055602823,0.05850247309670647,14.675945204334514,645.1210037349481,Normal
2025-01-13,0.012534408808649696,0.015606600326521112,4268.241424723596,55.38611094166842,23085.95,-3.8179079693484157,15.9975,0.0725779416694603,0.11632584638529943,15.116463469556344,886.0393097893406,Normal
2025-01-14,0.005665783734260128,0.015615687829181926,447.3719101069983,55.892090741190685,23176.05,-2.5224437964799367,15.47,-0.03297390217221441,0.05516486947637765,15.23430897970423,864.6506437662199,Normal
2025-01-15,0.006351384295422957,0.016489174787408443,1839.2331019631138,37.7788725450376,23213.2,-1.8553872453764282,15.2575,-0.013736263736263798,0.030058177097570655,15.24203931980282,576.4111478559112,Normal
2025-01-16,0.005152240966344608,0.017794480717813334,6710.516343270053,25.106509461505937,23311.8,-1.1474720189131997,15.465,0.013599868916926106,0.10584958210332651,15.316359546535214,388.2721688221893,Normal
2025-01-17,0.008225448056345617,0.017902260872671934,7031.983396424165,8.378328057933714,23203.2,-1.4003390164636351,15.7475,0.018267054639508506,0.15066278684082587,15.460073031023477,131.93772109231116,Normal
2025-01-20,0.009500844711070114,0.009333723027963635,3621.7325622891676,4.145162611548262,23344.75,-0.8555222465890345,16.415,0.0423876805842196,0.11668518805100164,15.778382020682319,68.04284426856472,Normal
2025-01-21,0.019252722774919764,0.018003561983472565,16223.345037423589,30.23770352266186,23024.65,-1.2701259137928576,17.055,0.03898872982028645,0.1366128540136382,16.203921347121547,515.7040335789981,Normal
2025-01-22,0.008176020048075355,0.019238547118553374,2204.8857510061507,11.04701975166328,23155.35,-1.2981523501184102,16.7725,-0.01656405746115497,0.08150102604426808,16.3934475647477,185.28613878477236,Normal
2025-01-23,0.007780059467894894,0.018704491584553198,3575.7834324904034,11.31625603703264,23205.35,-0.8497858634662554,16.695,-0.0046206588165151885,0.08436428672865441,16.493965043165133,188.9248945382599,Normal
2025-01-24,0.012811700750037004,0.018760481598026218,7213.716611036085,26.701216763907265,23092.2,-0.9106094966380615,16.745,0.002994908655286066,0.07142857138578695,16.577643362110088,447.1118747116272,Normal
2025-01-27,0.009550844007929247,0.018720730059902435,6023.880214172156,10.903864579866951,22829.15,-2.5497320882550345,18.1325,0.08286055538966841,0.10615108981418267,17.095928908073393,197.7143244944375,Normal
2025-01-28,0.012278161911410476,0.01659511266183112,146.26177706771907,6.155365371887548,22957.25,-1.8292199688229762,18.195,0.003446849579484379,0.0923755686792359,17.462285938715596,111.99687294149393,Normal
2025-01-29,0.00901022552787936,0.018372634111076355,5250.447374529627,10.378481313849463,23163.1,-0.6721173796358249,18.64,0.02445726848035168,0.09466886502079205,17.854857292477064,193.454891690154,Normal
2025-01-30,0.00789402109389156,0.018658275026794787,4369.675891184684,43.83141762391041,23249.5,0.9813827130530649,17.39,-0.06706008583690992,0.09482296132251977,17.699904861651376,762.2283524798021,Normal
2025-01-31,0.011587345964424265,0.019823866987463322,8880.741153181962,57.89026548590607,23508.4,2.71558631967439,16.2475,-0.06569867740080515,0.10552041397037337,17.215769907767584,940.5720884822588,Normal
2025-02-01,0.013363308434426324,0.010639963184461716,2906.317196139717,56.54034999299365,23482.15,2.3921831785820666,14.095,-0.13248192029542993,0.15802431133526734,16.175513271845055,796.9362331512455,Normal
2025-02-03,0.006796651924969841,0.01518632959426917,2395.2489028434393,24.564020192467332,23361.05,0.9296737063185755,14.3525,0.018268889677190314,0.07218871935282815,15.567842181230038,352.55509981238737,Normal
2025-02-04,0.014537017813833418,0.019526633601453115,10210.08620364613,37.961065573381774,23739.25,2.7380956127079497,14.0175,-0.023340881379550593,0.10224699522574682,15.05106145415336,532.1192366748791,Normal
2025-02-05,0.005343471255408031,0.02071121143744043,4553.954421450399,41.76492963050902,23696.3,2.4478400853924094,14.0825,0.004637060816836014,0.057071517704960495,14.72820763610224,588.1546215216433,Normal
2025-02-06,0.009170208007153334,0.01952870579915816,7235.023837077635,40.42367768263836,23603.35,1.6344023555995915,14.175,0.006568436002130307,0.10580507714837205,14.543805090734828,573.0056311513988,Normal
2025-02-07,0.01064679378138666,0.0196320688445985,11828.769619664952,32.36207909929725,23559.95,1.0870535713804987,13.685,-0.03456790123456788,0.06737213399127186,14.257536727156552,442.8750524738829,Normal
2025-02-10,0.010708851249679739,0.02065251496562238,12166.82315846684,50.513247329026385,23381.6,0.36407395250487956,14.445,0.055535257581293296,0.07544757027734915,14.320024484771036,729.6638576677861,Normal
2025-02-11,0.01725288260853942,0.010822428915910806,13758.623362554292,62.80044101364066,23071.8,-0.8646117956688921,14.87,0.029421945309795694,0.10989961916933211,14.503349656514025,933.8425578728366,Normal
2025-02-12,0.015011832626836747,0.011132271315249152,252.61087766748935,64.35307619316076,23045.25,-1.4289534347010744,14.895,0.00168123739071957,0.06825823801731125,14.633899771009352,958.5390698971295,Normal
2025-02-13,0.01055749015523345,0.012183767847411493,1623.1719002870434,43.01394693073867,23031.4,-1.1826650154525922,14.955,0.004028197381671816,0.21953675715371815,14.740933180672902,643.2735763491968,Normal
2025-02-14,0.015580902593843463,0.01163747987399564,27024.37865346099,33.194517659112826,22929.25,-1.7938246418267025,15.015,0.004012036108324901,0.0882647943241292,14.83228878711527,498.4156826515791,Normal
2025-02-17,0.010848588593167745,0.012894009634125979,23538.569542957557,20.678105535072582,22959.5,-1.8591089233087852,15.7225,0.047119547119547134,0.1207126206322259,15.129025858076847,325.11151427517865,Normal
2025-02-18,0.00831899649382246,0.00467174896952513,2879.327810610825,31.110693713609944,22945.3,-1.484228074062314,15.665,-0.003657179201780991,0.09810780722015736,15.307683905384565,487.34901702369973,Normal
2025-02-19,0.010246107045883022,0.004702775441531988,34561.63111085544,3.904571386176431,22932.9,-1.1963218035923309,15.42,-0.01563996169805293,0.08107245446468413,15.345122603589711,60.20849077484057,Normal
2025-02-20,0.004844568283991562,0.004684056942602052,45566.73116621454,13.48283752835747,22913.15,-1.1950872901763405,14.6825,-0.0478274967574579,0.08203631641891293,15.124248402393142,197.96176201010854,Normal
2025-02-21,0.008759162315086015,0.005311799950919035,9403.596159982299,6.6732619838710185,22795.9,-1.263789961382739,14.53,-0.01038651455814743,0.215222203156668,14.926165601595429,96.9624966256459,Normal
2025-02-24,0.006547229984336416,0.009849233683362503,3369.7510634195837,49.51082866377557,22553.35,-1.896341370651867,14.44,-0.00619408121128695,0.08362009629482442,14.76411040106362,714.9363659049192,Normal
2025-02-25,0.004939399246672819,0.009989538167447388,1942.0024246839303,50.72131703919315,22547.55,-1.878498584719876,13.72,-0.049861495844875314,0.10197368413990743,14.41607360070908,695.8964697777301,Normal
2025-02-27,0.004652390170992028,0.010155563983207614,2171.1233975084824,42.94689906682287,22545.05,-1.8714372419503227,13.31,-0.02988338192419826,0.07999271131195866,14.04738240047272,571.6232265794124,Normal
2025-02-28,0.015324871756764644,0.017511209616060855,16236.305683878712,63.054074637273054,22124.7,-2.8658268733544765,13.91,0.04507888805409466,0.06686701723000228,14.001588266981814,877.0821782044682,Normal
2025-03-03,0.011609196960857432,0.01878210651304441,3960.5578116757374,63.49523037516716,22119.3,-2.5260499933480243,13.76,-0.010783608914450071,0.05697340039038566,13.921058844654544,873.6943699623001,Normal
2025-03-04,0.006349658443076283,0.018132734767846232,5266.258486554276,63.84502494788593,22082.65,-2.2197425409704596,13.83,0.005087209302325535,0.05995639530526419,13.890705896436364,882.9766950292625,Normal
2025-03-05,0.014812533821794668,0.024155107473398118,19672.168638078936,20.25316455668809,22337.3,-1.2463942356249496,13.67,-0.01156905278380338,0.07483731014111547,13.81713726429091,276.8607594899262,Normal
2025-03-06,0.013904992993775574,0.02668359896699643,3041.355807234886,51.9056032300361,22544.7,-0.512033266618859,13.73,0.004389173372348232,0.06565471831334702,13.788091509527273,712.6639323483956,Normal
2025-03-07,0.007498436439603289,0.01359743861354441,2072.0531111501505,65.54074992171596,22552.5,-0.027713787084346846,13.47,-0.01893663510560817,0.03841951927281898,13.682061006351518,882.833901445514,Normal
2025-03-10,0.010983261279232498,0.015460787650480621,4486.430884659991,38.75025778457726,22460.3,-0.040439030715180464,13.99,0.038604305864884836,0.054751299142723524,13.784707337567678,542.1161064062359,Normal
2025-03-11,0.009234070782665658,0.014513987662181371,24876.01780773845,0.9532964832020241,22497.9,-0.2595623508114804,14.07,0.005718370264474526,0.059149392380879545,13.879804891711785,13.41288151865248,Normal
2025-03-12,0.011016583770035959,0.011187697179782864,9433.82047807167,2.2903478198685328,22470.5,-0.026007731288373775,13.69,-0.027007818052594224,0.05241648894639913,13.816536594474524,31.354861654000214,Normal
2025-03-13,0.008041654613823472,0.005383368039672601,23448.083601432776,9.285321172901492,22397.2,0.07867995141618332,13.28,-0.02994886778670569,0.05149744335171845,13.637691062983016,123.30906517613181,Normal
2025-03-17,0.009994552890535361,0.00834519302411962,16447.35203968792,4.767014101705864,22508.75,0.5174108966284446,13.42,0.010542168674698926,0.061746987905311024,13.565127375322012,63.97332924489269,Normal
2025-03-18,0.011488865441212135,0.01555451812645654,7577.338311243112,34.049893842436,22834.3,2.361307870397586,13.21,-0.015648286140089396,0.17213114741271898,13.44675158354801,449.79909765857957,Normal
2025-03-19,0.005813622488972373,0.015425718795177441,1441.253536239183,48.11167009072394,22907.6,2.7864364162916226,13.3,0.00681302043906129,0.07418622250250856,13.397834389032008,639.8852122066285,Normal
2025-03-20,0.010596919799537884,0.01604778577536766,5129.952359970375,80.88253887873452,23190.65,3.1607219464859027,12.6,-0.052631578947368474,0.05939849619594104,13.131889592688006,1019.1199898720549,Normal
2025-03-21,0.011638311129696021,0.010800740388913146,8111.849045080904,76.55778011834813,23350.4,2.8146424052733443,12.58,-0.0015873015873015817,0.16984126970647523,12.94792639512534,963.0968738888196,Normal
2025-03-24,0.011787806632857771,0.010689874541202607,4407.556803172566,81.9384434834164,23658.35,2.795569793975923,13.7,0.08903020667726547,0.1089030205811581,13.198617596750227,1122.5566757228048,Normal
2025-03-25,0.011336378065244776,0.01439521881451459,6529.354834103885,72.83172513723206,23605.95,2.3726966096781563,13.64,-0.004379562043795526,0.0718978101664979,13.345745064500152,993.4247308718453,Normal
2025-03-26,0.012064754860527901,0.018630741830152567,10470.245636891219,34.80550831146303,23486.85,1.646075346216995,13.47,-0.012463343108504388,0.04472140759184643,13.387163376333437,468.830196955407,Normal
2025-03-27,0.009134898890226145,0.01654120833701055,7286.289639201448,3.6935704513885703,23486.85,1.2692231291034464,13.3,-0.012620638455827726,0.06477357085020524,13.358108917555626,49.12448700346799,Normal
2025-03-28,0.008472826283640218,0.01563299228557792,12606.738905823733,23.877711748781067,23519.35,1.1441341694949565,12.72,-0.043609022556390986,0.07800751873834018,13.145405945037085,303.7244934444952,Normal
2025-04-01,0.018229670462823918,0.014616047467540092,10681.888105913762,39.27935414888649,23165.7,0.49506850405086017,13.78,0.08333333333333326,0.10495283010616921,13.356937296691392,541.2695001716559,Normal
2025-04-02,0.008268690348226757,0.018666462825570624,5918.063494859704,35.56084462302487,23332.35,0.3753978138677301,13.72,-0.004354136429608024,0.045718432477708015,13.477958197794262,487.89478822790124,Normal
2025-04-03,0.006887433113249709,0.018447696449069635,3874.8946511247855,40.4598128519496,23250.1,0.12810533075358146,13.6,-0.008746355685131268,0.05083819238277098,13.518638798529508,550.2534547865146,Normal
2025-04-04,0.015365525309561952,0.022070758246248358,11176.21432902665,39.05287058009681,22904.45,-0.8777824634170074,13.76,0.0117647058823529,0.06268382348332079,13.599092532353007,537.3674991821321,Normal
2025-04-07,0.022281696351572542,0.0330680805439944,7933.209379111624,81.31034482711905,22161.6,-3.678162710210244,22.79,0.65625,0.6855014529901878,16.662728354902004,1853.0627586100431,Normal
2025-04-08,0.01923823189660538,0.04300009987096475,1388.1425056440894,45.903640410493146,22535.85,-2.02599123303151,20.44,-0.10311540149188236,0.14962702933320446,17.921818903268004,938.27040999048,Elevated_Vol
2025-04-09,0.005122948546424896,0.040113028284940525,1104.073977963292,35.68919638086374,22399.15,-1.9499539977561713,21.43,0.048434442270058664,0.10029354202529656,19.091212602178672,764.81947844191,Elevated_Vol
2025-04-11,0.010201279959279615,0.0487654800716506,3160.936701878931,72.27965726640437,22828.55,-0.759020777222651,20.11,-0.06159589360709283,0.12015865603352369,19.43080840145245,1453.543907627392,Elevated_Vol
2025-04-15,0.007067904006164556,0.051784587058309454,844.3174256228748,72.13647115365319,23328.55,0.42684686960626356,16.13,-0.1979114868224764,0.20561909487537597,18.330538934301632,1163.561279708426,Elevated_Vol
2025-04-16,0.007679431426296305,0.02625046885024397,2035.8554525143038,79.07855592121024,23437.2,0.6930295003304099,15.87,-0.016119032858028515,0.06261624298659872,17.51035928953442,1254.9766824696064,Elevated_Vol
2025-04-17,0.024482446708640724,0.026473017200560132,10166.529880781885,73.36685360608475,23851.65,1.419460615314264,15.47,-0.02520478890989275,0.08648393189257463,16.83023952635628,1134.985225286131,Elevated_Vol
2025-04-21,0.011986592122552441,0.015474550398278688,5215.185230450592,75.28074437296364,24125.55,2.186037333243198,15.52,0.003232062055591456,0.136716224863144,16.393493017570854,1168.3571526683957,Normal
2025-04-22,0.0070713413787427785,0.018998321074403846,587.4665397118268,73.02965905873585,24167.25,2.116882527024311,15.23,-0.018685567010309212,0.09455541231020921,16.005662011713902,1112.241707464547,Normal
2025-04-23,0.009903898871402394,0.01401408954170908,1439.4942681693149,65.11332486374175,24328.95,2.0651425736329028,15.96,0.04793171372291538,0.2413000655014444,15.990441341142603,1039.2086648253185,Normal
2025-04-24,0.00541330390337203,0.0183628553563208,2644.0483098198897,31.339425827908777,24246.7,1.6956161042639906,16.25,0.018170426065162948,0.07581453629334922,16.07696089409507,509.26566970351763,Normal
2025-04-25,0.02134723488143907,0.017729951943476527,13405.244538318717,28.312609013354137,24039.35,1.1556681622664722,17.16,0.05600000000000005,0.10215384609098226,16.437973929396716,485.844370669157,Normal
2025-04-28,0.012523217141889196,0.01811394850883723,10778.09695848973,38.163825708117386,24328.5,1.2025374410080614,16.94,-0.012820512820512775,0.08449883444959291,16.605315952931143,646.4952074955086,Normal
2025-04-29,0.006860266765313638,0.018167207564078035,1663.7851786934166,26.568357910256655,24335.95,1.1949587357993863,17.37,0.025383707201888983,0.08972845331184857,16.86021063528743,461.49237690115814,Normal
2025-04-30,0.008111456507755823,0.016930567757074754,632.7409649326971,1.5513565178807038,24334.2,1.0236491597251038,18.22,0.04893494530800213,0.14824409893595614,17.313473756858286,28.265715755786424,Normal
2025-05-02,0.01440976074824146,0.016378423885523383,39021.081308136156,28.47052241375685,24346.7,1.070092870989403,18.26,0.002195389681668658,0.08301317229252841,17.628982504572193,519.8717392752001,Normal
2025-05-05,0.005164971022764824,0.011513518064744876,7878.643803817689,13.87839230485904,24461.15,1.2058093904014024,18.34,0.004381161007666945,0.039841182891653386,17.865988336381463,254.52971487111478,Normal
2025-05-06,0.007270712946853662,0.0063914701770190424,14172.258138369809,17.530358655499015,24379.6,1.086102589077654,19.0,0.03598691384950925,0.07170119952469933,18.24399222425431,333.0768144544813,Normal
2025-05-07,0.00941770988859146,0.0064637966813802785,19139.44709398162,30.767265604517462,24414.4,0.8674578492296793,19.06,0.0031578947368420263,0.07184210522534636,18.515994816169542,586.4240824221027,Normal
2025-05-08,0.012166999803389703,0.009184057319027309,14990.227420414243,35.55003548565589,24273.8,0.3635913307864155,21.01,0.10230849947534115,0.19622245530103746,19.347329877446363,746.9062455536304,Normal
2025-05-09,0.009413441653136545,0.013674617137823548,3983.6997091246053,45.802012258057175,24008.0,-2.204621419671969,21.63,0.029509757258448177,0.08305568772819802,20.108219918297575,990.6975251417766,Normal
2025-05-12,0.023573392202589343,0.043982835369487036,9192.581318781797,31.57325529593757,24924.7,3.5932258605132166,18.39,-0.14979195561719827,0.20457697632705646,19.53547994553172,580.6321648922919,Elevated_Vol
2025-05-13,0.017103515789551257,0.04730130052767686,4532.830654171874,34.98221791120719,24578.35,2.5210293301987523,18.2,-0.010331702011963095,0.054921152770570414,19.09031996368781,636.6763659839708,Elevated_Vol
2025-05-14,0.009439201573738905,0.04732982924023267,953.63409195723,50.003134599398095,24666.9,1.7828970767248957,17.23,-0.05329670329670322,0.11868131861610917,18.47021330912521,861.5540091476292,Elevated_Vol
2025-05-15,0.025207869655276792,0.04774051032633339,10968.046495575887,28.571986563326558,25062.1,2.442906290536647,16.89,-0.019733023795705185,0.0552814857485308,17.94347553941681,482.5808530545856,Elevated_Vol
2025-05-16,0.004666408640934082,0.044257663618980314,2104.443085727061,34.68967293294165,25019.8,2.3544755951421505,16.55,-0.02013025458851392,0.04973357013041232,17.478983692944542,574.1140870401842,Elevated_Vol
2025-05-19,0.00584736888384163,0.02434679230511289,2896.3875602916296,35.28614202547591,24945.45,1.7504585712827325,17.36,0.04894259818731106,0.09788519631547728,17.43932246196303,612.5674255622617,Normal
2025-05-20,0.013655796948937031,0.0220018621846261,20621.56289875444,46.92001987006252,24683.9,0.8530345984660371,17.39,0.001728110599078514,0.09749423957517617,17.422881641308688,815.9391455403872,Normal
2025-05-21,0.01056761694869516,0.02231424673922867,3699.5663974522445,37.81781781731306,24813.45,0.8395875880716152,17.55,0.009200690051753835,0.054916618714826455,17.465254427539126,663.7027026938442,Normal
2025-05-22,0.011086729173085067,0.01373898954075083,5189.07858326727,49.25576519864508,24609.7,-0.09599305458377917,17.26,-0.01652421652421643,0.08532763527901571,17.396836285026083,850.1545073286142,Normal
2025-05-23,0.011987143280896562,0.019463866547192257,9149.076542800298,5.6316423796904616,24853.15,0.6506094853761528,17.28,0.0011587485515642815,0.1180475086222205,17.357890856684058,97.31478032105119,Normal
2025-05-26,0.007190235442989272,0.020526612902544757,3400.017054404039,13.54897598250318,25001.15,1.4107102444266246,18.02,0.04282407407407396,0.13628472214335377,17.57859390445604,244.1525472047073,Normal
2025-05-27,0.01435133983836181,0.018382362246066198,5710.193949391695,16.43293372521554,24826.2,0.718145625017916,18.54,0.02885682574916748,0.09794672580580076,17.899062602970695,304.6665912654961,Normal
2025-05-28,0.005123619402081248,0.017939189630142616,5027.218059055055,3.6865388666008343,24752.45,0.15101202513782924,18.02,-0.028047464940668787,0.06256742175697551,17.93937506864713,66.43143037614703,Normal
2025-05-29,0.008698128872087905,0.015210629608661767,641.6642361443593,36.52502495313673,24833.6,-0.1613559321861682,16.42,-0.08879023307436174,0.10044395110963147,17.43291671243142,599.7409097305051,Normal
2025-05-30,0.005901278912438804,0.011823072972036563,6456.42805238724,12.217564665939747,24750.7,-0.44318215280132034,16.08,-0.020706455542022106,0.07658343478892615,16.981944474954282,196.45843982831113,Normal
2025-06-02,0.009221961399067814,0.008333958987778226,5866.58362445879,42.535163530884105,24716.6,-1.5949018118371827,17.16,0.0671641791044777,0.10261194023469399,17.04129631663619,729.9034061899713,Normal
2025-06-03,0.01387529029073005,0.008366685071959196,20731.61500040155,14.009056077826893,24542.5,-1.9239296634074112,16.56,-0.034965034965035,0.08566433561441465,16.880864211090795,231.98996864881332,Normal
2025-06-04,0.004636854436180214,0.009860175426113464,5156.4031909354035,14.678832116574535,24620.2,-1.933028238248045,15.75,-0.048913043478260754,0.08635265695268547,16.50390947406053,231.19160583604892,Normal
2025-06-05,0.011646940317295696,0.011107658075097955,3847.0350037580192,46.57700067186814,24750.9,-0.2241841910701006,15.08,-0.042539682539682544,0.060317460279163466,16.02927298270702,702.3811701317716,Normal
2025-06-06,0.014466140625183511,0.01468547820248792,13629.224251523156,50.78433957222809,25003.05,1.555642786862907,14.63,-0.02984084880636595,0.08239389914960614,15.562848655138016,742.974887941697,Normal
2025-06-09,0.0033175952533776444,0.014090325318209706,2917.6975481513873,64.33248113656747,25103.2,3.060890886508307,14.69,0.004101161995898828,0.06083390289758439,15.271899103425344,945.044147896176,Normal
2025-06-10,0.005730345135279217,0.008283450324307466,6448.958357414603,45.44350861149673,25104.25,2.3206455862917124,14.02,-0.045609257998638575,0.054969366878850054,14.854599402283565,637.1179907331841,Normal
2025-06-11,0.005620562255392851,0.008789681821532,1311.7001646310434,43.642533935664524,25141.4,2.0222773198719293,13.67,-0.024964336661911557,0.0426176889852941,14.459732934855712,596.593438900534,Normal
2025-06-12,0.014728694503880133,0.016472582204633313,23829.641845246133,29.46966806517328,24888.2,0.6938924588483792,14.02,0.02560351133869787,0.08357717623732468,14.313155289903808,413.1647462737294,Normal
2025-06-13,0.011304553965328368,0.013242745021073903,13373.008297614128,63.15562270598749,24718.6,-1.2603224944091076,15.08,0.07560627674750364,0.13980028520698973,14.568770193269206,952.3867904062913,Normal
2025-06-16,0.010659988834314783,0.01686375099795549,8203.314923703063,37.70734032375868,24946.5,0.19916561397543628,14.84,-0.01591511936339529,0.061007957519225484,14.659180128846138,559.5769304045788,Normal
2025-06-17,0.006748441665160686,0.016930441315387564,6296.085945421484,14.780709521105337,24853.4,0.22440431067365216,14.4,-0.029649595687331498,0.048685983794686,14.572786752564092,212.84221710391685,Normal
2025-06-18,0.00793050447825727,0.016410459440067263,1621.5627575193503,26.146752523632536,24812.05,-0.0982595565379877,14.28,-0.008333333333333415,0.04947916663230616,14.475191168376062,373.3756260374726,Normal
2025-06-19,0.0052272988326214406,0.013504701537805313,1625.104859343306,13.198020801510555,24793.25,-0.37859732423901493,14.26,-0.0014005602240896309,0.044117647027928746,14.403460778917374,188.20377662954053,Normal
2025-06-20,0.014219596059405567,0.016475940303454364,21233.931263131384,28.380069183361503,25112.4,0.928841560444835,13.67,-0.04137447405329597,0.0653927068265129,14.158973852611584,387.95554573655176,Normal
2025-06-23,0.009244437011194031,0.016356174662378452,1672.3010694217173,33.261886203777216,24971.9,0.3903544026006511,14.05,0.027798098024871987,0.06291148495763615,14.122649235074391,467.3295011630699,Normal
2025-06-24,0.012734313368220786,0.01568145390695941,6343.428156670806,54.14342225322931,25044.35,1.4708912141120254,13.64,-0.02918149466192177,0.07366548037461532,13.961766156716262,738.5162795340478,Normal
2025-06-25,0.005659959232319601,0.016175237991020656,5721.932949528785,30.462724935376674,25244.75,1.8749772547814259,12.96,-0.04985337243401755,0.054435483831059006,13.627844104477509,394.7969151624817,Normal
2025-06-26,0.012097564840209423,0.017025587232100927,12199.910395303275,62.91629162845517,25549.0,2.8192321523131207,12.59,-0.028549382716049454,0.06288580242061276,13.281896069651673,792.1161116022506,Normal
2025-06-27,0.005113703080353451,0.01475858981973162,2598.865275561012,57.50760780735543,25637.8,2.8146278158592812,12.39,-0.015885623510722757,0.047656870494315405,12.984597379767784,712.5192607331338,Normal
2025-06-30,0.007646911981524265,0.014035691822377759,7145.138085598666,52.08960988718308,25517.05,2.035648137309215,12.79,0.03228410008071014,0.051654560087445914,12.919731586511858,666.2261104570715,Normal
2025-07-01,0.003589756652903305,0.014411714173821978,1043.0926817834784,9.239780061935742,25541.8,1.6534094965463628,12.53,-0.020328381548084473,0.04339327596294503,12.789821057674573,115.77444417605483,Normal
2025-07-02,0.008979398476219716,0.014940133348855003,14758.03136997849,33.52030947710778,25453.4,1.181809613307414,12.45,-0.006384676775738285,0.02573822823165343,12.676547371783048,417.3278529899918,Normal
2025-07-03,0.007981252013480385,0.007453834973636052,15789.462974274506,23.478343827065622,25405.3,0.9478768581754186,12.39,-0.004819277108433662,0.037751003985742215,12.5810315811887,290.89668001734304,Normal
2025-07-04,0.005455554549639012,0.006515641187603542,4262.124133052954,30.77394501784616,25461.0,0.6898625313546354,12.32,-0.005649717514124353,0.0369249394375101,12.494021054125803,379.1350026198647,Normal
2025-07-07,0.0032422135815548033,0.005043543329827936,2650.235029517217,7.812868253409519,25461.3,0.6980808543691398,12.56,0.01948051948051943,0.06899350643750524,12.51601403608387,98.12962526282357,Normal
2025-07-08,0.004866208716756378,0.005703475992339348,20540.82585796802,7.274308071083922,25522.5,0.7832532131510106,12.2,-0.02866242038216571,0.05214968148714206,12.410676024055915,88.74655846722385,Normal
2025-07-09,0.0048721716132805746,0.004650091152753127,9094.249723688496,23.715235791302714,25476.1,0.6269436703084161,11.94,-0.021311475409836023,0.049590163893778585,12.253784016037276,283.1599153481544,Normal
2025-07-10,0.0072067545660413675,0.0066735053024440235,17444.992718687103,5.7890471227087055,25355.25,0.024423418093929544,11.67,-0.022613065326633097,0.04815745389601547,12.059189344024851,67.5581799220106,Normal
2025-07-11,0.0076295836168022175,0.009165907677293837,7205.425709660025,55.166604267031076,25149.85,-2.073888886030734,11.82,0.01285347043701801,0.05034275916851523,11.979459562683235,652.0692624363073,Normal
2025-07-14,0.005930452865521604,0.00864248033146178,4326.980984340936,75.56350625982901,25082.3,-3.0685787410657572,11.98,0.013536379018612488,0.05097292719883839,11.97963970845549,905.2508049927516,Normal
2025-07-15,0.006249426886686528,0.010382364292341843,6942.312626250844,45.402192085353505,25195.8,-2.0911108266830247,11.48,-0.04173622704507507,0.051752921492693796,11.813093138970327,521.2171651398583,Normal
2025-07-16,0.005328268997211706,0.010883801318402418,1966.6589990365658,5.119874523747836,25212.05,-1.5012794748705915,11.24,-0.020905923344947785,0.04094076651486001,11.622062092646885,57.54738964692567,Normal
2025-07-17,0.005447791829698262,0.01067671616236888,13023.70805169732,19.36708860714954,25111.45,-1.4692108323835704,11.24,0.0,0.07250889673264344,11.494708061764591,217.68607594436082,Normal
2025-07-18,0.008997887417887342,0.00909008470218572,13565.02269586362,38.64938197088454,24968.4,-1.9322464167492925,11.39,0.013345195729537407,0.17437722404414827,11.459805374509727,440.21646064837495,Normal
2025-07-21,0.009175597955812563,0.010795157231634043,6287.298113989456,40.302160701548054,25090.7,-1.5452837915167497,11.2,-0.01668129938542595,0.07506584716851114,11.373203583006486,451.38419985733816,Normal
2025-07-22,0.005836824002516564,0.00925384486533313,8975.177403307882,24.621778885709062,25060.9,-1.0195330863844052,10.75,-0.0401785714285714,0.048214285671237166,11.165469055337658,264.68412302137244,Normal
2025-07-23,0.00590561392447761,0.01193742292772014,6480.0617719612,15.64352823103745,25219.9,-0.4068647502612665,10.52,-0.021395348837209394,0.04953488367485116,10.950312703558438,164.56991699051397,Normal
2025-07-24,0.009022636885947566,0.013064080330884532,13140.709777000133,10.117087449503787,25062.1,-0.7955075018224578,10.72,0.019011406844106515,0.11763307973609029,10.873541802372294,108.4551774586806,Normal
2025-07-25,0.008139780784527977,0.015004270968703243,8031.706901393466,34.70803476086772,24837.0,-2.2961694485136657,11.28,0.05223880597014907,0.09048507454245784,11.009027868248197,391.50663210258784,Normal
2025-07-28,0.009767685308205681,0.013574372254320366,4718.067851311358,60.46287367322693,24680.9,-2.913502508585099,12.06,0.0691489361702129,0.1688829785736854,11.359351912165465,729.1822564991168,Normal
2025-07-29,0.010070540377372875,0.01634770928926392,10094.435837287128,56.24581603887732,24821.1,-2.350611801668041,11.53,-0.04394693200663358,0.07462686560976216,11.416234608110312,648.5142589282555,Normal
2025-07-30,0.005251580308686804,0.013763775085608498,2651.260222189791,24.553499597352523,24855.05,-1.4205531104997302,11.21,-0.027753686036426584,0.1008239374667615,11.347489738740208,275.2447304863218,Normal
2025-07-31,0.012934997113257492,0.013184721724629839,11967.888556280432,18.532267275578157,24768.35,-1.5057901157684028,11.54,0.02943800178412115,0.08162355032861406,11.411659825826806,213.8623643601719,Normal
2025-08-01,0.010057189921811571,0.01270473044421174,12990.379917018472,25.929096226180256,24565.35,-2.0225501639071415,11.98,0.03812824956672456,0.06130849214791288,11.601106550551204,310.6305727896395,Normal
2025-08-04,0.0074189864992734,0.013870260358907672,7003.258883258283,31.46709171771987,24722.75,-1.4970240111950366,11.97,-0.0008347245409014992,0.06907345570194207,11.724071033700804,376.66108786110686,Normal
2025-08-05,0.005776056466207906,0.012328548177957385,4025.235821250781,17.40834276726633,24649.55,-1.389582496748394,11.71,-0.02172096908939014,0.04490392644536009,11.719380689133871,203.85169380468875,Normal
2025-08-06,0.00536318107226895,0.011884543774201327,5404.384958125391,11.175505740597265,24574.2,-1.560369069520762,11.96,0.021349274124679685,0.11870196403185132,11.799587126089248,133.65904865754328,Normal
2025-08-07,0.011803029193214071,0.012123273382716473,19092.99985129629,43.5625165906808,24596.15,-1.7125878965172765,11.69,-0.022575250836120553,0.06291806014806177,11.7630580840595,509.24581894505855,Normal
2025-08-08,0.010082878824527382,0.013047539837232868,13486.618524212137,37.12733147250492,24363.3,-1.9951592325866496,12.03,0.029084687767322537,0.11120615901522132,11.852038722706334,446.6417976142342,Normal
2025-08-11,0.010400889863027332,0.015221168222678608,10972.689070821792,23.232763994225063,24585.05,-1.3846322464771095,12.22,0.015793848711554537,0.057980049827115486,11.974692481804222,283.9043760094303,Normal
2025-08-12,0.009637971043373949,0.015408283722734747,3369.4651261520758,14.746328437720026,24487.4,-1.013773185137329,12.23,0.0008183306055646877,0.06771685755505975,12.059794987869482,180.34759679331592,Normal
2025-08-13,0.005280266586078819,0.016481772538449676,1795.558101365315,17.543071160785846,24619.35,-0.46547311715436973,12.14,-0.007358953393295176,0.1287816842773657,12.08652999191299,212.97288389194017,Normal
2025-08-14,0.0031174665456224,0.016471217312910284,2442.6629084626493,22.583273912141184,24631.3,-0.046144813040300006,12.36,0.01812191103789118,0.08216639202457467,12.177686661275327,279.129265554065,Normal
2025-08-18,0.0068672786251611885,0.013197881763084405,3865.0924125994266,55.4529941040112,24876.95,2.5677289724197148,12.34,-0.0016181229773462036,0.1387540451951828,12.231791107516885,684.2899472434982,Normal
2025-08-19,0.005575442327131942,0.011747733644023473,6105.147584882275,58.97055184263017,24980.65,2.3985875204685034,11.79,-0.044570502431118375,0.04700162070745412,12.084527405011258,695.2628062246097,Normal
2025-08-20,0.006364926453072131,0.007893635047641992,5003.017675138076,61.65020336923764,25050.55,2.4878403200238886,11.79,0.0,0.15309584380568628,11.98635160334084,726.8558977233117,Normal
2025-08-21,0.0039420292169218074,0.008392307080288508,7024.83184835839,35.17964071768488,25083.75,2.3314144505663776,11.37,-0.03562340966921118,0.15309584380568628,11.780901068893893,399.9925149600771,Normal
